Date,Symbol,Open,High,Low,Close,PrevClose,Volume,Turnover,Daily_Return_%
08-07-1996,RELIANCE,190.95,207,186.55,188.55,0,12419900,2346951490,inf
18-05-2009,RELIANCE,2147,2535,2101.25,2367.55,1950.7,52820,124406277.3,21.36925206
16-07-1996,RELIANCE,200,217.15,200,216.85,179.55,30655050,6372444845,20.77415762
25-03-2020,RELIANCE,963.8,1151.55,963.25,1082.25,943.4,33433126,35221338455,14.71804113
31-10-2008,RELIANCE,1264.95,1394.95,1235.35,1375.45,1201.75,10466939,14003484091,14.45392136
01-03-1997,RELIANCE,301.95,313.75,299.1,309.9,272.2,14948700,4556147683,13.85011021
31-10-2002,RELIANCE,237.05,269.4,237.05,265.5,234.4,36393864,9237610494,13.26791809
19-04-2001,RELIANCE,329.95,378.6,329.95,369.75,327.2,10637686,3789900921,13.00427873
07-04-2020,RELIANCE,1102.1,1214,1100,1206.1,1077.45,24859057,28867992304,11.94022924
09-06-2006,RELIANCE,815,929.2,815,922.75,825.7,11297369,10115178636,11.75366356
22-02-2017,RELIANCE,1093,1211.65,1092,1207.5,1088.2,29103926,34279184225,10.96305826
20-03-2020,RELIANCE,939.5,1034.9,930,1017.95,917.7,28967526,28503444362,10.92404925
02-02-1996,RELIANCE,188.75,206,188.75,203.8,183.85,29231000,5742382745,10.85123742
23-02-1995,RELIANCE,250,268.5,250,266.6,240.75,625850,163345252.5,10.73727934
22-04-2020,RELIANCE,1320,1384.9,1300,1363.6,1237.35,65230894,87505942711,10.20325696
10-10-1997,RELIANCE,386.7,421.7,386.7,421.5,383.35,30093250,12441973915,9.951741229
26-09-2001,RELIANCE,209.9,227.3,209.9,227.15,206.6,6554659,1446905931,9.946757018
19-11-2001,RELIANCE,284.1,305.9,284.1,305.25,278.05,5072690,1518135902,9.782413235
10-12-2008,RELIANCE,1148.7,1234,1137,1227.2,1118.55,7518930,8932653862,9.71346833
13-08-2019,RELIANCE,1233.15,1302.8,1226,1274.75,1162.1,47923444,61092901704,9.693658033
29-10-1997,RELIANCE,348.85,375.1,348.85,374.15,341.15,17027850,6252887093,9.673164297
17-05-1995,RELIANCE,250.75,261.45,250,260.75,237.95,1636500,420298845,9.581844925
14-01-2009,RELIANCE,1091.1,1218,1091.1,1179.75,1077.55,6550391,7508946863,9.484478678
28-09-2001,RELIANCE,244,265.9,238.5,264.6,241.7,10410047,2656251150,9.474555234
09-03-1998,RELIANCE,166.7,182.15,166.7,180.8,165.75,18901050,3300487043,9.079939668
30-01-1996,RELIANCE,171,189,168.5,180.7,165.8,37914350,6625773493,8.986731001
28-02-1997,RELIANCE,291.25,299,286,293.75,269.7,5895150,1719686908,8.917315536
01-05-1996,RELIANCE,267,269.9,264.25,266.05,244.65,17689800,4711098478,8.747189863
08-02-1996,RELIANCE,208.1,227.65,206,224,206,29335550,6281309898,8.737864078
30-11-1995,RELIANCE,200,227.5,199.5,224.3,206.35,15042850,3218377705,8.698812697
04-12-2008,RELIANCE,1084,1170,1050.1,1159.1,1069.1,9266428,10323389314,8.418295763
05-02-1996,RELIANCE,215,225.2,208.55,220.75,203.8,43646350,9446066230,8.316977429
04-01-2002,RELIANCE,301,325.75,298,321.05,296.45,4477725,1402370247,8.298195311
23-01-2008,RELIANCE,2420,2825,2400,2550.7,2357.45,7329351,18450554125,8.1974167
24-04-1996,RELIANCE,247.1,258.1,246.2,255.3,236.15,19097550,4787504233,8.109252594
31-03-2020,RELIANCE,1073.95,1129.8,1048,1113.75,1030.45,20249909,22140676569,8.083846863
04-05-1999,RELIANCE,134.95,145.25,134.75,145.25,134.45,7436390,1046784533,8.03272592
29-04-1999,RELIANCE,124.25,133.95,124.25,133.95,124,10829764,1402840080,8.024193548
14-05-1999,RELIANCE,170.25,183.1,167.75,183.1,169.5,21714025,3836312296,8.02359882
16-04-1999,RELIANCE,118,126.7,118,126.7,117.3,2698018,330861495.7,8.013640239
26-10-1998,RELIANCE,107.9,115.25,107.9,115.25,106.7,6971000,799342847.5,8.0131209
11-05-1999,RELIANCE,155,166.6,154.25,166.6,154.25,14313089,2317370635,8.006482982
15-03-2000,RELIANCE,224,236.75,216,236.75,219.2,5711222,1326308622,8.006386861
04-01-2000,RELIANCE,258.4,271.85,251.3,271.85,251.7,9487878,2500221907,8.005562177
28-03-2000,RELIANCE,263.1,280.65,263.1,280.65,259.85,7026761,1912342172,8.004618049
31-03-2000,RELIANCE,297,316.45,280.1,316.45,293,19704184,5988783309,8.003412969
03-01-2000,RELIANCE,237.5,251.7,237.5,251.7,233.05,4456424,1111319144,8.002574555
07-04-2000,RELIANCE,329.8,352.25,329.8,352.25,326.15,11686144,4059224977,8.002452859
18-02-1999,RELIANCE,123,131.6,122.1,131.6,121.85,11075050,1418337255,8.001641362
27-03-2000,RELIANCE,243,259.85,243,259.85,240.6,4141666,1057782817,8.000831255
31-05-1999,RELIANCE,160.7,167.4,160.15,167.4,155,10120316,1678065570,8
08-01-1999,RELIANCE,133,140.4,131.4,140.4,130,17842900,2420539508,8
30-03-2000,RELIANCE,269,293,258.3,293,271.3,17168324,4779604396,7.998525617
20-08-1998,RELIANCE,110.8,118.3,109.5,118.25,109.5,11203850,1277662953,7.99086758
24-09-1999,RELIANCE,197.3,209.05,196.65,209,193.55,17114126,3517929157,7.98243348
04-09-1998,RELIANCE,106.95,114.75,106.95,114.7,106.25,14692200,1646565070,7.952941176
22-12-1999,RELIANCE,225.75,237.15,225,237,219.55,9955733,2312479055,7.948075609
06-04-2000,RELIANCE,303,326.45,302.55,326.15,302.25,16239068,5082673569,7.907361456
23-10-2007,RELIANCE,2470,2614,2455,2599.85,2410.05,4880073,12440523285,7.875355283
14-03-2000,RELIANCE,205.5,219.5,197.15,219.2,203.2,10106318,2145437329,7.874015748
29-01-1996,RELIANCE,153,167.25,152.05,165.8,153.7,23310600,3744571125,7.872478855
08-06-1999,RELIANCE,180,195,177.25,195,180.8,11239083,2071760006,7.853982301
26-04-2000,RELIANCE,340,358.65,340,357.95,332.05,16998445,5993213415,7.800030116
20-04-2006,RELIANCE,935,999.7,935,992.55,921.8,14912419,14460183035,7.675200694
09-04-1998,RELIANCE,188.9,202.65,188.9,199.45,185.35,10915150,2175988398,7.607229566
02-11-1999,RELIANCE,215,235.3,212.5,234.3,217.85,9213025,2083378487,7.551067248
21-03-2001,RELIANCE,376.5,403.25,365.25,401.3,373.35,3322003,1292657392,7.486272934
19-02-1999,RELIANCE,134.4,142.15,134.1,141.4,131.6,16287950,2274862288,7.446808511
23-03-2009,RELIANCE,1354,1450,1354,1438.45,1339.2,4971588,6973223692,7.41114098
20-10-1999,RELIANCE,244,252.1,239.15,250.65,233.4,16809507,4148788188,7.390745501
09-10-2007,RELIANCE,2331,2618.85,2197.7,2600,2421.2,4137315,10441224105,7.384767884
20-04-2000,RELIANCE,313,340.05,309.25,337.75,314.85,19387991,6263632852,7.273304748
18-05-2004,RELIANCE,430,457.9,410.1,433.7,404.3,13502105,5901666454,7.271827851
29-05-2000,RELIANCE,318.5,347.45,318,339.45,316.45,11805354,3963774932,7.268130826
14-11-2007,RELIANCE,2730,2899,2730,2888.45,2693.1,6131511,17248735053,7.253722476
21-03-1996,RELIANCE,205,213.1,205,210.9,196.8,23937450,5019006760,7.164634146
21-03-1996,RELIANCE,205,213.1,205,210.9,196.8,23937450,5019006760,7.164634146
23-08-1999,RELIANCE,178,188.65,178,187.15,174.65,14151948,2599625486,7.157171486
10-09-2020,RELIANCE,2183.1,2344.95,2175.35,2314,2161.35,64751766,1.47E+11,7.062715432
28-10-2008,RELIANCE,1170,1170,1120,1153,1077,1550317,1778062301,7.056638812
04-08-2020,RELIANCE,2020.6,2167,2000.25,2150.6,2009,42477225,89120494925,7.048282728
29-01-2024,RELIANCE,2729,2905,2720.35,2896.1,2706.15,11946719,33955652629,7.019197014
15-01-1997,RELIANCE,235,247.3,233.55,247.3,231.1,13117950,3188144253,7.009952402
11-12-1996,RELIANCE,180.45,192.3,180.45,192.25,179.7,7302800,1377238078,6.983861992
21-04-1997,RELIANCE,281.5,299.3,281.1,299.2,279.7,14540950,4206485820,6.971755452
01-12-1995,RELIANCE,231.25,248,231.25,239.75,224.3,19070700,4543207318,6.8880963
07-01-2000,RELIANCE,295,317.9,293,314.55,294.35,19870977,6138387657,6.862578563
13-03-2009,RELIANCE,1229.9,1293.8,1226,1284.25,1202,4113560,5182067686,6.842762063
22-01-1997,RELIANCE,237,246.5,237,246.1,230.35,10437750,2545857198,6.837421315
10-11-2008,RELIANCE,1250.3,1308.75,1235,1303.1,1220.75,4959086,6335988668,6.745852959
24-03-2020,RELIANCE,930,970,895.8,943.4,884.05,20919322,19556500214,6.713421187
13-05-1999,RELIANCE,164,170.35,162.25,169.5,159,14296069,2371501398,6.603773585
03-06-1998,RELIANCE,160,166.9,158.55,165.8,155.55,10481500,1713671855,6.589521054
16-01-2009,RELIANCE,1151,1231,1139.9,1217.35,1142.35,6661824,7975847898,6.565413402
24-05-2002,RELIANCE,260.3,274,260.3,270.6,254.05,3191087,850865633.3,6.514465656
06-11-1998,RELIANCE,111.45,119.9,111.45,118.45,111.25,17528150,2029979458,6.471910112
21-11-2008,RELIANCE,1065,1156,1032.1,1124.35,1056.05,8694181,9484161911,6.467496804
01-11-1995,RELIANCE,244,259.85,243.25,257.7,242.15,8328900,2083964808,6.42163948
27-09-2001,RELIANCE,214.95,244.8,214.95,241.7,227.15,9596340,2286465588,6.405458948
20-09-2019,RELIANCE,1187.95,1269.9,1174.3,1254.35,1179.05,22019674,27269067452,6.386497604
17-01-2006,RELIANCE,875.25,937,872.05,928.5,872.95,45149329,41262045741,6.363480154
26-11-2008,RELIANCE,1066.65,1147,1066.65,1138.9,1071.8,8489033,9359157503,6.260496361
19-06-2020,RELIANCE,1670,1788.8,1662,1759.4,1655.9,48828852,84344321447,6.250377438
09-10-1997,RELIANCE,364.25,385.9,363.25,383.35,360.9,20416000,7635395645,6.220559712
25-11-1997,RELIANCE,147.5,160.4,147.1,157.5,148.3,15819350,2472754670,6.203641268
05-01-2009,RELIANCE,1299,1377,1295.1,1365.85,1286.4,5506969,7356501459,6.176150498
01-01-1997,RELIANCE,209.5,220.5,209.5,219.4,206.65,10098300,2186813138,6.169852407
29-09-1999,RELIANCE,229,240.4,227,239,225.15,19356538,4553600781,6.151454586
27-01-2009,RELIANCE,1186,1233.45,1170,1225.95,1156.15,4483385,5419586096,6.0372789
19-09-2008,RELIANCE,1981,2071.95,1960,2055.1,1938.25,5157010,10410448545,6.028634077
25-11-2021,RELIANCE,2373,2502,2357.15,2492.95,2351.4,19568487,47994998311,6.019817981
13-02-1996,RELIANCE,220,244.15,218.1,235.5,222.15,36382650,8209110928,6.009453072
28-05-2021,RELIANCE,1990,2105,1990,2094.8,1976.1,26060864,53878791590,6.006781033
14-10-1998,RELIANCE,105.6,110.5,104.7,109.65,103.45,8844200,949097477.5,5.993233446
17-06-1998,RELIANCE,148.25,156.7,148.25,153.6,145,5823450,893981867.5,5.931034483
29-12-1999,RELIANCE,226.25,240,225,236.9,223.65,4455975,1046156604,5.924435502
19-04-1999,RELIANCE,122.95,131.8,121.55,129.15,122,7709494,982763482.3,5.860655738
06-08-2012,RELIANCE,748.05,789.4,748.05,786.05,742.55,8545516,6648891343,5.858191368
20-05-2022,RELIANCE,2512.5,2644.4,2502,2624.45,2479.85,10057508,25840801772,5.830997843
23-10-1996,RELIANCE,212.2,214.7,209,213.5,201.75,11475300,2432009370,5.824039653
01-03-2001,RELIANCE,416,446,416,438.2,414.1,15937433,6985336603,5.819850278
09-02-1996,RELIANCE,232,242,224.1,237,224,35504550,8289983260,5.803571429
08-10-2018,RELIANCE,1050,1117,1025.55,1109.4,1048.85,24679428,26704181032,5.772989465
08-10-2018,RELIANCE,1050,1117,1025.55,1109.4,1048.85,24679428,26704181032,5.772989465
21-10-1999,RELIANCE,260.9,269,253.2,265.1,250.65,21368760,5609116808,5.765010971
07-03-2014,RELIANCE,825,874,825,869.4,822.45,7679752,6569368606,5.708553711
29-05-1996,RELIANCE,233.05,244.5,233.05,241.25,228.25,18374350,4360091105,5.69550931
27-07-2000,RELIANCE,326,350.8,322.1,344.05,325.6,8614501,2907208027,5.666461916
27-01-1995,RELIANCE,245,261,242,256.2,242.5,316250,79687285,5.649484536
27-10-2008,RELIANCE,1027.15,1090,930,1077,1019.5,9895825,10038773739,5.640019617
19-10-2015,RELIANCE,941,965.5,941,963.5,912.15,7658875,7326705951,5.629556542
19-09-2007,RELIANCE,2135,2182.8,2079.95,2173.9,2058.05,3308060,7079821327,5.629114939
04-11-2009,RELIANCE,1850,1928,1832.7,1920.7,1818.55,4567661,8653036791,5.617112535
19-06-1997,RELIANCE,321,344,319.55,341.9,323.75,20688800,6892758900,5.606177606
21-10-2008,RELIANCE,1350,1425,1323.5,1394.95,1320.9,6723686,9344064862,5.606026194
03-06-2024,RELIANCE,2966,3029,2918,3020.65,2860.8,10763971,32055904968,5.587597875
07-02-2002,RELIANCE,292,317.9,291.95,307.95,291.7,8115843,2498792597,5.570791909
15-07-1996,RELIANCE,169,188,166.1,179.55,170.1,51729750,9289988405,5.555555556
31-03-1999,RELIANCE,129,132.45,128.1,130.4,123.55,4675548,610254781.3,5.544314043
25-03-2009,RELIANCE,1450,1549,1450,1532.2,1452.45,9567684,14365683304,5.490722572
18-04-1996,RELIANCE,238.5,245.25,236.65,244,231.3,24500850,5903571065,5.490704712
23-07-2008,RELIANCE,2170,2279,2170,2267.3,2152.15,5049840,11284991512,5.35046349
14-09-2012,RELIANCE,813,845.7,809.55,841.75,799.15,8300472,6898402872,5.33066383
21-12-1995,RELIANCE,205.25,212.95,204.25,211.5,200.8,11810000,2452729260,5.328685259
17-04-1997,RELIANCE,269,280.85,267.8,279.7,265.55,12869650,3546760523,5.328563359
14-02-2008,RELIANCE,2450,2533,2450,2516.75,2389.5,2879421,7202261796,5.325381879
27-05-2013,RELIANCE,802.75,832.8,801,828.3,786.45,4333130,3554022410,5.321380889
09-03-2022,RELIANCE,2236,2367,2234.15,2354.1,2235.5,9421163,21822706478,5.305300828
24-01-1997,RELIANCE,252,261.15,252,259.1,246.1,18576950,4772248315,5.282405526
12-05-2009,RELIANCE,1849.95,1975.4,1843,1959.9,1861.6,4585587,8720033827,5.280403954
22-02-1996,RELIANCE,223,231,221.05,229.45,217.95,21905900,4967240538,5.27643955
28-04-2025,RELIANCE,1340,1374.6,1320.2,1368.8,1300.4,31104496,42147123069,5.259920025
02-02-1995,RELIANCE,259,275.9,254,274.75,261.05,439600,117200007.5,5.248036775
20-06-1997,RELIANCE,346.05,365.5,345.5,359.7,341.9,25444500,9093866323,5.206200643
16-06-1999,RELIANCE,176.9,184.5,173.15,182.2,173.2,12063020,2150858674,5.19630485
23-02-1999,RELIANCE,130.55,137.95,130,137.8,131,11517650,1542895443,5.190839695
25-03-2008,RELIANCE,2215,2324.95,2215,2313.8,2200.25,3115010,7124402401,5.160777184
04-09-2000,RELIANCE,338.9,356.75,338.25,353.9,336.55,7875701,2755209687,5.15525182
12-03-1996,RELIANCE,219.5,238,218.5,231.15,219.85,28669950,6443983195,5.139868092
18-06-2015,RELIANCE,932.55,982,932.5,978.95,931.2,11284420,10905086761,5.127792096
30-06-2006,RELIANCE,1024.9,1064,1024.9,1059.85,1008.35,5951444,6251550970,5.107353597
25-01-2008,RELIANCE,2575,2625,2525,2615.4,2488.9,2996462,7743560900,5.082566596
18-01-2012,RELIANCE,762,787.9,758.05,779.75,742.05,9248756,7150212526,5.080520181
08-05-2006,RELIANCE,1115,1169,1112,1155,1099.25,7762822,8911455165,5.071639754
02-04-2009,RELIANCE,1610,1680,1602.25,1661.35,1581.25,5489146,9066726560,5.065612648
15-04-1998,RELIANCE,195.5,199.9,194,198.75,189.2,6433300,1268020475,5.04756871
20-06-2005,RELIANCE,625,645.7,616.35,630.5,600.25,24100425,15236937897,5.039566847
09-07-2008,RELIANCE,2000,2094.95,2000,2079.15,1979.45,3520252,7216716950,5.036752633
21-08-1996,RELIANCE,204.8,209.4,203.5,209.4,199.4,11025750,2296664035,5.015045135
27-09-2011,RELIANCE,774,800.7,772,797.2,759.2,5039564,3966997013,5.005268704
20-07-2009,RELIANCE,1960,2039,1950,2033.3,1937.05,4118480,8276926569,4.968896002
20-07-2009,RELIANCE,1960,2039,1950,2033.3,1937.05,4118480,8276926569,4.968896002
05-12-2001,RELIANCE,305.15,315.8,304,313.3,298.5,3263776,1007715010,4.958123953
29-08-2011,RELIANCE,731.1,759.9,728.35,755.05,719.4,4186930,3130084705,4.955518488
29-08-2011,RELIANCE,731.1,759.9,728.35,755.05,719.4,4186930,3130084705,4.955518488
19-07-1996,RELIANCE,233.45,242.95,233.45,242.8,231.35,14051100,3397659595,4.949211152
19-07-1996,RELIANCE,233.45,242.95,233.45,242.8,231.35,14051100,3397659595,4.949211152
19-04-2000,RELIANCE,307.7,324.05,303.1,314.85,300.05,16293725,5125024047,4.932511248
03-05-1995,RELIANCE,230.05,244,225.55,242.25,230.95,994850,233339325,4.892833947
29-10-2002,RELIANCE,225.5,232.5,224.1,230.55,219.8,5708486,1307550272,4.890809827
02-07-2008,RELIANCE,2039.7,2183,1990,2144,2044.15,6945445,14344465462,4.88467089
02-06-1999,RELIANCE,168.5,174.4,165.1,174.15,166.05,13252801,2245906774,4.87804878
18-09-1996,RELIANCE,195,207.5,194.75,205.35,195.8,7278000,1464803560,4.877425945
26-06-2008,RELIANCE,2145,2259.9,2136,2239.55,2136,9536641,21149581046,4.847846442
21-12-2011,RELIANCE,727,753.75,722.7,748,713.45,4563405,3349022527,4.842665919
07-01-1999,RELIANCE,124.45,131.75,124.3,130,124,16953950,2174071505,4.838709677
18-07-1996,RELIANCE,223.95,231.75,223.95,231.35,220.7,30297400,6955395428,4.825555052
03-11-2008,RELIANCE,1439,1455,1397.1,1441.7,1375.45,7050582,10043263514,4.816605475
22-06-2000,RELIANCE,330.35,349.8,323.25,345,329.15,19142742,6459311945,4.815433693
20-12-2013,RELIANCE,872,898,862.1,895.15,854.05,4687926,4119439066,4.812364616
09-09-1999,RELIANCE,190.9,200.4,190,199.35,190.2,18497991,3611877375,4.810725552
25-02-2008,RELIANCE,2495,2565,2410.05,2551.45,2434.45,1853574,4616447118,4.806013679
29-10-2007,RELIANCE,2765,2845,2735,2827.9,2698.3,4509529,12646184214,4.803024126
17-04-2020,RELIANCE,1216,1230,1192.65,1224,1168.05,15209707,18375116205,4.790034673
25-11-1996,RELIANCE,177.25,190.3,173.75,186.35,177.85,12755750,2300869955,4.779308406
02-08-2005,RELIANCE,711.9,746.45,711,741.45,707.75,9092585,6652688607,4.76156835
07-10-1998,RELIANCE,111,115,111,114.55,109.35,7141800,810456437.5,4.755372657
27-02-2017,RELIANCE,1190.5,1256.8,1190.35,1238.9,1182.75,19068911,23683416514,4.747410695
22-07-2004,RELIANCE,444,457.95,438,454.9,434.3,10430233,4679864676,4.743265024
30-12-2003,RELIANCE,537,580,535.25,562.7,537.25,12317141,6874324302,4.737087017
01-03-2002,RELIANCE,308,324.7,305.25,322.3,307.85,4515666,1442772540,4.693844405
18-07-2008,RELIANCE,1990,2127,1990,2113.2,2018.55,3849669,7927630047,4.689009437
27-01-2000,RELIANCE,329,336.8,322.7,334.95,319.95,15014556,4979863481,4.688232536
07-10-2011,RELIANCE,786.7,808,784.9,802.9,767,4551326,3619813490,4.680573664
18-04-2006,RELIANCE,853.8,895.75,853.8,891.3,851.45,8211163,7208119723,4.680251336
13-12-1995,RELIANCE,204.15,211,204.15,210.1,200.75,10456100,2170997705,4.657534247
12-07-2006,RELIANCE,1036.2,1100,1011.1,1098.05,1049.2,7344439,7903552952,4.655928326
22-10-1998,RELIANCE,102.6,107.25,102.6,106,101.3,7514450,789029065,4.639684107
18-05-1995,RELIANCE,262.5,274,262.5,272.8,260.75,1463100,396834760,4.621284756
20-05-2019,RELIANCE,1313.6,1337.7,1303.5,1325.9,1267.4,12333937,16271303255,4.615748777
23-12-2009,RELIANCE,1025,1067.9,1021.4,1066.2,1019.2,4903897,5154978130,4.611459969
23-07-1997,RELIANCE,348,361.5,347.75,360.15,344.3,14504800,5159298528,4.603543421
18-10-2017,RELIANCE,877.4,917.9,875,914.5,874.35,16765178,15123276190,4.591982616
26-12-1996,RELIANCE,204,210.75,204,209.75,200.55,5166900,1077174295,4.587384692
26-12-1996,RELIANCE,204,210.75,204,209.75,200.55,5166900,1077174295,4.587384692
30-01-1995,RELIANCE,250,269,248,267.95,256.2,425600,110926380,4.586260734
12-01-2000,RELIANCE,289,305,282.15,301.7,288.5,12109507,3567081139,4.575389948
03-03-2021,RELIANCE,2121.05,2219.9,2107.2,2202.1,2106,14733134,31846213370,4.563152896
20-12-1996,RELIANCE,197.6,205.5,197.6,204,195.15,12818250,2588407233,4.534973098
03-10-2007,RELIANCE,2302,2440,2235,2395.9,2292.2,6704314,15885938156,4.524038042
10-05-2010,RELIANCE,1051,1082,1040,1079.4,1032.8,8697783,9285233867,4.512006197
17-06-2003,RELIANCE,309.75,322.9,308.7,321.1,307.25,9155674,2895874561,4.507729862
21-01-2019,RELIANCE,1194,1239.95,1188.65,1237.7,1184.35,22038534,26948045198,4.504580572
28-09-1999,RELIANCE,212.15,231.5,210.75,225.15,215.45,17167445,3790784525,4.502204688
01-04-1998,RELIANCE,177.5,183.5,177,182.85,175,8618000,1562794683,4.485714286
04-05-2009,RELIANCE,1851,1895,1840.3,1887.1,1806.25,4285511,8038627497,4.476124567
09-09-2009,RELIANCE,2075,2174.5,2062,2168.45,2075.6,6009262,12841928544,4.47340528
15-02-2016,RELIANCE,918,951.35,918,946.75,906.55,4407889,4142717540,4.434394132
14-09-1998,RELIANCE,118.3,123.5,118.3,122.85,117.65,12550300,1529806055,4.419889503
18-01-2019,RELIANCE,1148.8,1189.9,1135.25,1184.35,1134.45,25684142,29870001779,4.398607255
03-06-2005,RELIANCE,528,555.8,528,553.15,529.85,9390410,5114574284,4.397470982
06-02-2009,RELIANCE,1300,1350,1295.6,1344.85,1288.8,4341063,5770085227,4.349006828
26-09-2005,RELIANCE,750,783.5,750,780.25,747.75,6457657,4976198758,4.346372451
19-05-2004,RELIANCE,444.25,466,444.25,452.45,433.7,11520015,5233460415,4.32326493
22-01-2018,RELIANCE,948,974.3,940,971.5,931.3,20892838,20053133154,4.316546763
21-01-2000,RELIANCE,312.7,328.4,312,326.35,312.85,17137072,5519048153,4.315167013
04-05-2006,RELIANCE,1042,1120.8,1040,1080.2,1035.55,14186838,15394237189,4.311718411
31-03-2023,RELIANCE,2255,2343.45,2254.7,2331.05,2234.7,13001005,30107314075,4.311540699
02-03-1998,RELIANCE,160.8,168.25,160.8,167.1,160.2,8826500,1456234198,4.307116105
12-05-2025,RELIANCE,1400,1439,1400,1436.5,1377.2,10674081,15224970251,4.305837932
06-04-1999,RELIANCE,119,128.9,117.75,126.05,120.85,5891000,721927760.4,4.302854779
15-06-2006,RELIANCE,877,900,872.5,895.35,858.45,6000097,5311905225,4.298444872
24-07-2020,RELIANCE,2058,2163,2057.8,2146.15,2057.8,55656793,1.18E+11,4.293420157
07-11-2008,RELIANCE,1173,1239.8,1151.3,1220.75,1170.55,7157451,8619854016,4.28858229
07-10-1999,RELIANCE,238.65,253.5,238.65,248.15,238,19666326,4883718513,4.264705882
17-04-1996,RELIANCE,228,233.75,225.85,231.3,221.85,14638550,3353727208,4.259634888
17-05-2001,RELIANCE,368.9,385.05,368.9,382.55,366.95,5799635,2194146015,4.25126039
04-02-1997,RELIANCE,252.6,267.9,251.6,263.8,253.05,17401500,4536520703,4.248172298
10-01-2012,RELIANCE,712,739,712,736.2,706.25,4507724,3277927434,4.240707965
24-08-2006,RELIANCE,1060,1119.8,1052,1106.85,1061.9,5654802,6148858623,4.232978623
21-06-2006,RELIANCE,930,968.5,918,964.15,925,6496928,6159640357,4.232432432
03-03-2010,RELIANCE,988,1028,988,1024.8,983.2,6085791,6170736591,4.231082181
03-03-2015,RELIANCE,869,906.45,867.4,900.8,864.25,4717254,4217579279,4.229100376
29-10-2008,RELIANCE,1200,1217.9,1149,1201.75,1153,7771683,9243016209,4.228100607
22-07-2015,RELIANCE,1005,1053.95,1004.6,1050.4,1007.8,3956647,4113626833,4.227029172
23-01-2004,RELIANCE,539,561.25,531.75,557.85,535.25,9296411,5098888305,4.222326016
25-10-2000,RELIANCE,294,309.1,293.3,305.05,292.7,5484325,1655404872,4.219337205
12-03-2009,RELIANCE,1181,1214.6,1158,1202,1153.35,4864919,5824383506,4.218147137
30-01-2009,RELIANCE,1238,1330.8,1238,1323.6,1270.1,5559302,7197441281,4.212266751
02-08-1995,RELIANCE,274.5,278.65,272,277.15,265.95,2018550,555974385,4.211317917
03-04-2006,RELIANCE,801,833,801,828.8,795.35,5031936,4144011170,4.205695606
17-05-2022,RELIANCE,2435.1,2539.9,2432,2529.15,2427.2,7638666,19104526814,4.200313118
06-01-2000,RELIANCE,289,300.7,289,294.35,282.5,15682286,4633254041,4.194690265
12-07-2018,RELIANCE,1044.35,1099,1042.6,1082.35,1038.8,24109297,26045070533,4.192337312
03-05-2007,RELIANCE,1575,1630,1575,1626.15,1561.05,3685012,5898919109,4.170270011
29-05-1997,RELIANCE,281.9,296.2,280.9,294.25,282.55,18112100,5239671370,4.140860025
06-09-2011,RELIANCE,783.2,825.5,776.5,821.5,788.85,7162305,5740149347,4.138936426
15-11-1995,RELIANCE,233,250,231.25,242.25,232.65,6128050,1473978315,4.126370084
11-02-2021,RELIANCE,1980,2064.2,1972.25,2055.7,1974.3,19631870,39815594030,4.122980297
29-08-2013,RELIANCE,816,853.4,812.5,845.25,811.8,7049010,5885248680,4.120473023
29-08-2013,RELIANCE,816,853.4,812.5,845.25,811.8,7049010,5885248680,4.120473023
26-06-2024,RELIANCE,2892.1,3037.95,2890.25,3028.05,2908.3,11007441,32850999299,4.117525702
21-09-2007,RELIANCE,2184,2299,2181.1,2280.45,2190.3,2888883,6480462616,4.115874538
27-12-2005,RELIANCE,835,869.9,828.15,866.9,832.7,5892643,5012395779,4.107121412
27-12-2005,RELIANCE,835,869.9,828.15,866.9,832.7,5892643,5012395779,4.107121412
29-10-2018,RELIANCE,1046,1093.85,1046,1087.8,1044.9,7671807,8205700905,4.105656044
03-09-2021,RELIANCE,2310,2395,2302.5,2388.5,2294.4,14151629,33345403716,4.101290098
27-01-2004,RELIANCE,562.05,583.4,560.35,580.65,557.85,7072111,4044701014,4.087120194
17-01-2012,RELIANCE,716,744.4,716,742.05,712.95,5197636,3815221131,4.081632653
01-08-2008,RELIANCE,2170.05,2313,2153,2297.6,2207.5,3774513,8533188321,4.081540204
17-05-2006,RELIANCE,1069.2,1091.95,1055,1086.2,1043.7,5845869,6289171217,4.072051356
28-04-1999,RELIANCE,119.6,124.25,119.6,124,119.15,3961719,481096218.7,4.070499371
03-04-2017,RELIANCE,1342,1380.5,1337.05,1374.65,1320.9,10260327,14014070971,4.069195246
27-10-2006,RELIANCE,1183.9,1227.1,1180.1,1222.7,1174.95,4776535,5765625687,4.064002724
23-05-2006,RELIANCE,939,980,921.2,967.1,929.4,8397857,7959410377,4.056380461
25-02-2021,RELIANCE,2076,2152,2073,2144.35,2061,16085897,34111575088,4.044153324
01-02-1996,RELIANCE,175,185,174.5,183.85,176.75,22865050,4120529188,4.016973126
17-10-2001,RELIANCE,275,286.7,273,284.55,273.6,4263961,1207718712,4.002192982
10-12-2010,RELIANCE,986.8,1030,979.35,1023.9,984.5,6064152,6128482955,4.002031488
24-09-2003,RELIANCE,416.7,431.2,412.25,429,412.55,8490786,3584859749,3.987395467
14-01-1997,RELIANCE,224,235.5,221.6,231.1,222.25,7681250,1732650515,3.98200225
28-11-2011,RELIANCE,765,785.8,762.55,783.8,753.8,2522069,1955558026,3.9798355
13-03-2020,RELIANCE,998,1140,942.4,1105.3,1063,33509757,35297404438,3.979303857
29-04-2009,RELIANCE,1751,1820,1745.85,1806.25,1737.15,4271409,7633236232,3.977779697
12-07-1999,RELIANCE,182.85,188,182.85,187.25,180.1,9803345,1817740735,3.970016657
08-04-2015,RELIANCE,833.5,869.5,832.9,865.9,832.85,5673710,4853572872,3.968301615
30-07-2008,RELIANCE,2138,2174,2100.05,2165.5,2083.1,2096377,4502584001,3.955643032
31-03-2017,RELIANCE,1266,1337.65,1266,1320.9,1270.65,10375519,13602917637,3.95466887
05-06-2003,RELIANCE,305,314.8,304.6,312.5,300.65,10049061,3121245749,3.94146017
26-11-1997,RELIANCE,159,167,159,163.7,157.5,13810950,2263568128,3.936507937
08-12-1999,RELIANCE,229,241.6,226.7,232.5,223.7,20012821,4706449518,3.933839964
28-06-2013,RELIANCE,869.5,873,846,862.6,830,11002553,9450523201,3.927710843
07-11-2007,RELIANCE,2755,2804,2700,2770.9,2666.2,3482112,9587859933,3.926937214
15-10-2007,RELIANCE,2585.1,2680,2576.2,2666.35,2565.75,4920977,12973929667,3.920880834
15-07-2005,RELIANCE,643,670,643,666.65,641.5,7099154,4679045836,3.920498831
28-01-2009,RELIANCE,1248,1290,1226.4,1274,1225.95,4592859,5753410125,3.919409438
05-01-2000,RELIANCE,256.65,287.9,256.65,282.5,271.85,26833684,7373697276,3.917601619
12-11-1998,RELIANCE,119,127.5,116.75,124.9,120.2,19808200,2404567243,3.91014975
09-05-2014,RELIANCE,955.8,999,955.8,997.6,960.3,4217843,4160518620,3.884202853
16-03-2010,RELIANCE,1032,1071.8,1029,1067.95,1028.05,7771535,8178102071,3.881134186
12-10-2017,RELIANCE,842.1,876.8,842.1,872.75,840.15,8522926,7329142509,3.880259477
22-11-2002,RELIANCE,276.5,288.4,276.5,285.35,274.7,13556557,3850289680,3.87695668
08-08-2019,RELIANCE,1108.35,1158,1095.3,1152.35,1109.4,14262936,16043824121,3.871462052
06-12-1995,RELIANCE,210.75,216.9,205.35,213.3,205.35,15752850,3323279598,3.871439007
26-12-2007,RELIANCE,2800,2914.7,2798,2896.5,2788.55,3170047,9079733404,3.871187535
09-04-1997,RELIANCE,271.9,275.15,270.15,274.25,264.05,12600250,3440111875,3.862904753
17-07-2008,RELIANCE,2038,2044.7,1965.1,2018.55,1943.5,3088057,6170285024,3.861589915
02-09-2013,RELIANCE,853.2,890,853.2,886.75,853.85,4812235,4205945948,3.853135797
10-07-2023,RELIANCE,2688.9,2756,2675,2735.05,2633.6,15340262,41871995572,3.852141555
19-07-2007,RELIANCE,1823,1909,1817.2,1892.8,1822.65,3840133,7176536257,3.848791595
08-10-2021,RELIANCE,2585.25,2684.4,2581.5,2671.25,2572.4,7279003,19237049930,3.842714974
08-10-2021,RELIANCE,2585.25,2684.4,2581.5,2671.25,2572.4,7279003,19237049930,3.842714974
03-04-2000,RELIANCE,327.65,333.7,318.1,328.6,316.45,21353020,6956770265,3.83946911
01-06-2020,RELIANCE,1480,1538.35,1475.95,1520.35,1464.4,18434065,27890475620,3.820677411
12-12-2008,RELIANCE,1240,1324,1206.25,1307.1,1259,9928592,12643850244,3.820492454
02-09-2002,RELIANCE,260,268,260,265.25,255.5,4126554,1094615746,3.816046967
19-04-2022,RELIANCE,2558,2668,2551.05,2640.8,2543.85,12064446,31709558938,3.811152387
18-04-2001,RELIANCE,314,329.9,303,327.2,315.2,6574312,2105219767,3.807106599
17-09-2012,RELIANCE,848.1,881.6,848.1,873.75,841.75,9698936,8432802760,3.801603802
03-03-1999,RELIANCE,149.9,155.25,147.5,150.5,145,16618450,2534139335,3.793103448
06-11-2020,RELIANCE,1990,2040,1978.15,2029.15,1955,30770080,62023880104,3.792838875
19-05-2014,RELIANCE,1091,1124.75,1086.9,1120.05,1079.25,5439813,6025545018,3.780403058
23-06-2006,RELIANCE,968,1016.5,952.1,1011.9,975.1,6031015,5962764815,3.7739719
10-12-2015,RELIANCE,922.5,953.8,920,950.35,915.9,4249865,3997390492,3.761327656
08-09-2003,RELIANCE,422.1,437.45,422.1,435.6,419.85,7843693,3375074593,3.751339764
29-11-2010,RELIANCE,969.5,1002.45,962.4,998.4,962.35,5350926,5290437123,3.746038344
07-08-2013,RELIANCE,845,881.85,831,872.45,841.05,4296180,3702441167,3.733428453
04-11-2010,RELIANCE,1077.9,1107,1075,1105.05,1065.3,5557273,6083161156,3.731343284
17-09-2004,RELIANCE,495.55,510,495.15,509.15,490.85,8296053,4191207285,3.728226546
27-01-2012,RELIANCE,800,827.9,799,820.4,790.95,5565491,4530329195,3.72337063
06-03-2017,RELIANCE,1269,1312,1265.25,1305.35,1258.55,15252154,19803196906,3.718565015
01-04-2009,RELIANCE,1523,1594,1497.35,1581.25,1524.75,4777855,7391764855,3.705525496
17-07-2020,RELIANCE,1845,1920,1838,1911.7,1843.4,22949535,43059161082,3.705110123
20-09-2011,RELIANCE,823,853.95,816.3,851.8,821.55,4214600,3529452617,3.68206439
21-05-2007,RELIANCE,1710,1770,1704.2,1760.95,1698.45,3239284,5655849223,3.679825723
17-11-1994,RELIANCE,377,390,373.75,387.5,373.75,88850,33970050,3.678929766
17-11-1994,RELIANCE,377,390,373.75,387.5,373.75,88850,33970050,3.678929766
02-01-2001,RELIANCE,340.35,359,340.25,354.3,341.75,6623970,2313363122,3.672275055
21-07-2017,RELIANCE,1550,1591.7,1544.95,1585,1528.9,22205112,34908155069,3.669304729
30-08-2011,RELIANCE,765,796.3,764,782.6,755.05,7821448,6094178275,3.648764982
15-05-2008,RELIANCE,2530.9,2632.7,2530.75,2622.95,2530.75,2500502,6472850236,3.643188778
08-05-2020,RELIANCE,1545,1579.9,1537.1,1561.8,1506.95,38522385,60118628771,3.63980225
08-03-2007,RELIANCE,1319,1340,1290,1335.55,1288.65,3345797,4407846606,3.63946766
24-07-2003,RELIANCE,331.1,346,329.1,341.8,329.8,5631688,1896838818,3.63856883
24-04-2018,RELIANCE,935.8,975.7,935,970.05,936,9107264,8741718169,3.637820513
08-09-2009,RELIANCE,2015,2094.4,2005.35,2075.6,2002.85,5949983,12249350252,3.632323938
16-04-2001,RELIANCE,292.6,313,290,308.15,297.35,4508901,1371562783,3.632083403
26-06-2009,RELIANCE,1966.15,2037,1962.95,2029.2,1958.1,3979065,7964385196,3.631070936
05-07-1999,RELIANCE,181.7,188.35,181.7,186.95,180.4,9003556,1676255417,3.630820399
19-03-2021,RELIANCE,1991,2095.85,1982.8,2082,2009.1,19284892,39485840254,3.628490369
29-09-2004,RELIANCE,497.2,516.5,493.8,514.3,496.3,8188668,4141569274,3.626838606
01-03-1995,RELIANCE,275,282.4,275,281.6,271.75,669000,187003807.5,3.624655014
09-02-1995,RELIANCE,267,277.5,264,276.25,266.6,359150,97903242.5,3.619654914
27-12-1995,RELIANCE,206,211.75,206,210.5,203.15,8710700,1827624015,3.618016244
27-12-1995,RELIANCE,206,211.75,206,210.5,203.15,8710700,1827624015,3.618016244
16-01-2001,RELIANCE,355.55,370.4,355.55,368.4,355.55,10397087,3790059198,3.614118971
15-06-2004,RELIANCE,435.1,452.5,434,450.6,434.9,6785824,3018038256,3.610025293
07-04-2008,RELIANCE,2256.25,2429.7,2256.25,2404.9,2321.15,2632844,6296671664,3.608125283
08-08-2007,RELIANCE,1823,1884.9,1818.8,1875.45,1810.2,3259975,6047478708,3.60457408
14-07-2009,RELIANCE,1774,1825,1766,1814.05,1750.95,3699051,6616607003,3.60375796
14-08-2015,RELIANCE,940.25,972,934.3,966.95,933.35,2912005,2792260179,3.599935715
28-03-2008,RELIANCE,2334,2367.9,2231.65,2352.45,2270.8,3944461,9059338972,3.59564911
08-09-1999,RELIANCE,186.2,192.75,185.8,190.2,183.6,10828046,2065556240,3.594771242
04-03-1998,RELIANCE,162.1,168,162,166.2,160.45,6201500,1027929608,3.583670926
30-03-2012,RELIANCE,729.5,753,727.1,750.6,724.65,3949204,2933606236,3.581039122
16-12-2008,RELIANCE,1350,1396.8,1325.65,1388.5,1340.55,7748498,10542672246,3.576890082
06-07-2020,RELIANCE,1805,1858,1792.1,1851.8,1787.9,21698149,39765301081,3.574025393
22-10-1996,RELIANCE,196.25,205.5,196.25,201.75,194.8,14445750,2924551363,3.567761807
28-12-1998,RELIANCE,118,121.4,117.5,120.5,116.35,8584450,1026994195,3.566824237
12-10-2018,RELIANCE,1104.95,1129,1101.9,1126.55,1087.8,9058536,10158064313,3.562235705
09-06-2009,RELIANCE,2188,2291,2175,2272.15,2194,4153933,9318216770,3.561987238
16-12-1996,RELIANCE,189.3,196,189.3,194.8,188.1,7091250,1372669925,3.561935141
23-09-1999,RELIANCE,187.9,196.8,185.5,193.55,186.9,12209997,2334141471,3.558052434
06-03-1996,RELIANCE,214.5,219.8,212.6,218.35,210.85,19417300,4192843738,3.557031065
27-03-2024,RELIANCE,2896,3000,2894,2985.7,2883.15,8163322,24262983466,3.556873558
25-06-2008,RELIANCE,1956.25,2148,1956.25,2136,2062.7,4179505,8780970235,3.553594803
27-03-1996,RELIANCE,207,209.95,206.05,206.95,199.85,13468250,2799450450,3.552664498
16-03-1998,RELIANCE,170.9,180.65,170.9,176.35,170.3,12007250,2141937925,3.552554316
27-01-1997,RELIANCE,265,275,263.5,268.3,259.1,18446250,4974529958,3.550752605
14-03-2008,RELIANCE,2250,2339.9,2230.3,2322.6,2243.05,2736483,6258952253,3.546510332
15-03-2002,RELIANCE,298.25,309.45,298.25,308.05,297.5,4210330,1283476364,3.546218487
13-09-2010,RELIANCE,972,995.5,965.35,992.5,958.55,6280165,6159663878,3.541807939
02-06-2006,RELIANCE,930,962,925.05,958.1,925.35,5698370,5369256967,3.539201383
11-03-2020,RELIANCE,1108,1178.45,1108,1153.55,1114.15,27237627,31538987521,3.536328143
09-03-1995,RELIANCE,281,289.9,279.5,289.35,279.5,493400,140891382.5,3.524150268
15-01-2015,RELIANCE,840,871.1,840,864.25,834.95,3869247,3316204148,3.509192167
01-04-2008,RELIANCE,2299,2375,2243.5,2345.25,2265.8,3063841,7094796972,3.506487775
21-12-1998,RELIANCE,114.25,116.8,114,116.6,112.65,5992100,692077830,3.506435863
16-03-2006,RELIANCE,745,770,742.5,768.5,742.5,8821809,6712032889,3.501683502
10-04-2000,RELIANCE,369.9,380,359.5,364.55,352.25,22110719,8165806351,3.491838183
31-07-1996,RELIANCE,208,216.75,197.8,213.8,206.6,14981550,3081644215,3.48499516
30-05-2022,RELIANCE,2615,2674,2594.2,2664.8,2575.1,6393341,16882083950,3.48335987
24-06-1998,RELIANCE,142,144.7,140.55,144.1,139.25,4034150,576626292.5,3.482944345
25-10-2011,RELIANCE,855,880.95,842.15,875.95,846.5,5197046,4495897712,3.479031305
22-11-2024,RELIANCE,1229.4,1268.85,1222.45,1265.4,1223,20471957,25530460769,3.46688471
19-11-2019,RELIANCE,1467,1514.9,1465,1509.75,1459.2,13795569,20644325395,3.464226974
09-11-1998,RELIANCE,120,125.3,120,122.55,118.45,14346550,1764544878,3.461376108
10-10-2003,RELIANCE,458.2,472,458.2,470.9,455.15,7664012,3574050945,3.460397671
16-11-1994,RELIANCE,364.25,377,363,373.75,361.25,72800,26905562.5,3.460207612
02-06-2022,RELIANCE,2634,2732.45,2634,2724.3,2633.5,10211408,27584103887,3.447883045
02-07-1999,RELIANCE,175.45,182.35,175.4,180.4,174.4,14537953,2614422321,3.440366972
28-11-2022,RELIANCE,2608.9,2721.05,2502,2707.55,2617.6,14549929,39081953192,3.436353912
15-07-2009,RELIANCE,1850,1890,1806.55,1876.3,1814.05,3173993,5850541566,3.431548193
19-04-2006,RELIANCE,898.9,932,894,921.8,891.3,10659773,9807305478,3.421967912
09-11-2009,RELIANCE,1975,2032,1961.6,2024.4,1957.5,3278186,6587417219,3.417624521
06-02-2006,RELIANCE,695,722.75,683.5,720.35,696.6,9525852,6779785536,3.409417169
04-10-1995,RELIANCE,278,284.25,278,283.75,274.4,698700,196675920,3.407434402
26-05-2003,RELIANCE,270,281,269,279.45,270.25,3028596,832937217.2,3.404255319
01-04-2005,RELIANCE,557,566.6,547.9,564.6,546.05,5027975,2813832786,3.397124805
15-02-2022,RELIANCE,2351.2,2423.9,2335.7,2417.95,2338.55,5174646,12321814148,3.395266297
04-11-2020,RELIANCE,1837,1929,1837,1913.2,1850.4,37003111,70055655614,3.393860787
28-11-2000,RELIANCE,319.95,330.25,317.25,329.5,318.7,6766122,2202171924,3.388766865
24-12-2004,RELIANCE,515,525.7,510.35,523.4,506.3,9409228,4881347062,3.377444203
16-03-2009,RELIANCE,1284.25,1334,1271,1327.6,1284.25,4526883,5901262947,3.375510999
23-11-2009,RELIANCE,2160,2207.75,2133.05,2194.95,2123.3,5528258,12074853691,3.374464277
13-05-2014,RELIANCE,1040,1068.8,1034.5,1063.4,1028.7,6140492,6443380127,3.373189462
09-04-2015,RELIANCE,865.5,899,858.8,895.1,865.9,6234931,5492068190,3.372213882
04-06-1999,RELIANCE,183,185.45,180.6,184,178,12396091,2269292003,3.370786517
07-07-2017,RELIANCE,1443,1497.75,1440,1491.15,1442.55,8193635,12024672967,3.369034002
13-01-2000,RELIANCE,306,316.4,304.1,311.85,301.7,17076042,5324180816,3.364269142
24-04-2020,RELIANCE,1350.15,1494.95,1347.2,1417,1370.9,61711388,88350296136,3.362754395
11-04-2008,RELIANCE,2540,2567,2465.5,2551.55,2468.65,4286756,10842529492,3.358110708
11-01-1999,RELIANCE,146,151.65,145.1,145.1,140.4,16650850,2479619968,3.347578348
04-08-1999,RELIANCE,176.3,180.3,173.05,179.35,173.55,6716878,1199402716,3.341976376
22-07-2014,RELIANCE,1004,1033.9,1001.1,1030.95,997.65,6512321,6672658932,3.337843933
22-08-2011,RELIANCE,731,759.85,725.6,757,732.55,3552807,2635485003,3.337656133
09-02-2009,RELIANCE,1355,1399,1341,1389.7,1344.85,4437777,6087706932,3.334944418
23-07-2009,RELIANCE,1990,2053.8,1987,2041.55,1975.7,2965247,5997023656,3.3329959
10-06-2002,RELIANCE,277.1,285,277.1,283.9,274.75,1902815,535978211.4,3.330300273
10-06-2002,RELIANCE,277.1,285,277.1,283.9,274.75,1902815,535978211.4,3.330300273
17-01-2013,RELIANCE,862.1,893.55,859.75,890,861.35,5055697,4446039379,3.326174029
07-03-2025,RELIANCE,1216,1254.8,1212,1249.8,1209.6,16474965,20494065097,3.323412698
22-05-2009,RELIANCE,2099.8,2207.2,2091,2185.75,2115.45,4446371,9629676775,3.323170011
12-06-2020,RELIANCE,1500,1593,1497,1588.8,1537.7,17790565,27623018098,3.323144957
02-09-2008,RELIANCE,2140,2225,2125,2212.75,2141.65,2521424,5502337091,3.319870194
04-04-1995,RELIANCE,270,278.5,268.5,277.05,268.15,471100,129013707.5,3.319037852
12-01-2007,RELIANCE,1308.7,1345,1295,1339.5,1296.5,4479089,5921989075,3.316621674
04-05-2015,RELIANCE,866.2,893.9,860.5,890.95,862.35,3446692,3024658626,3.316518815
28-02-2022,RELIANCE,2243,2367.35,2243,2359.55,2283.95,9828768,22887683561,3.310054949
01-04-2004,RELIANCE,539,557.7,539,555.85,538.05,7744133,4251918826,3.308242728
09-01-2002,RELIANCE,320,335.5,316.1,328.35,317.85,6239242,2048982161,3.303445021
11-09-2000,RELIANCE,374.8,387,374.1,383.15,370.9,7055315,2700607608,3.302777029
12-10-2009,RELIANCE,2120,2186,2120,2169.05,2099.75,4496196,9681889099,3.300392904
11-01-2008,RELIANCE,3079.5,3140,3025,3127.6,3027.8,5031340,15540572003,3.296122597
24-09-2007,RELIANCE,2300,2380,2285.15,2355.5,2280.45,4048123,9425808415,3.291017124
20-04-2007,RELIANCE,1495,1545,1495,1541.45,1492.35,2386403,3640158659,3.290112909
19-06-2007,RELIANCE,1671.6,1730.4,1670.1,1726.55,1671.6,2202023,3747463805,3.287269682
27-06-2013,RELIANCE,816.5,836.95,814.4,830,803.6,5886358,4865800992,3.285216526
14-06-2017,RELIANCE,1315.9,1360,1315.9,1357.5,1314.35,12101027,16312963495,3.282991593
18-09-2008,RELIANCE,1802,1948,1765,1938.25,1876.65,8745924,16304163692,3.282444782
10-10-2011,RELIANCE,804.25,830.9,804.2,829.25,802.9,3393633,2787273346,3.281853282
23-10-2017,RELIANCE,912.9,944.7,909.1,939.75,909.9,12551649,11677979383,3.280580284
04-02-2019,RELIANCE,1247,1296.95,1242.05,1290.9,1249.95,11670570,14816488322,3.276131045
11-08-2006,RELIANCE,985.9,1015,975,1011,978.95,5525255,5515485170,3.27391593
24-05-2004,RELIANCE,450,458,445.05,453.85,439.5,6756909,3066418334,3.265073948
11-08-2008,RELIANCE,2251.15,2336,2251.15,2325.25,2251.8,2927085,6774789486,3.261834976
17-03-2022,RELIANCE,2432.75,2497.4,2415.1,2481.7,2403.35,9886295,24287296550,3.260032871
27-06-2001,RELIANCE,346,359.9,342.8,358.1,346.8,3165398,1121557728,3.258362168
03-02-2015,RELIANCE,913.2,940.85,913.2,937.6,908.05,3907020,3634896454,3.254226089
08-07-2002,RELIANCE,260,273.8,260,271.85,263.3,4601204,1247530360,3.247246487
20-06-2003,RELIANCE,322,337.75,322,335.45,324.9,14043308,4663124521,3.24715297
01-12-2009,RELIANCE,1075,1100,1067.2,1098,1063.5,2859884,3108420890,3.244005642
16-04-2007,RELIANCE,1418.1,1464,1417.25,1457.75,1411.95,1697452,2451062148,3.243740926
27-08-2007,RELIANCE,1818,1840.4,1792,1833.8,1776.35,2052305,3731172113,3.234159935
26-03-2019,RELIANCE,1330.3,1371.6,1330,1367.25,1324.45,9479288,12826063636,3.231530069
11-03-2008,RELIANCE,2250,2355,2204.4,2347.9,2274.55,3666369,8453515914,3.224813699
23-06-2009,RELIANCE,1900,2033.7,1900,2015.3,1952.5,5946495,11794796368,3.216389245
08-04-2009,RELIANCE,1639.95,1739,1605,1725.15,1671.6,9194966,15241784014,3.203517588
12-03-2012,RELIANCE,790,803,779.7,798.55,773.8,3438333,2721317975,3.198500905
04-02-2004,RELIANCE,555.35,575,549.55,571.4,553.7,7371400,4142599300,3.196676901
28-01-2005,RELIANCE,507,523.45,490,522.25,506.1,5674790,2935038337,3.191068959
24-09-2019,RELIANCE,1243.6,1298.8,1242.75,1278.7,1239.2,15982067,20496560838,3.187540349
15-04-2009,RELIANCE,1750,1839.7,1733.15,1830.05,1773.55,6047211,10878459781,3.185700995
26-08-2003,RELIANCE,380,392,378.1,390.65,378.6,8005644,3089503344,3.182778658
30-01-2001,RELIANCE,378.55,391,378.55,389.65,377.65,10513293,4063169394,3.177545346
23-11-2007,RELIANCE,2774,2833,2720.1,2811.2,2724.75,2467139,6838999157,3.172768144
17-12-2015,RELIANCE,980.05,1015,978,1009.7,978.65,4427435,4410078031,3.172737955
24-10-2019,RELIANCE,1401,1441.4,1386.55,1436.45,1392.4,10351384,14648603629,3.163602413
07-05-2020,RELIANCE,1455,1513.65,1445,1506.95,1460.75,22871529,33961065997,3.162758857
14-10-2008,RELIANCE,1625,1668,1610,1621.05,1571.4,4625862,7581705181,3.159602902
29-08-2008,RELIANCE,2140,2147.9,2099,2136.2,2070.85,2517428,5348396275,3.155709008
04-02-2025,RELIANCE,1248.05,1288.8,1246.6,1285.2,1245.9,16691069,21258496965,3.154346256
12-01-2021,RELIANCE,1903,1960,1899.9,1957.05,1897.25,18996047,36766988576,3.151930426
03-08-2009,RELIANCE,1968.9,2031,1958.1,2017,1955.4,2737892,5453044935,3.150250588
16-07-2009,RELIANCE,1901,1968.4,1880,1935.4,1876.3,5526846,10633605381,3.149816127
14-06-2013,RELIANCE,796.2,819.85,796.1,814.65,789.8,4017490,3251143014,3.146366169
18-04-2019,RELIANCE,1375,1389.75,1365,1385.95,1343.75,17960482,24776645490,3.140465116
01-11-2006,RELIANCE,1221,1268,1220.1,1264.4,1226,5496687,6883978842,3.132137031
11-01-1996,RELIANCE,182,190.5,181.75,189.6,183.85,14625600,2717699785,3.127549633
31-05-2021,RELIANCE,2102,2191.7,2085.05,2160.3,2094.8,27285782,58781421579,3.126790147
13-07-2007,RELIANCE,1729.8,1790.7,1726.25,1773.05,1719.35,4454697,7870036205,3.12327333
20-04-2005,RELIANCE,516.6,531.95,515.1,530.05,514,4341054,2277612625,3.122568093
12-05-2014,RELIANCE,994.9,1049,994.1,1028.7,997.6,7051280,7253673332,3.117481957
13-11-2019,RELIANCE,1430,1475.9,1430,1472.3,1427.8,11532364,16845751337,3.116683009
20-02-2013,RELIANCE,857.95,878.85,856.6,874.8,848.4,3399774,2957281772,3.111739745
24-05-2001,RELIANCE,381,394.4,381,392.9,381.05,6751945,2628209641,3.109828107
21-03-2023,RELIANCE,2218.95,2274,2217,2269.7,2201.25,9876263,22285572146,3.10959682
27-09-2000,RELIANCE,341.05,354.7,334.4,351.9,341.3,6614226,2301023804,3.105772048
03-10-2013,RELIANCE,823.4,848.9,823.4,846.95,821.45,2082009,1746627494,3.104266845
05-04-2010,RELIANCE,1096.5,1129.65,1096.5,1125.9,1092.05,4551762,5076464243,3.099674923
21-02-2012,RELIANCE,817.5,848.75,815.1,843.55,818.2,8333665,6937271279,3.098264483
17-05-2007,RELIANCE,1645.1,1689.75,1645.1,1685.25,1634.7,2854239,4760561518,3.092310516
29-07-1998,RELIANCE,135,139.85,133.3,138.5,134.35,5592100,766608767.5,3.088946781
27-09-1999,RELIANCE,212.9,224.9,209.05,215.45,209,14259140,3093175370,3.086124402
21-10-2005,RELIANCE,754,773,743.25,771.2,748.15,9503506,7213177298,3.080932968
04-01-2008,RELIANCE,2904,3019.8,2904,2993,2903.7,4053144,12092036550,3.075386576
26-05-2011,RELIANCE,912.6,936.85,911.1,933.85,906,6857905,6364497865,3.073951435
27-02-1999,RELIANCE,142,145.5,133.1,144.2,139.9,20903450,2946324068,3.073624017
18-05-1999,RELIANCE,182,190.85,179.05,184.45,178.95,17764081,3309658506,3.073484213
03-02-1999,RELIANCE,127.5,129.25,126.3,129.25,125.4,4738550,605732715,3.070175439
26-12-2002,RELIANCE,292.75,302.7,292.5,300.5,291.55,10948599,3281619213,3.069799348
21-10-2010,RELIANCE,1052,1087.85,1049.2,1081.65,1049.45,8520014,9165218979,3.068273858
15-02-2008,RELIANCE,2504.9,2600,2466,2593.95,2516.75,2152508,5479974006,3.067448098
07-09-2012,RELIANCE,778.7,796.5,778.5,791.75,768.2,3159455,2497484858,3.065607915
13-09-2017,RELIANCE,824,859.9,822,849,823.75,13430225,11375039392,3.065250379
03-06-1996,RELIANCE,243,246.5,241.5,245.65,238.35,17457450,4261838305,3.062722887
28-10-2022,RELIANCE,2465,2535,2459.45,2526.15,2451.15,8126824,20383247305,3.059788263
11-06-2010,RELIANCE,1025,1050.85,1021,1046.4,1015.35,5327604,5543195923,3.058058797
15-05-2001,RELIANCE,357,372.4,348.15,370.8,359.8,4649081,1695589715,3.05725403
06-03-2007,RELIANCE,1274,1306.9,1263.3,1297.85,1259.35,3553116,4574100975,3.057132648
11-02-2010,RELIANCE,989.25,1019.8,988.5,1015.15,985.1,5360299,5381468311,3.050451731
07-01-2005,RELIANCE,535,547.7,527.55,542.25,526.2,7721496,4159691801,3.050171038
29-02-2012,RELIANCE,805.05,827.9,804.15,820.75,796.5,6365349,5208552877,3.044569994
14-01-2010,RELIANCE,1086,1124.8,1086,1121.7,1088.6,5610718,6249434087,3.040602609
30-07-2004,RELIANCE,475.1,490.5,475.05,488.9,474.5,7111050,3457369593,3.034773446
13-07-2020,RELIANCE,1903.35,1947.7,1900,1935,1878.05,32124397,61905840823,3.032400628
26-06-1997,RELIANCE,368.25,390,352.1,379.7,368.55,41989250,15809739800,3.025369692
13-02-2009,RELIANCE,1367,1404,1361,1392.4,1351.55,2904652,4036258049,3.022455699
28-10-2011,RELIANCE,899.7,904,884.1,900,873.6,5606883,5016389212,3.021978022
17-06-2015,RELIANCE,905.05,942.35,894,931.2,903.95,5996339,5538666078,3.014547265
30-01-1998,RELIANCE,150.3,154.55,149.75,154.2,149.7,5946050,907497822.5,3.006012024
31-07-2018,RELIANCE,1151,1190.4,1147.15,1186,1151.4,13875377,16259510329,3.005037346
13-01-2016,RELIANCE,1053.1,1089.75,1047.2,1076.85,1045.45,16412811,17412825596,3.00349132
09-09-2015,RELIANCE,861,878.7,850.5,874.05,848.6,3963791,3433012243,2.999057271
15-01-2019,RELIANCE,1105,1132,1105,1129.65,1096.8,10062875,11318469360,2.995076586
26-04-2022,RELIANCE,2710,2795,2707.7,2775.65,2695,5643066,15487283097,2.99257885
29-12-2008,RELIANCE,1200,1251.95,1188,1246.3,1210.15,5854190,7149255021,2.987232988
28-02-2001,RELIANCE,402,420,400.65,414.1,402.1,11049522,4573332126,2.984332256
06-06-2014,RELIANCE,1107.4,1133,1104.1,1122.4,1089.9,6701908,7498975685,2.981924947
14-01-2008,RELIANCE,3159,3240,3126,3220.85,3127.6,2761350,8830102307,2.981519376
28-02-2005,RELIANCE,540.2,560,535.85,556.25,540.15,7580763,4154136366,2.980653522
22-02-2011,RELIANCE,992,1009.4,979.25,984.85,956.35,20326289,20236802112,2.980080514
13-05-2004,RELIANCE,480,524.35,474,511.45,496.65,13077915,6640559043,2.979965771
30-12-1998,RELIANCE,121.3,124.55,121.1,122.85,119.3,8684150,1067920580,2.975691534
01-10-2004,RELIANCE,518.1,535,512.25,533.25,517.9,6782434,3567295605,2.963892643
04-07-2017,RELIANCE,1390,1427.1,1389,1421.95,1381.05,4301200,6071002327,2.961514789
11-03-2003,RELIANCE,275,287.4,274.1,285.15,276.95,4118775,1154979584,2.960823253
04-02-2020,RELIANCE,1400,1432.5,1397.8,1426.4,1385.5,11604666,16470598997,2.952002887
03-10-2003,RELIANCE,439,450,438,448.55,435.7,6636276,2953750086,2.949277025
10-07-2020,RELIANCE,1828.5,1884.6,1824.25,1878.05,1824.25,20195490,37555184972,2.949157188
29-04-1998,RELIANCE,194.9,198,189.65,190.45,185,8432100,1637828535,2.945945946
27-05-2016,RELIANCE,949.05,976.9,948.75,974.7,946.85,3063379,2961741219,2.941331784
15-02-2011,RELIANCE,914.4,944.8,911.3,941.7,914.8,6232645,5799481570,2.94053345
20-04-2022,RELIANCE,2657.1,2734,2649.1,2718.45,2640.8,11570835,31364925329,2.940396849
05-04-2017,RELIANCE,1395.2,1418,1380.1,1415,1374.65,9217360,12910386481,2.93529262
20-09-2000,RELIANCE,341.25,350.75,337.6,347.5,337.6,3828743,1323962509,2.932464455
16-06-2006,RELIANCE,908,945,908,921.6,895.35,6956151,6462217520,2.931814374
24-11-1994,RELIANCE,370,379,369,378,367.25,54500,20394975,2.927161334
23-06-2011,RELIANCE,846.55,872.7,845.9,870.5,845.8,4734842,4089671955,2.920312131
11-03-2019,RELIANCE,1270.05,1312,1268,1304.1,1267.1,9718840,12556541046,2.920053666
02-09-2011,RELIANCE,796.7,813.7,789.45,805.45,782.6,7791545,6255637955,2.919754664
03-12-2007,RELIANCE,2888.2,2942.9,2856,2934.9,2851.65,2451946,7138721428,2.919362474
25-02-1998,RELIANCE,154.5,158,153.3,157.15,152.7,5975150,936299482.5,2.914210871
20-03-2003,RELIANCE,280,295.9,280,293.35,285.05,5099545,1475617615,2.911769865
14-03-2001,RELIANCE,389,404.9,385.15,399.4,388.1,3372451,1335740693,2.911620716
06-09-2010,RELIANCE,930.95,957.7,922.3,952.65,925.7,7755451,7326989351,2.91131036
29-06-2018,RELIANCE,949.1,975.5,949,972.45,944.95,7966401,7707335240,2.910206889
04-06-2003,RELIANCE,292.55,302.7,292,300.65,292.15,4587018,1368279544,2.909464316
30-10-2014,RELIANCE,948,981.55,947.1,979.25,951.6,7484984,7253240662,2.905632619
05-10-1999,RELIANCE,229.55,240,226.75,237.6,230.9,10961707,2543283740,2.901689043
31-07-2009,RELIANCE,1915,1974.9,1911.25,1955.4,1900.3,3491976,6782863510,2.899542178
21-04-2004,RELIANCE,550.05,569.45,550,568.35,552.35,4741384,2666401556,2.89671404
01-02-2021,RELIANCE,1859.4,1905,1848,1895.3,1841.95,15774504,29561820671,2.896386981
11-06-2008,RELIANCE,2280,2280,2210,2261.4,2197.75,4785355,10747443715,2.896143783
11-11-2009,RELIANCE,2068,2130.4,2035.65,2114,2054.5,4183569,8724936271,2.896081772
13-01-1995,RELIANCE,280,288.5,279,286.3,278.25,169700,48356342.5,2.893081761
28-03-2001,RELIANCE,395,405,393.6,402,390.7,2667459,1065335453,2.892244689
06-03-2025,RELIANCE,1197,1213.95,1185.15,1209.6,1175.6,14468014,17347917723,2.892140184
07-12-1995,RELIANCE,220,221.9,215,219.45,213.3,11866150,2590632390,2.88326301
25-03-1998,RELIANCE,181.5,184.6,179,183.85,178.7,8936250,1629218160,2.881925014
02-02-2011,RELIANCE,910,927.9,907.3,921.3,895.5,6506784,5982988365,2.881072027
01-06-2015,RELIANCE,880,904.9,878,902.25,877,4479082,4027099687,2.879133409
17-07-2007,RELIANCE,1789,1838.8,1780.1,1827.85,1776.7,3566387,6492286711,2.878932853
12-03-1997,RELIANCE,280.9,283.85,274.6,278.75,270.95,15580550,4342088448,2.878759919
29-08-2016,RELIANCE,1027.25,1059.75,1026.1,1057.45,1027.9,3701495,3872133055,2.874793268
18-10-2013,RELIANCE,881.6,908,881.6,905.65,880.35,5069374,4559111490,2.873856989
22-08-2013,RELIANCE,782.45,808.65,774.2,806.1,783.6,5095979,4033332898,2.87136294
24-06-2004,RELIANCE,411,425.5,411,423.05,411.25,11806191,4961266078,2.869300912
10-10-2019,RELIANCE,1325,1369,1321,1362.75,1324.75,16003744,21716222026,2.868465748
10-07-2018,RELIANCE,1002.75,1028.5,1000,1025.7,997.1,10444513,10641500107,2.868318123
13-10-2008,RELIANCE,1558,1594,1550.2,1571.4,1527.6,4466997,7023614662,2.867242734
14-11-2000,RELIANCE,302.05,311.9,302.05,311.05,302.4,3676980,1132885918,2.860449735
22-08-2003,RELIANCE,373.2,384.75,372,381.7,371.1,8339399,3153681087,2.856372945
29-06-2009,RELIANCE,2026,2112.9,2004.75,2087,2029.2,3726361,7735681572,2.848413168
18-08-1999,RELIANCE,174.5,177.3,173.25,175.6,170.75,7419016,1300941882,2.840409956
17-04-2025,RELIANCE,1240.2,1280.2,1227.6,1274.5,1239.3,15398401,19407871411,2.84031308
17-01-2025,RELIANCE,1322.25,1326,1285,1302.35,1266.45,29366277,38199728794,2.834695408
11-04-2025,RELIANCE,1195.15,1222.65,1195.15,1218.95,1185.35,11224242,13626831086,2.834605813
05-11-1999,RELIANCE,226,235.8,226,232.5,226.1,9360251,2171521129,2.830605927
06-07-1998,RELIANCE,140.95,143.95,140.15,143.55,139.6,3017050,429514295,2.829512894
08-08-2018,RELIANCE,1185,1222.5,1185,1217.7,1184.2,7912437,9532113812,2.828914035
13-01-2004,RELIANCE,573.25,589.5,572.25,587.4,571.25,5872486,3409602411,2.827133479
18-12-2006,RELIANCE,1260,1298,1243.05,1289.1,1253.7,2522336,3200666533,2.82364202
31-10-2005,RELIANCE,737.5,764.9,737.5,762.5,741.6,4756595,3575951501,2.818230852
19-10-2011,RELIANCE,825.5,845,824.1,843,819.9,2713867,2269274756,2.817416758
10-11-1999,RELIANCE,230.9,236.7,229.3,235.5,229.05,7284279,1703107422,2.815979044
24-11-1999,RELIANCE,226.8,231.8,225.25,230.3,224,6326565,1450618662,2.8125
31-01-2012,RELIANCE,804.5,820.8,801.4,817.1,794.75,6264462,5091644735,2.812205096
11-10-2001,RELIANCE,260,268.7,260,265.4,258.15,5676629,1503169002,2.808444703
04-05-2000,RELIANCE,331,342.95,331,337.2,328,11327281,3834735684,2.804878049
06-09-2018,RELIANCE,1230.15,1265.7,1225.35,1261.4,1227,11195043,13937952450,2.803585982
17-01-2020,RELIANCE,1553.5,1584.95,1553.2,1581,1537.9,13469708,21187907268,2.802522921
06-04-2005,RELIANCE,558,572.9,558,571.6,556.05,4393667,2494291307,2.796511105
28-08-1996,RELIANCE,208,213.75,208,213.35,207.55,6137300,1303386718,2.794507348
28-08-1996,RELIANCE,208,213.75,208,213.35,207.55,6137300,1303386718,2.794507348
05-06-2013,RELIANCE,780.5,804.3,780.5,802,780.2,2914171,2313883493,2.794155345
15-12-1997,RELIANCE,150.15,155.4,147.65,154.65,150.45,12692450,1929443968,2.791625125
16-11-2018,RELIANCE,1097.95,1129.95,1097.1,1127.4,1096.85,11031889,12373982316,2.785248667
26-10-2004,RELIANCE,600,600,537.15,551.75,536.8,6395029,3484781534,2.785022355
04-04-2003,RELIANCE,286.15,294.1,286.15,293.45,285.5,4914794,1426084115,2.784588441
13-02-2008,RELIANCE,2370,2468.95,2350.05,2389.5,2324.85,4747799,11469539662,2.780824569
14-05-1996,RELIANCE,246,254.9,244.75,253.25,246.4,23243250,5793992813,2.780032468
07-12-1999,RELIANCE,218.4,225.45,217.6,223.7,217.65,8254354,1828159911,2.779692166
19-08-2025,RELIANCE,1390,1421,1389.1,1420.1,1381.7,14384719,20334296972,2.779185062
04-12-2001,RELIANCE,292,301,291,298.5,290.45,2459911,732423899,2.77156137
24-12-2007,RELIANCE,2766,2799.95,2698,2788.55,2713.65,2693235,7444479097,2.760120133
28-12-2012,RELIANCE,823.5,846,821.55,840.25,817.7,3326023,2777317150,2.757735111
21-06-1999,RELIANCE,184.5,190.5,184.05,188.2,183.15,10915434,2050914170,2.757302757
28-07-1998,RELIANCE,130.9,135,130.55,134.35,130.75,5224600,694136517.5,2.75334608
11-01-1995,RELIANCE,290,300,280,295.25,287.35,168000,48507772.5,2.749260484
02-12-2004,RELIANCE,531.1,544,525.1,542,527.5,10424103,5578751890,2.748815166
20-04-1999,RELIANCE,130.2,133,128.25,132.7,129.15,6124841,801379252.7,2.748741773
05-10-2007,RELIANCE,2494.8,2515,2420,2492.5,2425.9,4065960,10074008373,2.745372851
09-06-2022,RELIANCE,2710,2803,2710,2798.75,2724.05,7973935,22038890334,2.742240414
12-10-2011,RELIANCE,829.4,851.9,826.05,849.65,827,3947624,3311469587,2.738814994
13-12-2006,RELIANCE,1214.9,1242.1,1201,1238.4,1205.4,5255745,6464528544,2.737680438
12-04-1996,RELIANCE,210.05,217.5,209.1,215.8,210.05,12178600,2598772393,2.737443466
14-07-2003,RELIANCE,333,340.5,333,339.75,330.7,6545570,2209692803,2.736619292
30-04-2020,RELIANCE,1453.95,1494.95,1438.05,1466,1426.95,32617901,47879255960,2.736606048
30-04-2020,RELIANCE,1453.95,1494.95,1438.05,1466,1426.95,32617901,47879255960,2.736606048
14-03-1995,RELIANCE,266,279,266,274.35,267.05,577450,158417705,2.733570492
18-11-1996,RELIANCE,187.5,192.2,187.5,191.7,186.6,5731900,1091027010,2.733118971
26-05-2023,RELIANCE,2458,2509,2450.75,2506.5,2439.95,5827017,14506612502,2.727514908
24-05-2010,RELIANCE,1018,1048.95,1016.45,1022.65,995.55,5652017,5824703403,2.722113405
29-07-1999,RELIANCE,176.9,181.25,173.55,179.8,175.05,10112895,1797956028,2.713510426
29-11-1995,RELIANCE,203.5,209,195.05,206.35,200.9,8789350,1767211308,2.712792434
18-11-2013,RELIANCE,858.1,877.75,856.15,874.75,851.65,2759723,2400017659,2.712381847
19-12-2003,RELIANCE,508,522.95,508,520.7,506.95,10672249,5520904909,2.712299043
17-02-2003,RELIANCE,287.4,292.5,287.15,291.8,284.1,3163812,918003661.1,2.71031327
20-07-2022,RELIANCE,2540,2542.5,2486.25,2503,2437.1,11041036,27676129583,2.704033482
20-07-2022,RELIANCE,2540,2542.5,2486.25,2503,2437.1,11041036,27676129583,2.704033482
17-09-2010,RELIANCE,1005,1031.4,1005,1027.35,1000.35,7304408,7457019966,2.699055331
10-01-2024,RELIANCE,2577,2659,2575.05,2650.1,2580.5,5551370,14526742702,2.697151715
23-11-2020,RELIANCE,1951,1970,1926.25,1950.7,1899.5,20918665,40837042220,2.69544617
05-10-2015,RELIANCE,862.8,890,861.85,888,864.7,3660854,3217373613,2.694576154
28-05-2003,RELIANCE,281,289.3,281,288,280.45,5123081,1464648010,2.692101979
06-01-2016,RELIANCE,1007.6,1038.4,1000.4,1032.2,1005.15,6116855,6289073421,2.691140626
21-07-2020,RELIANCE,1939,1977,1936.5,1971.55,1919.9,19463498,38195689330,2.690244284
12-08-2002,RELIANCE,237.75,243.3,234.3,240.95,234.65,4440241,1064068271,2.684849776
23-07-2020,RELIANCE,2003.95,2079.7,1991.35,2057.8,2004,26921058,54810058388,2.684630739
10-10-1996,RELIANCE,189.7,196,188.8,195.35,190.25,6942750,1339662870,2.680683311
13-03-2012,RELIANCE,803.45,821.95,803.3,819.95,798.55,3684077,2999462499,2.679857241
15-09-2005,RELIANCE,741.5,763.95,735.1,760.8,740.95,5435200,4098909964,2.678993184
07-06-2024,RELIANCE,2857,2944,2853,2939.9,2863.2,9279348,27071000142,2.6788209
01-07-2013,RELIANCE,862,888,855.65,885.7,862.6,4685396,4117230844,2.677950383
26-05-2017,RELIANCE,1303.95,1344.4,1300,1337.3,1302.45,4898639,6467102969,2.675726515
26-10-2007,RELIANCE,2650,2713.8,2605.3,2698.3,2628.05,3942809,10572406406,2.673084606
12-01-2022,RELIANCE,2471.3,2524.95,2465,2521.1,2455.55,6830402,17116227266,2.669463053
31-07-2003,RELIANCE,351,361.85,347,357.9,348.6,16058683,5730040335,2.667814114
01-12-2011,RELIANCE,799,810.75,795.2,799,778.25,4714967,3783552799,2.666238355
11-04-2003,RELIANCE,286.4,294,282.5,292.85,285.25,3456980,1001692648,2.664329535
16-06-2005,RELIANCE,577,595,576,590.25,574.95,8227646,4828869080,2.661100965
20-01-2015,RELIANCE,881.5,905.55,878.85,903.05,879.65,3054173,2731470301,2.660148923
23-04-2009,RELIANCE,1717,1774.9,1696,1763.7,1718,4239012,7377868416,2.660069849
28-08-2007,RELIANCE,1833.8,1890,1827,1882.5,1833.8,3221906,5982370347,2.655687643
09-07-1997,RELIANCE,364,366.8,363,365.45,356,7679100,2801240993,2.654494382
26-08-2020,RELIANCE,2085,2147.95,2047,2137.3,2082.1,27631028,58091747447,2.651169492
14-03-2011,RELIANCE,992.95,1020.75,992.25,1018.35,992.05,6585771,6654584426,2.651076055
25-06-2019,RELIANCE,1258.9,1298,1254.25,1295.85,1262.4,6842363,8767510683,2.649714829
29-04-2008,RELIANCE,2580,2675,2580,2659.95,2591.4,2486561,6562868848,2.645288261
24-02-2003,RELIANCE,297.15,303.75,297.15,302.7,294.9,9498820,2869190788,2.644964395
16-05-2013,RELIANCE,816,843.8,815.5,840.65,819,3473901,2900382866,2.643467643
10-07-1998,RELIANCE,146.9,150.4,146.8,149.8,145.95,6281750,935402015,2.637889688
06-05-2013,RELIANCE,802.2,824.95,802.2,821.6,800.5,2139146,1749052561,2.635852592
25-04-2001,RELIANCE,350,363,348,358.65,349.45,4960851,1769493668,2.632708542
19-01-2016,RELIANCE,1029,1049.8,1014.1,1043.6,1016.85,4912096,5091435246,2.630673157
22-03-2007,RELIANCE,1347,1379.95,1347,1375.25,1340,2414019,3305117562,2.630597015
22-03-2007,RELIANCE,1347,1379.95,1347,1375.25,1340,2414019,3305117562,2.630597015
31-01-2019,RELIANCE,1202,1229.7,1201,1227.15,1195.7,10185347,12430723963,2.630258426
11-01-2024,RELIANCE,2659,2725,2657,2719.8,2650.1,11862926,31979289600,2.630089431
31-08-1999,RELIANCE,187.75,194.85,186.1,193.5,188.55,9579141,1822074658,2.625298329
03-03-1995,RELIANCE,279.75,287,276,285.5,278.2,562200,159534080,2.624011503
27-04-2021,RELIANCE,1940,1997.2,1938.25,1988.65,1937.85,9226547,18256021294,2.621461929
18-09-2015,RELIANCE,878.45,899.5,877.15,895.4,872.55,7831592,6970523418,2.618761103
25-07-1995,RELIANCE,282,294,281.25,290.45,283.05,1868700,533841870,2.614379085
15-05-2013,RELIANCE,802,820.8,802,819,798.15,2572806,2093332729,2.612290923
26-11-2007,RELIANCE,2867.4,2904.95,2828.1,2884.55,2811.2,3037119,8719378380,2.609206033
04-09-2009,RELIANCE,1938,1994,1935,1981.15,1930.8,2898625,5691633726,2.607727367
07-06-2004,RELIANCE,435,449.6,435,444.8,433.5,6611675,2932220359,2.606689735
01-08-2022,RELIANCE,2519.15,2587.75,2507.6,2574.85,2509.45,7245568,18552037709,2.606148758
15-09-2010,RELIANCE,989,1018.7,989,1013.9,988.15,7670039,7741479794,2.605879674
08-12-1997,RELIANCE,164.1,168.95,164,167.55,163.3,9815800,1639579220,2.602571953
25-08-2009,RELIANCE,1965.2,2033,1955.55,2025.65,1974.3,3250116,6485487333,2.600921846
03-06-2002,RELIANCE,267.55,271.95,262.2,270.35,263.5,2655047,712043581.5,2.599620493
07-03-2005,RELIANCE,555.2,590.45,555.2,586.9,572.05,7251185,4221071825,2.595926929
13-01-2014,RELIANCE,868.25,883,868,880.4,858.15,2756390,2415820516,2.592786809
11-12-2008,RELIANCE,1250,1297.7,1193.3,1259,1227.2,9088095,11140633651,2.591264668
28-01-1997,RELIANCE,273.75,276.15,267.65,275.25,268.3,11961600,3251103030,2.590383899
20-08-2018,RELIANCE,1207.9,1236.8,1207.65,1234.9,1203.75,7607036,9337924806,2.587746625
24-12-2020,RELIANCE,1947,1998.8,1945.9,1994.15,1943.85,9588577,18948962896,2.587648224
22-03-2022,RELIANCE,2460.1,2534.95,2453.6,2531.15,2467.4,10410082,26112751092,2.583691335
22-03-2022,RELIANCE,2460.1,2534.95,2453.6,2531.15,2467.4,10410082,26112751092,2.583691335
24-10-2003,RELIANCE,370,474,370,470.65,458.8,6294240,2911758858,2.58282476
06-01-2012,RELIANCE,697.05,724,696.65,717.55,699.5,4703147,3341832553,2.580414582
19-06-2012,RELIANCE,717,739.4,717,737.45,718.9,1783875,1303368909,2.580331061
05-09-2003,RELIANCE,411.1,421.3,411.1,419.85,409.3,5809532,2421503021,2.577571463
01-02-2008,RELIANCE,2490,2560.25,2420,2542.75,2478.9,2109433,5245245446,2.575739239
10-09-2013,RELIANCE,872.9,893.55,866.25,890.35,868,4227364,3724583857,2.574884793
09-09-2020,RELIANCE,2085,2167.8,2081.45,2161.35,2107.1,25526055,54545044441,2.574628637
04-12-2012,RELIANCE,806.15,825.7,806,824.7,804,3492574,2855650565,2.574626866
17-10-1996,RELIANCE,187.55,195,185.85,193.35,188.5,10020950,1904048793,2.572944297
20-08-2007,RELIANCE,1800,1845,1781,1798,1752.9,2357903,4236838655,2.572879229
15-04-1996,RELIANCE,220,225.75,219.55,221.35,215.8,17016500,3790892655,2.571825765
04-10-2017,RELIANCE,799.2,824.95,795.6,818.85,798.35,8643924,7016116516,2.567796079
03-07-2023,RELIANCE,2558.05,2622,2555.35,2615.7,2550.25,5609248,14564207451,2.566415057
30-09-2015,RELIANCE,851,864.8,838.5,862.3,840.75,3952665,3374345923,2.56318763
03-01-2012,RELIANCE,712.25,726.9,710.35,724.65,706.55,4683491,3369419363,2.561743684
09-01-2003,RELIANCE,290.5,297.9,290.25,296.35,288.95,5705715,1675489224,2.560996712
01-12-2021,RELIANCE,2433,2474,2425.1,2467,2405.4,4663276,11423147562,2.560904631
15-12-2008,RELIANCE,1349,1359,1272.2,1340.55,1307.1,9859348,12987048961,2.559100298
28-06-2010,RELIANCE,1074,1092,1065.15,1090.15,1062.95,7194118,7790379661,2.558916224
02-11-2004,RELIANCE,534,545.5,534,543.4,529.85,5071120,2745895923,2.557327546
12-06-2009,RELIANCE,2310,2379,2305.25,2362.1,2303.25,4916730,11544661173,2.555085206
31-08-2007,RELIANCE,1900,1970,1898.85,1960.9,1912.05,3631120,7086548803,2.554849507
03-03-2023,RELIANCE,2349.15,2393.45,2341.55,2385.4,2326.05,6758115,15994200482,2.551535866
01-03-2011,RELIANCE,973.7,992.7,967.2,988.85,964.25,2885282,2835381549,2.5512056
02-01-2004,RELIANCE,574.5,588.9,570.65,585.2,570.65,8115756,4713376640,2.549723999
29-06-2000,RELIANCE,335.35,345.7,334.9,342.25,333.75,7618018,2593531708,2.546816479
05-07-2000,RELIANCE,349,360.35,346.6,354.15,345.4,13560315,4815341883,2.533294731
02-01-2009,RELIANCE,1259.7,1299.9,1252,1286.4,1254.65,4961862,6350791129,2.530586219
04-07-2014,RELIANCE,1005,1036.8,1003.3,1031.95,1006.5,2961779,3018330911,2.528564332
22-07-2019,RELIANCE,1251,1284.5,1227.3,1280.5,1249,13300153,16785913907,2.522017614
11-01-2016,RELIANCE,1015.95,1060.8,1011,1051.6,1025.75,6632671,6950389025,2.520107239
08-09-2008,RELIANCE,2190,2190,2125,2133.2,2080.9,2868523,6157800419,2.513335576
20-11-2019,RELIANCE,1555.05,1572.4,1543.2,1547.65,1509.75,19904164,31043534027,2.510349396
18-06-2020,RELIANCE,1607,1665,1605.6,1655.9,1615.35,18677694,30564098283,2.510291887
08-09-2000,RELIANCE,362,375,361.05,370.9,361.85,5956473,2191407815,2.501036341
10-06-2015,RELIANCE,886,909.9,885,905.8,883.7,3088017,2789353176,2.500848704
10-06-2015,RELIANCE,886,909.9,885,905.8,883.7,3088017,2789353176,2.500848704
23-07-2004,RELIANCE,458,468.7,454.15,466.25,454.9,8805349,4065994817,2.495053858
19-11-2015,RELIANCE,918.9,938.7,917.25,934.75,912,2784876,2593595320,2.494517544
29-06-2012,RELIANCE,725.1,740.9,725.1,737.85,719.9,3833575,2812976231,2.493401861
28-07-1999,RELIANCE,172.45,177.65,172.1,175.05,170.8,8223225,1442887140,2.488290398
21-05-2008,RELIANCE,2580,2675,2550.25,2667.7,2602.95,3334889,8847788300,2.487562189
29-01-2015,RELIANCE,907.1,934.5,906.9,929.4,906.85,8255888,7648230604,2.486629542
21-06-2005,RELIANCE,632,648,621,646.15,630.5,16475825,10560467240,2.482157018
19-02-2020,RELIANCE,1479.35,1506.45,1475.1,1503.8,1467.4,6438918,9641269217,2.480577893
19-02-2020,RELIANCE,1479.35,1506.45,1475.1,1503.8,1467.4,6438918,9641269217,2.480577893
19-02-2020,RELIANCE,1479.35,1506.45,1475.1,1503.8,1467.4,6438918,9641269217,2.480577893
19-02-2020,RELIANCE,1479.35,1506.45,1475.1,1503.8,1467.4,6438918,9641269217,2.480577893
19-02-2020,RELIANCE,1479.35,1506.45,1475.1,1503.8,1467.4,6438918,9641269217,2.480577893
19-02-2020,RELIANCE,1479.35,1506.45,1475.1,1503.8,1467.4,6438918,9641269217,2.480577893
31-01-2003,RELIANCE,267,279.5,263.3,275.05,268.4,12299612,3370320534,2.477645306
01-11-2001,RELIANCE,257,262.9,255.25,260.7,254.4,3906455,1013611530,2.476415094
07-05-2010,RELIANCE,976,1060,976,1032.8,1007.85,16472546,17007272706,2.475566801
04-06-2020,RELIANCE,1544,1589.5,1541,1579.8,1541.65,15784612,24785560881,2.474621347
18-12-2013,RELIANCE,839.2,863.85,839.2,859.95,839.2,2745251,2352149269,2.472592946
03-01-2006,RELIANCE,899.5,923.9,896,920,897.85,4904724,4460748069,2.467004511
26-04-2006,RELIANCE,960,982,952.15,978.65,955.1,4795378,4650354029,2.465710397
22-03-1995,RELIANCE,262,262,256.4,258.05,251.85,297650,76962457.5,2.461782807
22-03-1995,RELIANCE,262,262,256.4,258.05,251.85,297650,76962457.5,2.461782807
21-01-1999,RELIANCE,130.5,133.25,126.75,133.25,130.05,8576450,1113891438,2.46059208
16-05-2014,RELIANCE,1090.1,1145.25,1062.1,1079.25,1053.4,12031151,13296117101,2.45395861
03-02-2011,RELIANCE,928,947.5,915,943.9,921.3,3896824,3641066011,2.453055465
15-10-2001,RELIANCE,265.6,276.7,263,273.6,267.05,4737266,1280530826,2.452724209
15-12-1994,RELIANCE,336,347,336,344.75,336.5,84000,28523985,2.451708767
19-01-1998,RELIANCE,156.5,161.9,155.05,161.05,157.2,6073200,965313155,2.449109415
28-03-1995,RELIANCE,263.85,274.45,263.25,267.8,261.4,559350,149812697.5,2.448355011
25-11-2003,RELIANCE,456,468.9,456,467.05,455.9,4945760,2290786742,2.445711779
16-08-2000,RELIANCE,331.9,340.8,330.25,337.4,329.35,4819689,1623092311,2.444208289
23-09-2021,RELIANCE,2447.4,2497,2445.5,2489.9,2430.5,7267883,17993432143,2.443941576
08-03-2018,RELIANCE,897.65,914.5,893.3,911.45,889.75,6072983,5489882190,2.438887328
04-10-2004,RELIANCE,533,549.4,533,546.2,533.25,5706154,3110444686,2.428504454
21-04-2005,RELIANCE,528,546,525,542.9,530.05,6087464,3282080182,2.424299594
23-05-2014,RELIANCE,1111.55,1132,1102,1127.45,1100.8,3786896,4231558829,2.42096657
31-07-2007,RELIANCE,1865,1901.8,1833,1893.5,1848.75,2246392,4205471855,2.420554429
08-03-1995,RELIANCE,274.6,282.25,272.35,279.5,272.9,454050,126346745,2.418468303
04-03-2005,RELIANCE,559.55,573.4,559.55,572.05,558.6,8710667,4928583016,2.407805227
21-04-2017,RELIANCE,1380.5,1421,1378.55,1402.5,1369.55,6910277,9705482124,2.405899748
08-12-2009,RELIANCE,1060,1084.45,1055.15,1080.35,1055,4670917,5020974935,2.402843602
18-01-2021,RELIANCE,1949.1,1997,1923.35,1983.95,1937.45,16198856,31874686565,2.400061937
18-03-2009,RELIANCE,1315.1,1362,1315.1,1331.4,1300.2,4368767,5862592772,2.399630826
26-12-1997,RELIANCE,163,167.25,162.5,166.5,162.6,6882600,1139618923,2.398523985
24-10-2000,RELIANCE,286,294.7,284.5,292.7,285.85,4991911,1451074856,2.396361728
03-11-2003,RELIANCE,486.95,500.9,486.95,498.1,486.45,8769709,4344987974,2.39490184
05-11-1998,RELIANCE,110,111.55,109.35,111.25,108.65,7008900,776662600,2.393005062
03-03-2004,RELIANCE,569.15,583.9,567.1,580.85,567.3,8516733,4916031106,2.388506963
16-11-2005,RELIANCE,801,819,801,817.45,798.45,5774378,4681530868,2.379610495
07-02-1997,RELIANCE,268.5,275.45,266,273.65,267.3,16212500,4388004595,2.375607931
22-12-2021,RELIANCE,2324.9,2371.9,2322,2366.1,2311.25,8149415,19125125459,2.373174689
13-02-2001,RELIANCE,402,411.9,397.5,410.05,400.55,8532878,3449271529,2.371738859
01-09-2003,RELIANCE,398.25,414.4,398.25,410.2,400.7,6030443,2437862875,2.370851011
26-07-2004,RELIANCE,466,479,460.1,477.3,466.25,8051003,3794808122,2.36997319
17-02-2016,RELIANCE,935.1,957.45,916.4,952.6,930.55,3529832,3312170035,2.369566385
30-08-2002,RELIANCE,250.7,256.4,249,255.5,249.6,3381295,859664592.6,2.363782051
14-10-2011,RELIANCE,842,869.7,841.5,866.9,846.9,4085035,3514797330,2.361553902
15-04-2008,RELIANCE,2514.9,2637,2486.35,2611.8,2551.55,4266890,10997573136,2.361309792
09-01-2023,RELIANCE,2545.3,2602,2543.35,2596.8,2536.9,4948549,12779628420,2.361149434
24-08-2009,RELIANCE,1960,1980.9,1948.6,1974.3,1928.8,2530517,4977876545,2.358979676
11-11-2011,RELIANCE,859,888.8,850.1,885.35,864.95,4969253,4317720129,2.358517833
23-09-2003,RELIANCE,400.15,415.9,397.75,412.55,403.05,5067816,2052949716,2.357027664
14-02-2023,RELIANCE,2329.95,2381.9,2323.65,2378.1,2323.35,6609564,15635420228,2.356511072
15-04-2013,RELIANCE,773.05,799.95,773.05,793.6,775.35,3699483,2921818636,2.353775714
08-06-2004,RELIANCE,445,456.55,441.5,455.25,444.8,7265744,3265562028,2.349370504
01-09-1997,RELIANCE,330.75,339.9,330,338.05,330.3,9869050,3308947740,2.346351801
21-04-2022,RELIANCE,2750.9,2789,2732,2782.1,2718.45,10018531,27786222124,2.341407788
05-08-2016,RELIANCE,998,1019,997.05,1016.25,993,2767914,2790650163,2.341389728
28-06-2004,RELIANCE,430.5,442.95,430.5,441.7,431.6,5428478,2379246422,2.34012975
09-02-2000,RELIANCE,349,354.65,344.8,350.4,342.4,11436821,4003088626,2.336448598
23-08-2019,RELIANCE,1239,1284,1226.5,1275.85,1246.75,9741262,12256262869,2.334068578
09-04-2020,RELIANCE,1214,1232.8,1193,1219.95,1192.15,15101711,18347214247,2.331921319
20-06-2018,RELIANCE,996,1022.9,994.85,1019.25,996.05,7193824,7306438843,2.329200341
08-08-2006,RELIANCE,955.5,979.7,955,977.15,954.95,2209516,2139395843,2.324729043
19-12-2014,RELIANCE,885.1,908.4,882.5,900.55,880.1,4588473,4126518156,2.323599591
02-11-2000,RELIANCE,308.9,318,308.9,315.7,308.55,5345328,1676660452,2.317290553
06-07-2000,RELIANCE,351,364.9,350,362.35,354.15,14329060,5138361050,2.315403078
29-05-2009,RELIANCE,2244.8,2307.7,2213,2271.9,2220.55,6396695,14521390950,2.312490149
22-03-2000,RELIANCE,245,248.5,241.2,243.4,237.9,4931613,1206167119,2.311895755
09-02-2004,RELIANCE,578.5,590,578.5,588.7,575.4,4990849,2918598488,2.311435523
30-05-1997,RELIANCE,296.05,302.4,294.25,301.05,294.25,17128750,5120535380,2.310960068
02-12-2002,RELIANCE,289.9,297.15,288,294.55,287.9,5907463,1728475994,2.309829802
17-06-2014,RELIANCE,1058.1,1093.3,1058.1,1090.05,1065.45,3617320,3886327058,2.30888357
11-11-2022,RELIANCE,2600,2636,2588,2631.8,2572.5,5681124,14853880990,2.305150632
14-05-2019,RELIANCE,1236.5,1269.35,1231.5,1260.45,1232.05,13001004,16285800117,2.305101254
05-06-1997,RELIANCE,306.4,315.25,305.3,310.75,303.75,21223850,6594543400,2.304526749
02-05-2008,RELIANCE,3026,3026,2629,2674.75,2614.5,2409509,6405794458,2.304455919
09-01-2020,RELIANCE,1538.6,1550,1531.25,1548,1513.15,6849606,10560431963,2.303142451
06-03-2006,RELIANCE,717,733.9,717,732.2,715.75,6130529,4451562853,2.298288509
20-06-2025,RELIANCE,1431,1471,1428.1,1466.2,1433.3,29010635,42433300496,2.295402219
26-11-2001,RELIANCE,295.7,301.7,294.25,298.6,291.9,2619888,783101124.1,2.295306612
03-02-2003,RELIANCE,282,282.5,276.55,281.35,275.05,4080381,1141557334,2.290492638
27-01-1999,RELIANCE,135.75,138.5,134.5,136.25,133.2,6855100,937541917.5,2.28978979
17-04-2001,RELIANCE,307,321.8,306,315.2,308.15,3952056,1246571094,2.287846828
12-07-2013,RELIANCE,874.25,896,869.6,889.95,870.05,3285192,2899164419,2.287224872
29-10-2019,RELIANCE,1445.5,1480,1442.1,1467.05,1434.25,11780494,17264861676,2.286909535
27-02-2004,RELIANCE,545.55,556.6,545,554.7,542.3,8262031,4550108404,2.286557256
07-04-2003,RELIANCE,295.25,302,295,300.15,293.45,4929495,1473333300,2.283182825
25-07-2003,RELIANCE,345,351,342.3,349.6,341.8,8078652,2806487237,2.282036279
10-07-2003,RELIANCE,328.9,335.6,326.65,334.1,326.65,4260327,1413264256,2.280728609
16-11-2017,RELIANCE,885.5,906,885.5,903.85,883.7,6931038,6238352388,2.280185583
02-12-2019,RELIANCE,1600,1614.45,1577,1586.5,1551.15,14275186,22736671351,2.278954324
07-10-2004,RELIANCE,549.9,564.4,547.25,558.8,546.35,6830670,3819806813,2.278759037
07-10-2004,RELIANCE,549.9,564.4,547.25,558.8,546.35,6830670,3819806813,2.278759037
28-11-2003,RELIANCE,477,489.9,477,487.05,476.2,5419378,2620595199,2.278454431
26-10-2021,RELIANCE,2617.1,2668.9,2603.15,2661.05,2601.8,4499706,11859859537,2.277269583
28-06-2024,RELIANCE,3062.05,3162,3062.05,3130.8,3061.1,14478668,45180850345,2.276959263
10-06-2020,RELIANCE,1543.1,1579.55,1540.05,1572.15,1537.15,10214426,15901058051,2.276941092
08-09-2011,RELIANCE,833.5,859,814.5,852.45,833.5,8065388,6750853779,2.273545291
26-05-2010,RELIANCE,994.9,1010,991,1008.05,985.65,3137663,3146442252,2.272611982
23-12-2004,RELIANCE,498.7,509.25,497.5,506.3,495.05,8663566,4374632652,2.272497728
01-03-2004,RELIANCE,569,569.45,556.3,567.3,554.7,6235209,3502546747,2.271498107
25-07-2000,RELIANCE,322.55,336.45,320.2,333.9,326.5,6604953,2172379714,2.266462481
26-03-2004,RELIANCE,517.95,530.3,517.95,525.7,514.05,7547350,3965620199,2.266316506
27-08-1999,RELIANCE,182,186.4,182,185.1,181,4483226,828467080.4,2.26519337
16-05-2007,RELIANCE,1601,1648,1598.6,1634.7,1598.5,2843184,4588224527,2.264623084
15-02-2023,RELIANCE,2376,2437.2,2373,2431.95,2378.1,15461902,37379921256,2.264412766
10-12-2003,RELIANCE,487.5,502.45,486.1,497.6,486.6,10279517,5089833508,2.260583642
02-12-2010,RELIANCE,999,1013.45,995.05,1011.15,988.8,5676667,5698627353,2.260315534
18-03-1998,RELIANCE,178.5,180.4,177.6,178.75,174.8,6532400,1168530603,2.2597254
03-06-2019,RELIANCE,1335,1367.25,1321.2,1360.2,1330.15,8483610,11405935738,2.259143706
19-12-1997,RELIANCE,156.35,161.3,155.5,160.75,157.2,9096600,1451211398,2.25826972
29-04-2025,RELIANCE,1371,1410.9,1370,1399.7,1368.8,32538970,45417061105,2.257451783
04-01-2022,RELIANCE,2415.9,2461,2404,2458.1,2403.85,5006225,12201491702,2.256796389
30-09-2022,RELIANCE,2311,2402,2311,2377.75,2325.3,8589908,20371810194,2.25562293
24-02-1999,RELIANCE,139,142.6,136.8,140.9,137.8,16886600,2370550148,2.249637155
05-08-1997,RELIANCE,364,373,362.25,371,362.85,9478850,3482378840,2.246107207
10-02-1999,RELIANCE,120.5,123.3,119.1,123,120.3,5214250,632044905,2.244389027
10-02-1999,RELIANCE,120.5,123.3,119.1,123,120.3,5214250,632044905,2.244389027
25-08-2015,RELIANCE,840.85,860.65,823.2,848.15,829.55,11315843,9524768449,2.242179495
09-07-2019,RELIANCE,1248.95,1283.5,1245.5,1280.1,1252.05,8016757,10202649426,2.240325866
03-04-2008,RELIANCE,2350,2418,2346,2396.05,2343.55,1977750,4719569768,2.240191163
09-08-2001,RELIANCE,326,339.75,325,335.8,328.45,2330234,772837202.9,2.237783529
24-09-1998,RELIANCE,123.9,126.25,123.9,125.7,122.95,7852400,982802777.5,2.236681578
03-10-2017,RELIANCE,795,803.85,785.35,798.35,780.9,8387059,6691289331,2.234601101
07-08-1996,RELIANCE,206.75,211.5,205.5,210.55,205.95,10921150,2280880845,2.233551833
14-05-1998,RELIANCE,172.5,180,170.1,178.7,174.8,12359650,2162096533,2.231121281
05-07-2024,RELIANCE,3107.65,3197,3096,3177.25,3108.05,6134855,19323716028,2.226476408
12-10-2006,RELIANCE,1144.45,1173,1142.25,1168.75,1143.3,3890228,4501581543,2.22601242
21-02-2011,RELIANCE,936.1,960.9,934.2,956.35,935.55,5858555,5559874541,2.223291112
30-07-2001,RELIANCE,305.45,314,303.3,312.85,306.05,1499863,466413894.3,2.221859173
11-12-2007,RELIANCE,2855,2898.95,2830,2885.65,2822.95,3182745,9146979546,2.221080784
15-10-2003,RELIANCE,469.15,482.9,466.35,478.65,468.25,6397161,3026195845,2.221035771
25-06-1998,RELIANCE,144.5,149.2,144.5,147.3,144.1,4931650,726665877.5,2.220680083
27-02-1997,RELIANCE,265.1,270.75,264.9,269.7,263.85,9974050,2667691703,2.217168846
17-06-2008,RELIANCE,2280.05,2340,2260,2332.9,2282.35,2493500,5740865175,2.214822442
03-06-1999,RELIANCE,176.95,180.85,175.3,178,174.15,14028686,2501135892,2.21073787
05-03-2008,RELIANCE,2240.1,2320,2227.1,2292.75,2243.2,2937145,6637807420,2.208898003
04-09-2013,RELIANCE,833.75,864.55,833,849.35,831,3045550,2595483648,2.208182912
24-11-1995,RELIANCE,221,227,220.5,224.5,219.65,5023900,1125746158,2.208058275
01-06-1995,RELIANCE,274.95,278.4,272,277.85,271.85,1862450,513677175,2.207099503
06-09-2000,RELIANCE,356,365.9,352,363.6,355.75,9780431,3532673890,2.206605762
19-09-2003,RELIANCE,395.05,407.85,392,404.05,395.35,10975666,4404543381,2.200581763
18-02-2009,RELIANCE,1267,1317.8,1240,1295.15,1267.3,4574188,5923002767,2.197585418
21-01-2013,RELIANCE,938.1,955,918.05,919.95,900.2,10047910,9351326004,2.193956898
06-03-2019,RELIANCE,1239.8,1273.1,1235.1,1264.8,1237.65,12038231,15139719373,2.193673494
11-07-2005,RELIANCE,618.15,636,618.15,633.9,620.3,4123835,2597749793,2.192487506
30-09-2003,RELIANCE,436.25,445.35,435,443.8,434.3,7794669,3441943376,2.187428045
15-05-2009,RELIANCE,1915,1960,1911.65,1950.7,1908.95,3153527,6105916794,2.187066188
07-06-2011,RELIANCE,933.55,960,933.55,958.25,937.75,4025919,3826839404,2.186083711
05-11-2020,RELIANCE,1954.95,1960.95,1932,1955,1913.2,17170274,33465297066,2.184821242
18-01-1995,RELIANCE,279.25,284.7,278,283.35,277.3,88500,24963475,2.181752614
08-08-2003,RELIANCE,359.9,364.45,357,363.3,355.55,7174479,2595527615,2.179721558
07-09-1998,RELIANCE,116.9,118.85,115.25,117.2,114.7,11094800,1298335820,2.179598954
05-03-2004,RELIANCE,571,587.5,571,586.15,573.65,4136933,2410739717,2.179029025
16-09-2008,RELIANCE,1800,1935,1800,1928.05,1886.95,4476452,8418858876,2.178118127
15-12-2015,RELIANCE,957,977.95,953.65,975.9,955.1,3593061,3483432305,2.177782431
13-04-2009,RELIANCE,1759.95,1789,1723,1773.55,1735.75,3804850,6674712384,2.177732968
07-01-2015,RELIANCE,837.1,858.8,837,854.3,836.1,4736315,4024972096,2.176773113
02-02-2024,RELIANCE,2866.35,2949.8,2866.35,2915.4,2853.3,9826294,28628319859,2.176427295
08-05-2015,RELIANCE,871,893.75,861.1,889.7,870.75,3909788,3445200208,2.176284812
16-10-2009,RELIANCE,2170,2226,2161,2218.75,2171.5,3357818,7411994349,2.175915266
21-01-2021,RELIANCE,2082,2120,2075,2099.4,2054.7,18038987,37928961935,2.175500073
31-10-2014,RELIANCE,981.85,1003.7,981.85,1000.55,979.25,3219842,3204961711,2.175134031
20-07-2005,RELIANCE,666,683,666,679.1,664.65,5825914,3950514855,2.174076582
20-07-2005,RELIANCE,666,683,666,679.1,664.65,5825914,3950514855,2.174076582
06-05-1999,RELIANCE,147.8,150.85,145,150.4,147.2,9271889,1381476514,2.173913043
01-01-1999,RELIANCE,120,122.45,119.6,122.2,119.6,6576900,797513545,2.173913043
26-03-2009,RELIANCE,1549.7,1579,1523,1565.5,1532.2,8215501,12742884295,2.173345516
19-08-2003,RELIANCE,362.65,371.45,360.65,369.1,361.25,5876836,2155458641,2.173010381
31-01-2022,RELIANCE,2360.2,2406.4,2356.2,2386.6,2335.85,5604308,13384612780,2.172656635
15-02-2007,RELIANCE,1382.5,1413.7,1382.5,1406.95,1377.05,2044494,2866924571,2.171308231
05-07-2013,RELIANCE,866.35,884.75,866.35,880.35,861.65,2915951,2563446572,2.170254744
19-06-2003,RELIANCE,301.15,326,301.15,324.9,318,7189801,2327134348,2.169811321
04-12-2003,RELIANCE,490.45,511.5,490.45,508.7,497.9,12859046,6501769050,2.169110263
04-09-2012,RELIANCE,763.95,781.15,762.2,779.6,763.05,2001239,1548722149,2.168927331
21-09-1998,RELIANCE,120.9,124.75,120.9,122.55,119.95,9901800,1224141290,2.167569821
09-01-2015,RELIANCE,848.4,862,845,860.3,842.05,3061366,2608740827,2.167329731
28-10-2009,RELIANCE,1985.05,2043.35,1985.05,2034.15,1991,2949900,5966834497,2.167252637
28-11-2018,RELIANCE,1132.45,1157.75,1126.3,1152.65,1128.2,8003964,9156579875,2.167168942
26-11-2015,RELIANCE,971,991.95,968.25,988.65,967.7,5441612,5351054045,2.164927147
17-08-2005,RELIANCE,700,718,695,714.95,699.8,6998309,4958683047,2.164904258
19-12-2019,RELIANCE,1573.7,1614.9,1571.8,1609.95,1575.85,9375484,14960269699,2.16391154
02-02-2001,RELIANCE,384.5,395.9,383.95,394.5,386.15,10129102,3977275251,2.162372135
10-05-2017,RELIANCE,1334.8,1363.6,1330.65,1359.1,1330.35,5235932,7082604050,2.161085429
16-05-2006,RELIANCE,1024.95,1054.9,976,1043.7,1021.65,12525373,12801973740,2.158273381
03-07-2000,RELIANCE,338,351.95,338,348.15,340.8,9853239,3429506942,2.156690141
02-05-2002,RELIANCE,283.95,286,281.5,284.35,278.35,1310034,371262968.9,2.155559547
13-10-2003,RELIANCE,470.85,484,465.5,481.05,470.9,5561367,2653102040,2.155447016
20-07-2018,RELIANCE,1113.4,1138.5,1111.9,1128.65,1104.85,8018150,9023164649,2.154138571
20-07-2018,RELIANCE,1113.4,1138.5,1111.9,1128.65,1104.85,8018150,9023164649,2.154138571
18-03-2019,RELIANCE,1331,1357.95,1329,1350.05,1321.65,10105234,13553461916,2.148829115
27-04-2018,RELIANCE,989.8,1011,985.5,996.3,975.35,11666267,11665872661,2.147946891
18-07-2002,RELIANCE,255,260.4,254.15,259.35,253.9,1784020,458298639.5,2.146514376
01-03-2024,RELIANCE,2927,3000,2925,2984.25,2921.6,6066463,17998957521,2.144372946
13-04-2006,RELIANCE,830,852.9,827.2,846.5,828.75,8754381,7375985584,2.141779789
04-04-2002,RELIANCE,300.5,319.9,300.5,305.35,298.95,9876960,3040150986,2.140826225
12-08-2016,RELIANCE,1017,1042.9,1017,1035.8,1014.1,3740861,3863571902,2.139828419
21-07-2014,RELIANCE,1000,1008,995.05,997.65,976.75,3883004,3889683016,2.139749168
19-09-2013,RELIANCE,888.05,895.95,880.55,890.6,871.95,4328339,3840344485,2.13888411
21-09-2012,RELIANCE,833,854.7,832,850.3,832.5,8214274,6936791041,2.138138138
13-07-1999,RELIANCE,188,199.8,187.55,191.25,187.25,19649746,3821367930,2.136181575
04-11-2002,RELIANCE,263.05,264.3,260.3,263.25,257.75,5166758,1359149735,2.13385063
07-10-2020,RELIANCE,2235,2309,2220,2257.5,2210.35,24538620,55856495761,2.133146334
07-10-2020,RELIANCE,2235,2309,2220,2257.5,2210.35,24538620,55856495761,2.133146334
29-12-2005,RELIANCE,868,895,868,891.1,872.5,9084303,8051119285,2.131805158
29-07-2022,RELIANCE,2474.7,2517.1,2464,2509.45,2457.1,6982808,17417222455,2.130560417
28-08-2018,RELIANCE,1296,1323,1295,1319,1291.5,8694751,11401552158,2.129307007
29-07-2025,RELIANCE,1383,1420.2,1383,1417.1,1387.6,10750072,15082211933,2.125972903
11-02-2000,RELIANCE,364,374,360.05,363.3,355.75,8155627,2988997198,2.12227688
11-02-2015,RELIANCE,886,904.75,883,900.7,882,2235774,2000218384,2.120181406
01-11-2000,RELIANCE,310.45,312.8,304.55,308.55,302.15,5175535,1599524489,2.118153235
10-06-2009,RELIANCE,2291,2339.9,2286.15,2320.2,2272.15,3965233,9197592951,2.114737143
10-06-2009,RELIANCE,2291,2339.9,2286.15,2320.2,2272.15,3965233,9197592951,2.114737143
13-05-1996,RELIANCE,244.5,247.9,243.1,246.4,241.3,14223050,3490890433,2.113551596
26-02-2002,RELIANCE,317.4,324,315.6,321.35,314.7,2888459,924026280.6,2.11312361
12-06-1997,RELIANCE,317.4,324.95,317,324,317.3,14667500,4716753953,2.111566341
16-10-2018,RELIANCE,1146,1167.4,1140,1163.8,1139.75,7478601,8632001461,2.110111867
24-06-2014,RELIANCE,1045,1062.8,1045,1059.85,1037.95,2717888,2868954489,2.109928224
24-02-2000,RELIANCE,332.9,340.7,329.3,336.75,329.8,5663873,1903704960,2.10733778
12-02-2008,RELIANCE,2281,2420,2257,2324.85,2277,4073504,9502258100,2.101449275
06-07-2023,RELIANCE,2576.05,2644.45,2576.05,2638.75,2584.5,8822948,23191525859,2.099052041
30-06-2010,RELIANCE,1060,1093.95,1057.5,1089.85,1067.45,6088910,6606493418,2.098458944
16-09-2021,RELIANCE,2381.55,2436.75,2367,2428.2,2378.3,6206657,14949050570,2.098137325
01-04-2019,RELIANCE,1370,1406.8,1362.55,1391.85,1363.25,10098281,14003614629,2.097927746
15-05-2025,RELIANCE,1425,1461.4,1412.7,1454.2,1424.4,20177211,29083683835,2.092108958
08-12-2016,RELIANCE,1005.05,1021.8,1004.35,1020.05,999.15,2000230,2034423374,2.091778011
01-10-2010,RELIANCE,992,1010,990,1007.9,987.25,4366861,4374225929,2.091668777
12-03-2019,RELIANCE,1316.9,1334,1314.25,1331.35,1304.1,11228736,14876774951,2.089563684
13-07-2011,RELIANCE,853.05,869.7,851.1,865.45,847.75,3892719,3350151755,2.087879682
25-09-1997,RELIANCE,339,348.5,338,347.3,340.2,10090200,3478603448,2.087007643
07-07-2011,RELIANCE,858,874.9,855.25,870.7,852.9,4603204,3978126226,2.086997303
30-08-2017,RELIANCE,1547.55,1568.8,1541.25,1564.1,1532.15,2362387,3681230671,2.085304964
10-04-2008,RELIANCE,2425,2519.4,2406,2468.65,2418.25,3666638,9067175594,2.084151763
22-05-2014,RELIANCE,1086,1113.4,1084.7,1100.8,1078.4,4284833,4715737326,2.077151335
24-09-2001,RELIANCE,217.5,226.85,214.6,221.15,216.65,7276553,1601418479,2.077082853
21-02-2003,RELIANCE,289.15,295.9,289,294.9,288.9,4517701,1326030908,2.076843198
16-08-2012,RELIANCE,802.05,821.85,799.1,816.15,799.55,4944737,4021860887,2.076167844
05-10-2021,RELIANCE,2555.1,2612,2547.35,2609.2,2556.15,6245770,16126767140,2.075386812
29-06-2022,RELIANCE,2507.2,2597,2501,2580.15,2527.7,8863172,22682290935,2.075008901
22-12-2004,RELIANCE,487.95,498.8,485.05,495.05,485,9654627,4758751087,2.072164948
01-07-2004,RELIANCE,439.4,439.9,430.1,438.55,429.65,4945934,2155362470,2.071453509
07-12-1998,RELIANCE,113.45,116.2,113.1,115.85,113.5,6756400,774967612.5,2.070484581
16-10-2003,RELIANCE,497.9,497.9,480.6,488.55,478.65,16486307,8098087449,2.068317142
26-07-2007,RELIANCE,1910,1948.5,1906,1941.95,1902.6,3789715,7338519060,2.068222432
31-03-2004,RELIANCE,527.05,540,524.75,538.05,527.15,5489134,2930553887,2.06772266
03-11-1995,RELIANCE,254,262.9,252.25,261.9,256.6,10563100,2717509940,2.065471551
13-10-1997,RELIANCE,429.9,440.8,425.4,430.2,421.5,29317850,12684629868,2.06405694
30-10-2023,RELIANCE,2274,2325,2269.95,2312.5,2265.8,8406652,19422270423,2.061082178
06-10-2010,RELIANCE,1030,1047,1026.95,1044.95,1023.85,6431802,6677124259,2.060848757
02-03-2016,RELIANCE,992.9,1005.75,987.25,1001.5,981.3,4595886,4590432124,2.058493835
04-08-2005,RELIANCE,717,755.65,717,729.2,714.5,14466212,10567524934,2.057382785
13-04-2004,RELIANCE,564,575.9,555.4,573.3,561.75,4054932,2293809366,2.056074766
23-05-2005,RELIANCE,524,532.95,522,531.15,520.45,2051339,1084874597,2.055913152
22-04-2010,RELIANCE,1050.5,1093.9,1050.05,1075.75,1054.1,5851352,6283987717,2.053884831
28-12-2004,RELIANCE,519.95,529,518.6,527.55,516.95,7676579,4028798929,2.050488442
02-09-2003,RELIANCE,415,421.6,411.65,418.6,410.2,9658341,4025364742,2.04778157
08-03-2016,RELIANCE,1007.5,1030.9,1007.5,1027,1006.4,3022554,3087984351,2.046899841
03-02-2009,RELIANCE,1290,1334.7,1273.05,1306.2,1280,6910891,9025099179,2.046875
17-07-2023,RELIANCE,2747,2815.05,2728,2796.7,2740.7,10254545,28510731061,2.043273616
26-11-2002,RELIANCE,289.7,295.8,289.55,292.4,286.55,13852575,4054769684,2.041528529
03-04-2007,RELIANCE,1320.5,1346,1309.5,1340.75,1313.95,2661129,3539109832,2.039651433
29-05-2002,RELIANCE,275,275,257.25,265.3,260,1763694,464131129.7,2.038461538
27-05-2009,RELIANCE,2172,2205,2152.45,2186.35,2142.7,5225093,11371767100,2.037149391
04-01-2011,RELIANCE,1060,1079.9,1057.3,1077.1,1055.6,5033831,5383671539,2.036756347
13-12-2011,RELIANCE,723.9,746,721,742.3,727.5,5228468,3841451760,2.034364261
09-12-2005,RELIANCE,840,864.9,840,863.35,846.15,6477762,5562311312,2.032736512
25-02-1997,RELIANCE,255,268.85,253.05,261.5,256.3,18325350,4819601575,2.028872415
03-03-2020,RELIANCE,1329.7,1353.9,1322,1342.85,1316.15,12525809,16775518804,2.028644152
03-03-2020,RELIANCE,1329.7,1353.9,1322,1342.85,1316.15,12525809,16775518804,2.028644152
03-03-2020,RELIANCE,1329.7,1353.9,1322,1342.85,1316.15,12525809,16775518804,2.028644152
03-03-2020,RELIANCE,1329.7,1353.9,1322,1342.85,1316.15,12525809,16775518804,2.028644152
03-03-2020,RELIANCE,1329.7,1353.9,1322,1342.85,1316.15,12525809,16775518804,2.028644152
03-06-2008,RELIANCE,2350,2424.9,2313,2406.65,2358.8,3612031,8646272565,2.028573851
16-07-1998,RELIANCE,148.8,151.45,147.75,150.9,147.9,3431450,514333345,2.028397566
22-01-2016,RELIANCE,994.05,1011,994.05,1004.15,984.2,5413455,5431058011,2.027027027
31-12-2004,RELIANCE,531.25,535.85,525.6,533.7,523.1,4782233,2545375124,2.026381189
03-06-2022,RELIANCE,2744,2817.35,2742,2779.5,2724.3,11048210,30861449557,2.026208567
17-04-1998,RELIANCE,194.9,199.45,193.6,198.9,194.95,6778200,1335421958,2.026160554
04-05-1995,RELIANCE,245,249.5,239,247.15,242.25,990200,241832490,2.022703818
11-07-2000,RELIANCE,369.9,377.7,366.55,375.95,368.5,12140871,4531787110,2.021709634
01-12-2004,RELIANCE,523,536.8,523,527.5,517.05,6203906,3281292466,2.021081133
10-07-2000,RELIANCE,363,371,358.65,368.5,361.2,9419083,3442897900,2.021040975
25-06-2004,RELIANCE,424,436.6,423.1,431.6,423.05,8228788,3547680680,2.021037702
05-05-2014,RELIANCE,925,958.5,925,946.85,928.1,3474292,3286954568,2.020256438
24-03-2025,RELIANCE,1291,1306,1284.25,1302.1,1276.35,20299319,26335901171,2.017471697
14-03-1997,RELIANCE,272,285,270.8,280.65,275.1,24243700,6781301825,2.017448201
18-05-2015,RELIANCE,874.9,894,872.2,891.55,873.95,2250982,1993494078,2.013845186
07-10-2008,RELIANCE,1661.15,1712,1613.5,1674.65,1641.6,6456317,10782449827,2.013279727
07-10-2008,RELIANCE,1661.15,1712,1613.5,1674.65,1641.6,6456317,10782449827,2.013279727
13-04-2015,RELIANCE,906.8,924.75,898.75,922.5,904.35,4612201,4220086514,2.006966329
19-11-2018,RELIANCE,1132.9,1151.7,1131,1150,1127.4,7308981,8353119946,2.004612382
28-01-2015,RELIANCE,886.1,909.8,886.1,906.85,889.05,4411227,3961282115,2.002137113
01-02-2005,RELIANCE,533.9,547,530.05,542.95,532.3,8016759,4341464946,2.000751456
09-07-2018,RELIANCE,987.1,1000,983.5,997.1,977.55,5170189,5128442011,1.999897703
08-02-2023,RELIANCE,2313,2359.9,2307,2351.95,2305.9,9765490,22899822662,1.997051043
07-06-2017,RELIANCE,1311.2,1342,1309,1339,1312.8,2559954,3399718610,1.995734308
06-10-2003,RELIANCE,448.5,459.8,422.5,457.5,448.55,4881619,2218436685,1.995318248
10-10-2001,RELIANCE,252,263.8,252,258.15,253.1,6465289,1672395140,1.995258791
29-07-1996,RELIANCE,210.85,218.25,209.6,212.2,208.05,15793800,3389695423,1.994712809
06-09-2019,RELIANCE,1203,1229,1195.25,1222.5,1198.6,10600234,12883178006,1.993992992
27-12-2018,RELIANCE,1107.2,1127,1104,1120.2,1098.35,12478000,13971553903,1.989347658
27-12-2018,RELIANCE,1107.2,1127,1104,1120.2,1098.35,12478000,13971553903,1.989347658
10-07-2001,RELIANCE,331.5,334.9,327,333.7,327.2,1783315,591353421.1,1.986552567
08-01-2025,RELIANCE,1249,1271.05,1245.35,1265.5,1240.85,19346579,24439345121,1.986541484
28-06-1995,RELIANCE,262.5,269.5,261.2,267.05,261.85,849400,224901360,1.985869773
27-11-1997,RELIANCE,163,167.5,159.1,166.95,163.7,12915300,2129089343,1.985339035
20-07-1995,RELIANCE,272,277.4,270.1,274.85,269.5,1291750,353942632.5,1.985157699
20-07-1995,RELIANCE,272,277.4,270.1,274.85,269.5,1291750,353942632.5,1.985157699
25-04-2013,RELIANCE,807.6,826.6,807.6,819.65,803.7,5925225,4850535813,1.984571357
14-02-2018,RELIANCE,923,942.5,921,933.65,915.5,10170959,9468181695,1.982523211
17-04-2017,RELIANCE,1365,1395.55,1365,1391.85,1364.8,2705854,3735039098,1.981975381
06-05-2004,RELIANCE,535,543.3,534.15,540.5,530,5894002,3176314952,1.981132075
12-07-1995,RELIANCE,260,263.5,226.35,262.75,257.65,550950,144536607.5,1.979429459
05-08-2004,RELIANCE,496.9,504.7,495.15,503,493.25,6354706,3179345209,1.976685251
24-09-2008,RELIANCE,1990.05,2064.95,1990.05,2046.1,2006.45,5464106,11162269830,1.97612699
14-12-2007,RELIANCE,2805,2900,2805,2888.65,2832.75,3562187,10190670668,1.973347454
27-04-2006,RELIANCE,982,1050,982,997.95,978.65,9853311,9828009038,1.97210443
31-10-2003,RELIANCE,480,487.75,478.1,486.45,477.05,4718758,2284860691,1.97044335
19-03-2003,RELIANCE,282,285.7,281.55,285.05,279.55,3524481,1000007099,1.967447684
30-08-2000,RELIANCE,334.75,338.8,331.6,336.9,330.4,3066115,1029312421,1.967312349
01-07-2020,RELIANCE,1720,1749,1708.05,1737.6,1704.1,13136706,22726570311,1.965847075
12-02-2018,RELIANCE,903,918.2,902.05,915.5,897.85,5429792,4942032259,1.965807206
12-06-2007,RELIANCE,1674.9,1711.85,1662.7,1698.9,1666.15,2972202,4998894379,1.965609339
06-10-2016,RELIANCE,1092,1126.25,1092,1110.8,1089.4,4825630,5376475095,1.964384065
30-08-2004,RELIANCE,461.1,468.4,461.1,467.2,458.2,3505532,1635621960,1.96420777
24-07-1995,RELIANCE,280,284.4,280,283.05,277.6,1701100,480733785,1.963256484
19-03-2019,RELIANCE,1360,1380,1343.1,1376.55,1350.05,9805318,13356900675,1.962890263
02-01-2012,RELIANCE,696.8,709.75,687.15,706.55,692.95,4299217,3003173233,1.962623566
02-09-2020,RELIANCE,2092,2138,2085,2128.2,2087.25,12437209,26358056793,1.961911606
14-05-2007,RELIANCE,1610,1627,1605,1620.25,1589.1,1910033,3086842391,1.96022906
10-11-2006,RELIANCE,1267,1293.7,1253.15,1285.3,1260.6,3433415,4393143131,1.95938442
27-11-2003,RELIANCE,467.15,480.3,467.15,476.2,467.05,7246806,3446102291,1.959105021
16-09-1997,RELIANCE,345.15,354.2,345.15,351.4,344.65,8454700,2969896290,1.958508632
26-12-2011,RELIANCE,747.05,764.8,745.55,761,746.4,2376469,1800774722,1.956055734
29-06-2005,RELIANCE,634,647,632.7,641.85,629.55,8831638,5647922874,1.953776507
03-06-2010,RELIANCE,1019.9,1038,1019.9,1030.8,1011.05,3910363,4031317956,1.953414767
13-10-2020,RELIANCE,2230.6,2285.75,2225.85,2280.7,2237.05,10666280,24103209104,1.951230415
17-11-1997,RELIANCE,165.35,168.25,163.4,167.2,164,8449500,1403018758,1.951219512
17-11-1997,RELIANCE,165.35,168.25,163.4,167.2,164,8449500,1403018758,1.951219512
12-09-2024,RELIANCE,2914,2972,2891.75,2959.6,2903,11174688,32744474467,1.949707199
15-06-2017,RELIANCE,1360,1395,1359.1,1383.95,1357.5,6466804,8921027745,1.948434622
16-06-1995,RELIANCE,270,274.4,270,272.4,267.2,1272550,346803430,1.946107784
02-04-2013,RELIANCE,780.2,796.5,778.3,793.9,778.75,2539732,2002765080,1.945425361
29-05-2003,RELIANCE,289.5,294.9,286.5,293.6,288,4330163,1260194325,1.944444444
31-08-2017,RELIANCE,1575,1597.45,1574,1594.5,1564.1,5738495,9108681150,1.943609744
08-10-2024,RELIANCE,2745.95,2802,2730.2,2794.7,2741.45,8510404,23561905588,1.942402743
24-03-2014,RELIANCE,891.25,908.75,891.1,905.4,888.15,6586731,5950153930,1.942239487
31-07-2008,RELIANCE,2214.8,2220,2155.25,2207.5,2165.5,3253164,7139780112,1.939505888
14-10-2016,RELIANCE,1063,1082,1061.65,1077.65,1057.15,3489473,3745322971,1.939176087
28-01-2003,RELIANCE,270.35,279.7,269.3,278.65,273.35,5259578,1442884457,1.938906164
15-09-2016,RELIANCE,1047,1070.2,1047,1065,1044.75,7170885,7567970041,1.938262742
14-02-2017,RELIANCE,1035,1052.9,1029.9,1049.8,1029.85,4170414,4368108267,1.937175317
26-09-2003,RELIANCE,420.8,427.45,417,426.3,418.2,7256463,3060857792,1.93687231
04-07-2018,RELIANCE,971.8,992,971,990.1,971.3,5000724,4915326240,1.935550293
15-09-2009,RELIANCE,2142,2184,2142,2180.9,2139.5,2157020,4685895138,1.935031549
08-06-2005,RELIANCE,551.3,560,550,558.45,547.85,5176615,2875003814,1.934836178
11-12-2000,RELIANCE,340.9,346.95,340,345.95,339.4,6063721,2085600221,1.929876252
14-08-2018,RELIANCE,1190,1217.2,1184.3,1210.6,1187.7,5299536,6376786745,1.928096321
18-10-2016,RELIANCE,1066,1082.75,1062.05,1081.1,1060.65,2531133,2725292003,1.92806298
28-02-2012,RELIANCE,789.05,800.35,787.7,796.5,781.45,5289418,4207066465,1.925906968
31-01-2005,RELIANCE,525,534.5,522.7,532.3,522.25,6130579,3241813211,1.924365725
30-08-2021,RELIANCE,2250,2275.85,2236.8,2270.25,2227.4,6473487,14638152006,1.923767621
30-03-2022,RELIANCE,2639.9,2688,2617.1,2672.95,2622.55,7297028,19420019029,1.921793674
30-01-2017,RELIANCE,1024.95,1046.45,1024.8,1044.8,1025.1,3583756,3721227069,1.92176373
31-07-2012,RELIANCE,731.6,746.1,721,743.6,729.6,3081258,2268060937,1.918859649
21-11-2003,RELIANCE,446.2,461.9,446.2,459.45,450.8,6034467,2740211645,1.918811003
31-07-2001,RELIANCE,314.75,320.75,303.65,318.85,312.85,3962478,1234683014,1.917852006
09-10-2014,RELIANCE,938.2,957.25,938.2,954.65,936.7,2552056,2428778253,1.916301911
26-02-2009,RELIANCE,1258,1297,1251.3,1290.8,1266.55,3839552,4886505492,1.914650034
06-03-2014,RELIANCE,809.35,824.4,809.3,822.45,807,2325283,1902824246,1.914498141
29-05-2007,RELIANCE,1722,1768,1712.8,1756.9,1723.9,2321445,4039297036,1.914264168
01-03-2000,RELIANCE,315,329.85,299,316.8,310.85,10765888,3379064973,1.914106482
06-02-2004,RELIANCE,568.75,577,564.1,575.4,564.6,6548357,3740865613,1.912858661
16-08-1999,RELIANCE,167.9,172.95,167.8,170.6,167.4,5370274,916926619.4,1.911589008
23-01-2001,RELIANCE,374.75,384.25,374.75,381.65,374.5,8274005,3150118252,1.909212283
24-07-2017,RELIANCE,1600,1624.9,1585,1615.25,1585,9927229,16018796812,1.90851735
26-06-2025,RELIANCE,1469.1,1498.8,1465.1,1495.3,1467.3,14657893,21813325246,1.908266885
30-07-2018,RELIANCE,1130,1157.3,1128,1151.4,1129.85,13872467,15861210912,1.907332832
09-04-2014,RELIANCE,950,966.7,947.15,962.15,944.15,3071917,2931955188,1.906476725
16-10-2006,RELIANCE,1195,1219,1194,1213.4,1190.7,4348186,5262093201,1.906441589
24-03-2008,RELIANCE,2160,2209.7,2125.4,2200.25,2159.1,2985289,6446256723,1.905886712
04-02-2008,RELIANCE,2536,2642,2536,2591.2,2542.75,2950332,7691257100,1.905417363
03-01-2005,RELIANCE,539.4,545,533.8,543.85,533.7,6868471,3708967760,1.9018175
22-02-2016,RELIANCE,944.1,968.3,944.1,962.3,944.35,2919198,2805180452,1.900778313
06-06-2012,RELIANCE,704.45,718,698.5,715.9,702.55,5315222,3774881502,1.900220625
15-01-2007,RELIANCE,1364.8,1372,1346,1364.95,1339.5,3217452,4379390802,1.899962673
20-01-2021,RELIANCE,2021.4,2058,2001.4,2054.7,2016.4,14271669,29065337316,1.899424717
20-11-2009,RELIANCE,2080,2134.95,2065,2123.3,2083.8,3088581,6485438140,1.895575391
14-12-2016,RELIANCE,1039.8,1064.45,1038.2,1059.5,1039.8,5517829,5830998013,1.894595114
28-02-1995,RELIANCE,263.5,287,258,271.75,266.7,561600,148373525,1.893513311
02-09-1998,RELIANCE,106,106.3,104,104.95,103,4516000,475211335,1.893203883
04-09-2002,RELIANCE,262,270.95,261,269.3,264.3,4934888,1321552272,1.891789633
06-08-2001,RELIANCE,317,324.65,315.25,323.2,317.2,1825026,586459291.2,1.891551072
17-04-2014,RELIANCE,945,961.8,943.8,959.1,941.3,1793418,1712423998,1.891001806
09-10-2013,RELIANCE,839.95,867.65,837.5,860.9,844.95,2732625,2340871121,1.887685662
27-09-2024,RELIANCE,2998,3066.95,2984,3052.35,2995.9,10298739,31152328126,1.884241797
12-03-2018,RELIANCE,920,933.1,917.55,930.3,913.1,3801407,3512520944,1.883692914
31-03-2015,RELIANCE,818,832.9,818,826,810.75,4625471,3823772486,1.880974406
24-04-2019,RELIANCE,1370.3,1394.8,1366.25,1389.5,1363.85,7360887,10153225468,1.880705356
29-10-2014,RELIANCE,936.6,953.4,934.15,951.6,934.05,4004057,3791635962,1.878914405
13-10-2006,RELIANCE,1173,1195.95,1173,1190.7,1168.75,5415820,6432631063,1.878074866
29-09-2003,RELIANCE,510,510,427.75,434.3,426.3,4924381,2134474011,1.876612714
21-07-2008,RELIANCE,2149,2164.25,2093.05,2152.85,2113.2,2975966,6324788167,1.876301344
07-01-2025,RELIANCE,1222,1244.5,1221.25,1240.85,1218,10070505,12463597633,1.876026273
12-11-2002,RELIANCE,254,261.7,253.65,260.8,256,5578331,1444373860,1.875
30-01-2013,RELIANCE,887.5,903.4,887.5,899.4,882.85,4032649,3622355831,1.874610636
17-08-2006,RELIANCE,1059,1074,1038.05,1066.1,1046.5,5353897,5675753308,1.872909699
09-04-2007,RELIANCE,1365,1388,1362,1384.3,1358.85,1111931,1534816772,1.872907238
13-10-1999,RELIANCE,222,248.7,222,242.1,237.65,14386111,3505028701,1.872501578
25-09-2007,RELIANCE,2315.25,2426,2315.25,2399.6,2355.5,3355641,7933296478,1.872213967
14-09-2011,RELIANCE,813.9,829.75,805.2,825.4,810.25,4694876,3834653493,1.869793274
31-07-1997,RELIANCE,354.25,360.9,352.7,360,353.4,8748900,3132442280,1.867572156
11-06-2002,RELIANCE,288,291.4,286.65,289.2,283.9,2227622,643927375.5,1.866854526
02-05-2013,RELIANCE,787.4,807,783.4,802.9,788.2,6225752,4958068542,1.865008881
30-08-1999,RELIANCE,185.9,191.5,185.8,188.55,185.1,9137414,1726961447,1.863857374
19-12-2011,RELIANCE,719.2,739.9,715.15,735.3,721.85,4714116,3426000346,1.863267992
11-10-2010,RELIANCE,1056,1072.25,1053.1,1069.2,1049.65,5896732,6288232567,1.862525604
29-09-1997,RELIANCE,356,362.1,355.05,358.3,351.75,8606250,3088128060,1.862117982
05-01-1998,RELIANCE,170.15,174.5,170.15,172.45,169.3,6552200,1134541040,1.860602481
01-02-2019,RELIANCE,1234,1255,1227.05,1249.95,1227.15,9228965,11450198242,1.857963574
10-03-2010,RELIANCE,995,1018.9,989.3,1008.75,990.35,5670503,5725217557,1.857929015
09-07-2002,RELIANCE,272.05,278.6,270.1,276.9,271.85,3660312,1007012150,1.857642082
15-03-2011,RELIANCE,997.95,1049.6,988.9,1037.25,1018.35,12902924,13239185975,1.855943438
24-02-2021,RELIANCE,2030,2065.25,2026.15,2061,2023.45,4987735,10219330133,1.855741432
24-08-2007,RELIANCE,1755.55,1782,1742.1,1776.35,1744,1699023,2996748596,1.854931193
07-02-1996,RELIANCE,191.05,208,189.05,206,202.25,31970000,6435102055,1.854140915
01-07-2025,RELIANCE,1500.6,1531.4,1500.1,1528.4,1500.6,10368523,15790750945,1.852592296
01-09-2010,RELIANCE,925.05,943.8,921,936.2,919.2,6374456,5930138060,1.849434291
08-09-2015,RELIANCE,836,852.95,825.1,848.6,833.2,2948830,2484102868,1.848295727
21-06-2011,RELIANCE,839.9,855,837.3,848.65,833.25,3980489,3375995990,1.848184818
28-05-2020,RELIANCE,1455,1479.75,1449,1472.25,1445.55,18519252,27176980636,1.847047836
06-07-2004,RELIANCE,430.7,439,428.8,438.4,430.45,5911012,2569312424,1.846904402
10-03-2014,RELIANCE,865.1,903.65,863.4,885.45,869.4,7513409,6684155923,1.846100759
27-08-2015,RELIANCE,866.8,881.25,857.05,869.15,853.4,6171185,5369515383,1.845558941
04-10-2022,RELIANCE,2397.8,2418,2390.15,2413.2,2369.5,4129893,9939556462,1.844270943
27-02-1998,RELIANCE,157.65,161.25,157.5,160.2,157.3,6792950,1082921143,1.843610935
24-04-2007,RELIANCE,1554,1589.6,1541.05,1582.95,1554.3,2380022,3743862024,1.843273499
31-10-2013,RELIANCE,900,918,896,914.7,898.15,4521314,4117524451,1.842676613
07-08-2001,RELIANCE,321.05,330,321.05,329.15,323.2,2348302,769365015,1.840965347
17-02-2000,RELIANCE,347.7,356.8,347.5,354.55,348.15,7670820,2712453584,1.838288094
19-06-2001,RELIANCE,340,348,339.65,346.85,340.6,2608036,900889073,1.834997064
05-12-2000,RELIANCE,334.5,339.8,334.3,338.7,332.6,3777774,1272885387,1.834034877
11-01-2007,RELIANCE,1275,1300,1265.2,1296.5,1273.15,2228244,2866915618,1.834033696
28-04-2023,RELIANCE,2382,2423.9,2381.75,2420.5,2377.05,7183342,17307947048,1.827895921
02-08-2021,RELIANCE,2054.3,2079.4,2041.15,2072.5,2035.3,5041934,10424020796,1.827740382
17-06-2004,RELIANCE,449.4,456.95,439.1,454.3,446.15,5902720,2640341311,1.826739886
24-06-2008,RELIANCE,2045,2133,2015,2062.7,2025.7,5989228,12424511792,1.826529101
02-02-2000,RELIANCE,342.9,346.9,338.55,340.15,334.05,9950848,3413884348,1.826073941
04-06-2015,RELIANCE,904.2,916.2,892.55,912.7,896.35,3641649,3297473782,1.824064261
21-07-1999,RELIANCE,178,183.95,175.5,181.45,178.2,8225732,1487062216,1.82379349
28-05-2013,RELIANCE,830,846.9,826.2,843.4,828.3,4968154,4157569420,1.823010986
16-08-2001,RELIANCE,323,331.45,321,326.9,321.05,2878695,942775454.5,1.822146083
29-01-2016,RELIANCE,1018.95,1040,1018,1035.4,1016.9,4383577,4527146899,1.819254597
17-11-1998,RELIANCE,117.95,121.15,117.5,120.35,118.2,10687350,1279774203,1.818950931
17-11-1998,RELIANCE,117.95,121.15,117.5,120.35,118.2,10687350,1279774203,1.818950931
24-11-2008,RELIANCE,1176.55,1176.55,1075,1144.8,1124.35,7481339,8416786351,1.818828657
05-01-2001,RELIANCE,356.5,366.8,356.5,364.3,357.8,7460148,2701229190,1.81665735
08-12-2020,RELIANCE,1961.15,2014.25,1950,1993.75,1958.2,20030506,39963227134,1.815442754
14-05-2003,RELIANCE,261.75,267.2,261.75,266.5,261.75,2832571,752133385.6,1.814708691
14-02-2014,RELIANCE,811.9,824,808,822.05,807.4,2107250,1721764400,1.814466188
29-06-1998,RELIANCE,143.5,146.7,142,146.25,143.65,2815500,409241792.5,1.809954751
05-07-2006,RELIANCE,1074,1099,1065.15,1094.15,1074.7,4376904,4761058654,1.809807388
07-05-2009,RELIANCE,1850,1924.9,1850,1915.55,1881.5,3674123,7010707411,1.809726282
09-12-1998,RELIANCE,117.8,120.2,117,118.2,116.1,11618150,1381071300,1.80878553
31-08-2004,RELIANCE,468.05,476.85,468.05,475.65,467.2,5302862,2508473814,1.80864726
15-11-2023,RELIANCE,2340,2361.95,2327,2356.45,2314.6,6110324,14339487045,1.808087791
19-06-2015,RELIANCE,982.5,1006.4,982.5,996.65,978.95,10448751,10391016746,1.808059656
16-07-2003,RELIANCE,336.75,346.4,335,343.75,337.65,5578641,1899451249,1.806604472
14-08-2006,RELIANCE,1015,1032,1002.2,1029.25,1011,2643615,2708003563,1.805143422
31-12-2003,RELIANCE,562,582.8,562,572.85,562.7,11471408,6586564876,1.803803092
13-11-2018,RELIANCE,1074,1103,1070.05,1099.45,1080,6811598,7425368614,1.800925926
16-07-2014,RELIANCE,974,993,974,989.7,972.2,3190489,3144112017,1.800041144
20-09-2005,RELIANCE,765,781,756,777.95,764.2,9665891,7439023149,1.799267208
19-02-1998,RELIANCE,150.7,155.4,150.05,152.8,150.1,6220750,954335215,1.798800799
01-02-2000,RELIANCE,330.8,337.45,328,334.05,328.15,10707804,3580137220,1.797958251
24-07-2008,RELIANCE,2259.9,2330,2259.9,2308.05,2267.3,3331358,7657921297,1.797291933
05-08-2009,RELIANCE,2035,2084,2031.6,2076.4,2039.75,3804751,7845213212,1.796788822
09-10-1998,RELIANCE,109,113.9,108.25,110.55,108.6,12110950,1352374610,1.79558011
27-06-1996,RELIANCE,210.25,218,207.65,216,212.2,19236750,4083753553,1.790763431
02-04-2004,RELIANCE,650,650,555.75,565.8,555.85,7124312,4005994979,1.790051273
07-05-2018,RELIANCE,958.85,973.25,956.35,971,953.95,3512532,3385450726,1.787305414
09-06-2016,RELIANCE,960,976.45,956.2,971.15,954.1,3575840,3472641638,1.787024421
09-06-2016,RELIANCE,960,976.45,956.2,971.15,954.1,3575840,3472641638,1.787024421
09-12-1999,RELIANCE,234,238,231.5,236.65,232.5,7165338,1689059888,1.784946237
23-08-2018,RELIANCE,1246.3,1274,1238.4,1269.45,1247.2,7968123,10032803693,1.783996151
12-05-2016,RELIANCE,976,994.2,975.05,992.8,975.4,2922714,2884182558,1.783883535
16-08-2002,RELIANCE,241,243.9,240.3,242.8,238.55,1975544,479017700.9,1.781597149
14-03-2013,RELIANCE,844,863.45,835.25,860.05,845,3380827,2877312820,1.781065089
13-04-2016,RELIANCE,1052.55,1069.9,1052.55,1066.05,1047.4,3666141,3886222311,1.78059958
12-04-2012,RELIANCE,733.3,745.6,733.3,743.3,730.3,2692505,1994647486,1.780090374
27-12-2019,RELIANCE,1527,1546.2,1521.3,1542.35,1515.4,8081591,12393781505,1.778408341
27-12-2019,RELIANCE,1527,1546.2,1521.3,1542.35,1515.4,8081591,12393781505,1.778408341
29-08-2003,RELIANCE,399,404.75,393.75,400.7,393.7,6588927,2641258100,1.778003556
29-08-2003,RELIANCE,399,404.75,393.75,400.7,393.7,6588927,2641258100,1.778003556
12-04-1995,RELIANCE,278.75,281,278,280.7,275.8,233750,65405050,1.776649746
01-01-2009,RELIANCE,1240,1263,1235.1,1254.65,1232.75,2856335,3570529649,1.77651592
07-06-2018,RELIANCE,954.9,976,954.45,971.35,954.4,6857300,6646752363,1.775984912
17-07-1996,RELIANCE,209,229,205.6,220.7,216.85,39825300,8675023148,1.775420798
15-11-2001,RELIANCE,273,279.7,272,278.05,273.2,2236477,617484591,1.775256223
30-01-2006,RELIANCE,700,718.2,700,711.05,698.65,7256981,5170277963,1.774851499
29-08-2001,RELIANCE,312,320.25,311.9,318.4,312.85,3467938,1103695641,1.774013105
29-08-2001,RELIANCE,312,320.25,311.9,318.4,312.85,3467938,1103695641,1.774013105
19-05-2000,RELIANCE,308,319.05,307.25,315.6,310.1,7967132,2501606071,1.773621412
05-05-2020,RELIANCE,1453.7,1479,1447.2,1460.65,1435.2,20528706,30058697949,1.773272018
30-09-2019,RELIANCE,1310,1335.75,1305.55,1332.25,1309.05,11549746,15269859907,1.772277606
08-04-2024,RELIANCE,2925.95,2981.95,2922,2971.95,2920.2,4178559,12400963622,1.772138895
29-12-1997,RELIANCE,166.5,170.25,166.5,169.45,166.5,5838150,985318482.5,1.771771772
13-11-1996,RELIANCE,182,187.75,182,186.7,183.45,3269600,607020907.5,1.771599891
22-09-1999,RELIANCE,186,189.8,184.5,186.9,183.65,3919987,735044298.1,1.769670569
14-11-2001,RELIANCE,271.9,274.75,271.15,273.2,268.45,880830,240149706.8,1.769417024
08-03-2013,RELIANCE,843,854.7,840,851.3,836.5,2315993,1963667173,1.769276748
23-04-2013,RELIANCE,791.5,805.8,786.05,803.7,789.75,2824426,2250619844,1.766381766
25-05-1999,RELIANCE,168,174.25,166.1,170,167.05,13294114,2260779421,1.765938342
02-11-2018,RELIANCE,1067,1081,1063.15,1074.9,1056.25,16796200,18010596483,1.765680473
18-01-2000,RELIANCE,309,318.95,305.55,314.2,308.75,10083321,3147365182,1.765182186
27-10-2023,RELIANCE,2240,2273.5,2235.95,2265.8,2226.5,5885542,13315143154,1.765102178
28-03-2003,RELIANCE,280.9,286.4,280.15,285.45,280.5,3051450,864506237.6,1.764705882
18-10-2022,RELIANCE,2422,2463,2420.15,2451.25,2408.75,5729899,14040201497,1.764400623
20-03-2025,RELIANCE,1251.85,1273,1250.05,1269.15,1247.15,15971477,20164561988,1.76402197
05-05-2006,RELIANCE,1083.7,1109,1082,1099.25,1080.2,5974599,6555886212,1.763562303
03-03-2017,RELIANCE,1241.55,1287.8,1241.55,1258.55,1236.75,19270851,24456422018,1.762684455
13-04-2007,RELIANCE,1375.25,1415.9,1375.25,1411.95,1387.5,1520073,2134862942,1.762162162
23-09-2002,RELIANCE,257,261.95,255,260,255.5,1821705,469301059.7,1.761252446
12-09-2006,RELIANCE,1092,1109.75,1073.1,1106.85,1087.7,5799339,6354519581,1.760595753
20-05-2020,RELIANCE,1410,1446.85,1393,1433.7,1408.9,25530692,36419940582,1.760238484
27-06-2002,RELIANCE,269.5,273.3,266.05,271.75,267.05,2869574,776256950,1.759970043
17-10-2019,RELIANCE,1375,1399,1372,1396.5,1372.35,7332464,10153421510,1.759755164
26-04-2021,RELIANCE,1920,1962,1911.5,1937.85,1904.35,9620785,18676994629,1.759130412
28-01-2016,RELIANCE,1001,1021.8,997.1,1016.9,999.35,5274473,5339625414,1.756141492
22-10-2014,RELIANCE,935.1,950.8,933.15,945.65,929.35,3059361,2894627033,1.753914026
07-10-2015,RELIANCE,894.7,918.05,891,913.8,898.05,2632179,2378175020,1.7537999
17-03-2015,RELIANCE,850.55,859.9,841,856.85,842.1,4359100,3707860505,1.751573447
29-04-2010,RELIANCE,1024,1039.9,1019.15,1035.05,1017.25,5359600,5517037785,1.74981568
01-07-2009,RELIANCE,2029.9,2085,1988,2058.8,2023.4,3718079,7577789854,1.749530493
06-03-2009,RELIANCE,1130,1177,1115.3,1169.9,1149.8,4562909,5237495258,1.74813011
21-01-2011,RELIANCE,975,992.5,973,986.8,969.85,4463927,4397476833,1.747692942
23-01-2009,RELIANCE,1198,1335,1120,1156.15,1136.3,8108608,9362086990,1.746897826
05-12-2013,RELIANCE,872,877,868.05,871,856.05,2865154,2498823568,1.746393318
23-11-2017,RELIANCE,931,949.9,926.65,947,930.75,7329126,6891873715,1.745903841
29-10-2003,RELIANCE,467.25,474.95,462.5,472.4,464.3,4037719,1883059822,1.744561706
13-12-2010,RELIANCE,1024.05,1046,1010,1041.75,1023.9,3848074,3954422106,1.74333431
06-05-2014,RELIANCE,947.9,967,947.55,963.35,946.85,2832651,2720312054,1.742620267
19-10-2022,RELIANCE,2454.5,2527.85,2441.7,2493.9,2451.25,8882553,22202063579,1.739928608
23-05-2024,RELIANCE,2917.1,2984.45,2910,2972.1,2921.3,7304130,21598131627,1.738951837
09-08-2024,RELIANCE,2920,2953,2912,2948.6,2898.25,3124888,9184680574,1.73725524
30-03-2021,RELIANCE,2008,2048.9,1991.55,2029.3,1994.65,9433850,19117149422,1.737146868
15-04-2025,RELIANCE,1251,1251,1237.1,1240.1,1218.95,13378535,16627177949,1.735099881
14-08-2017,RELIANCE,1561,1584.5,1561,1573.05,1546.25,3072299,4833153047,1.733225546
30-11-2011,RELIANCE,756.7,783.3,753.1,778.25,765,4569146,3512016413,1.732026144
27-07-2018,RELIANCE,1119.5,1137.4,1112.15,1129.85,1110.65,6679468,7530602219,1.728717418
21-11-2014,RELIANCE,980.2,1001,980.2,997.7,980.75,2683538,2668368365,1.728269182
28-12-2000,RELIANCE,335.8,340.2,332.8,338.8,333.05,4042545,1362449391,1.726467497
01-02-2012,RELIANCE,818.9,834,816,831.2,817.1,3776806,3120647015,1.72561498
24-01-2019,RELIANCE,1225,1253.2,1220.1,1247.45,1226.3,13155185,16318007440,1.724700318
05-12-1996,RELIANCE,178.1,184.9,176.75,182.85,179.75,6752800,1229351663,1.724617524
15-02-2001,RELIANCE,415,425.4,413,422.7,415.55,14706855,6190053791,1.720611238
19-01-2000,RELIANCE,322.85,324.9,316.2,319.6,314.2,11481392,3687490275,1.718650541
29-02-2016,RELIANCE,951.3,994.6,935,966.65,950.35,7093474,6816551287,1.715157574
08-01-2004,RELIANCE,585,597.9,583.15,590.1,580.15,5339567,3161055511,1.715073688
19-02-1997,RELIANCE,270.1,273.6,266.45,272.85,268.25,10367550,2801020703,1.714818267
31-07-2013,RELIANCE,858.65,879.7,842.6,872.05,857.35,3610644,3105167955,1.714585642
29-06-2001,RELIANCE,362.5,373.45,360.1,368.5,362.3,1923989,703614211.7,1.711288987
17-02-1999,RELIANCE,120.8,124.4,119.9,121.85,119.8,6756700,826329797.5,1.711185309
28-03-2014,RELIANCE,900,919.95,900,916.15,900.75,4267110,3901466914,1.709686372
13-07-2010,RELIANCE,1057.25,1077.75,1057.25,1074.3,1056.25,3438642,3674055483,1.70887574
08-07-1998,RELIANCE,146,147.7,145.1,145.9,143.45,3490450,510185185,1.707912165
22-05-2024,RELIANCE,2872.55,2937.55,2872.55,2921.3,2872.25,5140802,15003755080,1.707720428
27-11-2000,RELIANCE,314,319.9,313.5,318.7,313.35,3079656,976532217,1.707355992
15-01-2024,RELIANCE,2750,2792.9,2732,2788.25,2741.45,4305297,11920219926,1.707125791
25-11-2024,RELIANCE,1290,1304.45,1282.45,1287,1265.4,28923341,37355089803,1.706970128
03-04-1998,RELIANCE,181.5,185.5,181.5,184.95,181.85,7070950,1300624855,1.704701677
30-05-2003,RELIANCE,294,302,293,298.6,293.6,6292634,1882926577,1.702997275
02-01-2020,RELIANCE,1512,1540.95,1512,1535.3,1509.6,8096561,12394709676,1.702437732
08-06-2001,RELIANCE,365,373.45,364.35,370.4,364.2,3596200,1330729619,1.70236134
05-07-2001,RELIANCE,332,336.4,328.05,331.75,326.2,2005530,668188853.8,1.701410178
22-01-1996,RELIANCE,171.15,175.75,171,173.5,170.6,12089550,2101198200,1.699882767
14-12-2006,RELIANCE,1245,1273.4,1239.05,1259.45,1238.4,3005436,3770201366,1.699773902
27-11-2012,RELIANCE,777,788,774,786.8,773.65,2470660,1934496953,1.699735022
27-08-1997,RELIANCE,351.9,359.9,346.5,347.35,341.55,6359050,2228370668,1.698140829
17-06-2005,RELIANCE,590,605.55,584,600.25,590.25,9028624,5350880635,1.694197374
07-10-2002,RELIANCE,235,241.65,234.6,240.15,236.15,2026576,485105799.3,1.693838662
05-03-2013,RELIANCE,819.1,834.45,819.1,826.35,812.6,3008011,2489027931,1.692099434
27-03-2001,RELIANCE,383,394.4,381.7,390.7,384.2,2935850,1144483552,1.691827173
26-09-2018,RELIANCE,1239,1253.95,1227.15,1251.4,1230.6,6396828,7926846393,1.690232407
29-09-2009,RELIANCE,2145.5,2181.6,2140,2171.05,2135,4600745,9964458815,1.68852459
16-03-2022,RELIANCE,2382,2407.9,2377.1,2403.35,2363.45,5145644,12329854279,1.688210032
07-08-2007,RELIANCE,1810,1821,1792.25,1810.2,1780.15,3094692,5599001434,1.688059995
13-08-2009,RELIANCE,2025,2044.1,1997,2024.3,1990.7,3031487,6126734503,1.687848496
06-11-2015,RELIANCE,939.45,954.75,937.9,952.4,936.6,1912599,1814038443,1.686952808
02-04-1997,RELIANCE,269.9,271.85,262.25,265.5,261.1,13204150,3518284708,1.685178093
07-06-2021,RELIANCE,2202,2242,2185,2227.4,2190.5,7539326,16697958782,1.684546907
29-11-2024,RELIANCE,1280,1299.5,1275.25,1292.2,1270.8,13202307,17041975592,1.683978596
02-01-2025,RELIANCE,1221.25,1244.45,1220,1241.8,1221.25,15486276,19115027208,1.682702149
12-01-2011,RELIANCE,1020.65,1035.65,1003,1030.8,1013.75,5301987,5406211743,1.681874229
27-09-2021,RELIANCE,2487,2529.9,2475.3,2524.45,2482.7,7095022,17815116545,1.681636928
08-02-2022,RELIANCE,2330.65,2360,2310,2356.05,2317.1,5566080,13015260813,1.680980536
05-06-2024,RELIANCE,2844,2862.3,2768.2,2841.5,2794.55,8732445,24637003698,1.680055823
31-01-1995,RELIANCE,265,276.65,264,272.45,267.95,301000,81839462.5,1.679417802
04-04-2007,RELIANCE,1348,1368.95,1347.7,1363.25,1340.75,1990052,2706793394,1.678165206
30-11-2009,RELIANCE,1062.5,1078.9,1054,1063.5,1045.95,4130831,4408205287,1.677900473
08-04-1996,RELIANCE,211.25,213.2,209.9,212.1,208.6,8144200,1722116153,1.677852349
25-07-2006,RELIANCE,984.8,991,977,987.8,971.5,3152067,3100416258,1.677817808
19-07-2012,RELIANCE,720.2,729.9,718,727.8,715.8,2670132,1935716915,1.676445935
19-07-2012,RELIANCE,720.2,729.9,718,727.8,715.8,2670132,1935716915,1.676445935
08-11-2000,RELIANCE,316.7,322.4,315,318.45,313.2,5620668,1793910458,1.676245211
16-01-2013,RELIANCE,846.05,870.9,846.05,861.35,847.15,4469088,3861802789,1.676208464
16-08-2006,RELIANCE,1035,1055,1034.1,1046.5,1029.25,4117495,4301241945,1.675977654
14-07-2005,RELIANCE,631.65,646.85,621.1,641.5,630.95,8425709,5366958566,1.672081781
23-12-2015,RELIANCE,991.8,1006.9,990,1003.8,987.3,2953173,2964130175,1.671224552
30-10-2002,RELIANCE,232.6,235.9,232.6,234.4,230.55,3855740,903155202.1,1.669919757
31-08-2005,RELIANCE,712,723.75,708.25,719.4,707.6,6712154,4819711218,1.667608819
10-08-2005,RELIANCE,719.7,722.65,709.2,719.45,707.65,7302607,5233967414,1.667490991
22-07-2005,RELIANCE,680,691.4,678.15,689.55,678.25,3826622,2627631060,1.666052341
13-08-2021,RELIANCE,2117.3,2149.9,2108.95,2145.65,2110.5,5898384,12578027784,1.665482113
09-12-2020,RELIANCE,2009.95,2033.8,1999.25,2026.95,1993.75,13464375,27196561520,1.665203762
08-04-2022,RELIANCE,2560,2625,2560,2615.65,2572.85,6992874,18201444977,1.663524885
16-08-1995,RELIANCE,263.25,266.65,263,265.95,261.6,1236000,327716225,1.662844037
27-11-2018,RELIANCE,1107.9,1130,1105.45,1128.2,1109.75,6810228,7640955121,1.662536607
23-08-2013,RELIANCE,813.7,824.7,808.5,819.5,806.1,3276098,2674110749,1.662324774
18-03-2005,RELIANCE,560,573.9,555.15,571.85,562.5,4802555,2718622037,1.662222222
17-09-1999,RELIANCE,185.7,190.7,185,189.65,186.55,5868414,1102475676,1.661752881
19-10-2004,RELIANCE,553.2,562.9,552,559.85,550.7,5507817,3068126511,1.6615217
06-04-2017,RELIANCE,1409,1448.9,1402.2,1438.5,1415,11571075,16537975353,1.660777385
07-01-2010,RELIANCE,1088,1115,1078,1106.05,1088,5988404,6608116095,1.659007353
01-04-2010,RELIANCE,1078,1098.5,1077,1092.05,1074.25,2861856,3118362049,1.656969979
17-11-2014,RELIANCE,966,987.55,966,985.2,969.15,2337114,2287919955,1.656090388
17-11-2014,RELIANCE,966,987.55,966,985.2,969.15,2337114,2287919955,1.656090388
02-04-2014,RELIANCE,945,962,938.1,958.2,942.6,6121499,5846773766,1.654996817
15-02-2019,RELIANCE,1229.75,1249.9,1214,1244.45,1224.2,9597961,11792253866,1.65414148
02-02-1998,RELIANCE,155,157.2,154.1,156.75,154.2,4835950,753916417.5,1.653696498
13-10-2010,RELIANCE,1056.1,1074,1054.7,1073.05,1055.6,5478523,5854026260,1.653088291
02-03-2022,RELIANCE,2334.45,2401,2329.2,2398.55,2359.55,9909226,23551157614,1.652857536
07-11-2019,RELIANCE,1435,1463,1432.2,1458.6,1434.9,6438749,9327688346,1.651683044
10-11-2020,RELIANCE,2077,2090,2041.2,2084.55,2050.7,17045147,35315160451,1.650655874
21-04-2025,RELIANCE,1270,1300.9,1267,1295.5,1274.5,10429964,13469949890,1.647704982
27-12-2016,RELIANCE,1047.85,1067.1,1047,1064.7,1047.45,3987142,4212155359,1.646856652
22-07-2020,RELIANCE,1983,2010,1960.7,2004,1971.55,27584769,54989120617,1.645913114
26-02-2010,RELIANCE,969,995,966.25,978.95,963.1,5161233,5076594486,1.645727339
05-04-2004,RELIANCE,567,581.35,567,575.1,565.8,6476492,3732029149,1.64369035
02-06-2014,RELIANCE,1074.75,1088.25,1065.3,1082.2,1064.7,2012972,2168317123,1.64365549
18-09-2014,RELIANCE,985,1010,983.7,1004.9,988.65,2077617,2081855991,1.64365549
06-06-1996,RELIANCE,243.95,249,243,244.55,240.6,11819100,2901538223,1.641729011
11-07-2013,RELIANCE,865,873.3,859.25,870.05,856,2598534,2254214558,1.64135514
13-04-2011,RELIANCE,1001.85,1024,996.6,1021.8,1005.3,4369725,4428178627,1.641301104
03-04-2012,RELIANCE,744.25,762.9,744.25,752.7,740.55,4003770,3022752085,1.640672473
09-04-2010,RELIANCE,1108.2,1131,1108.2,1124.7,1106.55,3846259,4320402733,1.640233157
08-02-2012,RELIANCE,847,864.7,845,858.4,844.55,3647626,3127530514,1.639926588
08-03-2004,RELIANCE,588,599,587.4,595.75,586.15,4857721,2876900020,1.637806022
08-01-1997,RELIANCE,221.95,224.95,218.5,220.35,216.8,9667400,2148297433,1.637453875
11-01-2012,RELIANCE,737.9,753,731.5,748.25,736.2,4842143,3598638051,1.636783483
26-11-1996,RELIANCE,189.6,194.65,183.05,189.4,186.35,14217450,2695416463,1.636705125
19-01-2021,RELIANCE,1994.65,2031,1994.65,2016.4,1983.95,14771048,29811112716,1.635625898
05-04-2013,RELIANCE,769,782.4,767.7,780.1,767.55,2969243,2305187994,1.635072634
14-01-2004,RELIANCE,590,599,590,597,587.4,5109994,3043066725,1.634320735
14-06-2010,RELIANCE,1054.9,1070,1049.1,1063.5,1046.4,3632863,3853502873,1.634174312
02-12-2011,RELIANCE,797,815,786.55,812.05,799,4479880,3589130210,1.633291615
15-05-2020,RELIANCE,1444,1466.7,1415.1,1459.4,1435.95,28683432,41299828010,1.633065218
09-05-2001,RELIANCE,347,357.8,346.55,351.75,346.1,4449038,1572338191,1.632476163
03-03-2005,RELIANCE,550.2,562.5,550.2,558.6,549.65,6489464,3617214554,1.628308924
26-07-2023,RELIANCE,2485,2547,2485,2526.2,2485.8,6455506,16309370485,1.625231314
23-03-2010,RELIANCE,1077.95,1093.95,1076.95,1091.4,1073.95,4572931,4969027563,1.62484287
29-06-2011,RELIANCE,875.7,888,872.1,885.25,871.1,2841435,2499931599,1.624382964
05-04-1995,RELIANCE,278.25,284,278.25,281.55,277.05,455550,128481557.5,1.62425555
03-01-2001,RELIANCE,355,361.7,353,360.05,354.3,8844088,3170221296,1.622918431
23-02-2005,RELIANCE,539.7,550,539.7,548.3,539.55,5568923,3042909095,1.621721805
15-06-2020,RELIANCE,1565,1626.95,1561.1,1614.55,1588.8,24509162,39052737199,1.62072004
25-09-2009,RELIANCE,2084.4,2147.9,2075.1,2135,2100.95,3566397,7574908314,1.6206954
10-06-2008,RELIANCE,2250,2250,2145,2197.75,2162.7,4559201,9962606702,1.620659361
10-03-2022,RELIANCE,2400,2405,2360,2392.25,2354.1,8297995,19805599253,1.620576866
25-04-2008,RELIANCE,2590,2634,2562,2624.5,2582.65,3370534,8754211379,1.62042863
20-04-2020,RELIANCE,1226,1257,1202,1243.8,1224,16472339,20240404168,1.617647059
03-11-2011,RELIANCE,867.75,889.35,863,885.9,871.8,3666997,3213949109,1.617343427
12-08-2022,RELIANCE,2590.3,2641.35,2582.2,2633,2591.1,5838244,15332563329,1.61707383
06-01-2010,RELIANCE,1079.9,1094.5,1070.65,1088,1070.7,5415538,5873928245,1.615765387
06-02-1997,RELIANCE,263.05,270.3,259.55,267.3,263.05,15902300,4203900545,1.615662422
21-06-2022,RELIANCE,2560,2593.4,2528.3,2584.1,2543.05,5408801,13859827576,1.614203417
25-03-2011,RELIANCE,1023.9,1029.95,1010,1026.6,1010.3,3518453,3588520310,1.613382164
13-07-2018,RELIANCE,1080.5,1109,1080,1099.8,1082.35,17967282,19740145320,1.612232642
27-02-2015,RELIANCE,847.55,861,844.6,855.55,842,4265220,3633641410,1.609263658
02-02-2021,RELIANCE,1914.25,1940,1854.95,1925.8,1895.3,19138414,36168052851,1.609243919
16-11-2009,RELIANCE,2149,2161.9,2131.65,2153.6,2119.5,2067266,4439525990,1.608870017
19-10-2000,RELIANCE,296.8,308.4,287,303.15,298.35,5017513,1491703516,1.608848668
18-09-2013,RELIANCE,860.5,875,856.8,871.95,858.15,3132560,2717610198,1.60811047
31-03-2011,RELIANCE,1034.5,1054.9,1034.5,1049.1,1032.5,7201048,7528944581,1.607748184
13-06-2003,RELIANCE,309.75,314.4,309.65,312.95,308,5154883,1608744771,1.607142857
23-03-1998,RELIANCE,178.5,181,178.5,180.2,177.35,1758700,316537140,1.606991824
22-11-2010,RELIANCE,1003.5,1016.45,997.2,1012.25,996.25,4333195,4372141460,1.606022585
17-10-2022,RELIANCE,2355,2414,2343.6,2408.75,2370.7,7720595,18344914890,1.605011178
07-09-2004,RELIANCE,476.1,486.35,476.1,484.75,477.1,6308950,3048408339,1.603437435
05-12-1994,RELIANCE,373.5,382.5,369.5,380.25,374.25,55800,21084212.5,1.603206413
21-08-2009,RELIANCE,1888,1935,1867.6,1928.8,1898.4,3010806,5732685215,1.601348504
09-07-2004,RELIANCE,400,441.3,400,438.9,432,4532676,1963759149,1.597222222
02-08-2017,RELIANCE,1610,1635.7,1608.1,1629.2,1603.6,4751385,7717586946,1.596408082
22-10-2012,RELIANCE,795.2,816.95,791.7,815.6,802.8,3237961,2624052247,1.594419532
31-03-2014,RELIANCE,916.25,939.8,913.2,930.75,916.15,4286368,3960375109,1.593625498
17-07-2013,RELIANCE,903,917.9,903,914.95,900.6,5287638,4826478625,1.59338219
29-09-1995,RELIANCE,270,275.4,270,274.4,270.1,680350,185402497.5,1.592002962
17-12-2018,RELIANCE,1115.95,1133,1111.5,1129.9,1112.2,5064357,5697537141,1.591440388
30-12-2016,RELIANCE,1064.8,1085,1063.1,1082.4,1065.45,3591493,3877071530,1.590877094
11-10-2023,RELIANCE,2314.45,2349.7,2313,2345.05,2308.4,4907059,11452367311,1.587679778
29-08-2002,RELIANCE,245,250,244.6,249.6,245.7,2058052,510559635.8,1.587301587
29-08-2002,RELIANCE,245,250,244.6,249.6,245.7,2058052,510559635.8,1.587301587
09-12-2021,RELIANCE,2435,2474.9,2425,2456.45,2418.1,6098050,14959457281,1.585955916
16-04-2020,RELIANCE,1149.85,1187.45,1145,1168.05,1149.85,17123533,20071955512,1.58281515
24-01-2012,RELIANCE,774.6,791.6,770.4,783.75,771.55,5095499,3990989477,1.581232584
28-09-2005,RELIANCE,790,803.65,785,800.45,788,6978287,5542578839,1.579949239
09-03-2012,RELIANCE,775.3,779.6,769.2,773.8,761.8,3942927,3052999190,1.575216592
12-02-2014,RELIANCE,808,821.9,807.4,817.9,805.25,2246719,1834938958,1.570940702
23-09-1998,RELIANCE,122.5,124.2,121.95,122.95,121.05,6057150,744846602.5,1.569599339
20-06-2016,RELIANCE,972.15,992.6,968,990.2,974.9,2459237,2418252128,1.569391732
15-12-2003,RELIANCE,492,502.3,492,499,491.3,5962251,2969621822,1.567270507
26-06-2001,RELIANCE,340.5,348.85,339,346.8,341.45,2028177,701299375.9,1.566847269
28-07-2022,RELIANCE,2436,2467.95,2421,2457.1,2419.2,5766936,14110146776,1.566633598
06-10-2017,RELIANCE,824,839.35,822.6,837.05,824.15,5942106,4946321213,1.565249044
03-02-1995,RELIANCE,274,282.55,268.5,279.05,274.75,409200,113294867.5,1.565059145
03-07-2020,RELIANCE,1779.8,1793,1768,1787.9,1760.35,13584004,24202508200,1.565029682
28-05-2009,RELIANCE,2180,2246,2180,2220.55,2186.35,4498063,10011549262,1.56425092
23-02-1998,RELIANCE,151.1,153.25,150.55,152.7,150.35,3515600,534304315,1.563019621
04-10-2005,RELIANCE,796,808.9,794.3,806.65,794.25,4333679,3475337281,1.561221278
05-12-2006,RELIANCE,1280,1294.4,1265,1279.55,1259.9,3765214,4832849833,1.559647591
22-09-2016,RELIANCE,1083,1095.8,1079,1088.95,1072.25,4288544,4675251073,1.557472604
19-01-2006,RELIANCE,700,729.65,691.4,704.5,693.7,10171960,7116807681,1.556868964
31-05-2005,RELIANCE,527,537.9,524.4,535,526.8,5421328,2891429172,1.556567957
28-08-2009,RELIANCE,2050,2080,2025.55,2074.1,2042.35,2500430,5142170020,1.554581732
27-03-2023,RELIANCE,2217.5,2254,2200.2,2237.55,2203.3,6486068,14511643744,1.554486452
05-09-2013,RELIANCE,863,869.75,851.1,862.55,849.35,3258258,2807669174,1.554129629
24-03-2022,RELIANCE,2510,2584.15,2510,2578.65,2539.2,6077153,15544115850,1.553638941
29-03-2016,RELIANCE,1023.8,1042,1020.2,1036.25,1020.4,3627901,3752397078,1.553312426
27-03-2006,RELIANCE,786,797.7,786,794.35,782.2,3052370,2419898655,1.553311174
06-09-2021,RELIANCE,2413,2480,2412,2425.6,2388.5,15525644,37967265940,1.553276115
05-09-2022,RELIANCE,2531,2581.5,2531,2569.8,2530.5,5227785,13403622183,1.553052756
21-12-2010,RELIANCE,1059.9,1074.9,1058.25,1073.15,1056.75,3677847,3925908463,1.551928081
30-08-2022,RELIANCE,2614,2645.25,2576.6,2637.95,2597.65,10678670,27921981357,1.551402229
23-11-2005,RELIANCE,821,833.9,818.65,832,819.3,5759902,4764026094,1.550103747
05-02-2020,RELIANCE,1434.9,1452.8,1430.3,1448.5,1426.4,8444823,12181350644,1.54935502
26-09-1995,RELIANCE,273,278,271.6,275.3,271.1,725950,198923377.5,1.549243821
11-09-1997,RELIANCE,343.5,351.35,342.8,347.5,342.2,10677400,3714370433,1.54880187
06-09-1995,RELIANCE,260,266.25,257,265.65,261.6,2812700,736409340,1.548165138
08-09-2016,RELIANCE,1023.05,1035.95,1020.2,1033.4,1017.65,2790196,2876333145,1.547683388
25-10-1996,RELIANCE,209.95,215.25,209.55,213.95,210.7,10967450,2336187713,1.542477456
23-08-2022,RELIANCE,2594,2653.2,2591.35,2646.8,2606.6,4466619,11750046560,1.542238932
01-09-2014,RELIANCE,1004.35,1021,995.6,1014.1,998.7,3702468,3741758059,1.542004606
28-06-2006,RELIANCE,962.15,1006,962.15,1000.95,985.75,6403778,6347350803,1.541973117
30-09-1996,RELIANCE,187,191.9,185.4,191.05,188.15,8880950,1674203088,1.541323412
16-02-2017,RELIANCE,1052.55,1069.45,1052.55,1067.5,1051.3,4492847,4773923841,1.540949301
27-12-2000,RELIANCE,326,335,324,333.05,328,4007710,1324098059,1.539634146
07-01-2020,RELIANCE,1519,1534.5,1513.5,1524.6,1501.5,7627191,11617096335,1.538461538
06-11-2024,RELIANCE,1310,1328.3,1300.2,1325.35,1305.3,21625209,28449504045,1.536045354
07-12-2006,RELIANCE,1281,1309,1281,1301,1281.35,3823498,4974395952,1.533538846
29-10-2012,RELIANCE,802.35,814.4,802.35,811.2,798.95,2511242,2036128871,1.533262407
09-04-2008,RELIANCE,2355,2431.8,2351.05,2418.25,2381.75,2281967,5468285726,1.532486617
03-02-1998,RELIANCE,157.25,160.05,155.65,159.15,156.75,6170600,973357392.5,1.531100478
12-12-2012,RELIANCE,825,834.8,819.35,832.6,820.05,2314044,1916515794,1.530394488
27-07-2012,RELIANCE,719,726.8,716.15,721,710.15,3078195,2220420422,1.52784623
28-07-2008,RELIANCE,2150.05,2189,2106,2179.9,2147.1,3383436,7271252742,1.527641936
10-02-2000,RELIANCE,348.8,363.8,344.9,355.75,350.4,10792579,3808864968,1.526826484
10-02-2000,RELIANCE,348.8,363.8,344.9,355.75,350.4,10792579,3808864968,1.526826484
08-05-2001,RELIANCE,340.5,348.2,340.05,346.1,340.9,2199889,759504921.2,1.52537401
05-12-1997,RELIANCE,160.1,170.45,160.1,163.3,160.85,18567650,3087725250,1.523158222
08-12-2021,RELIANCE,2424.1,2431.8,2406.3,2418.1,2381.85,4035437,9760953633,1.521926234
10-06-1997,RELIANCE,312,315,309.8,313.6,308.9,10935550,3413953595,1.521528003
10-06-1997,RELIANCE,312,315,309.8,313.6,308.9,10935550,3413953595,1.521528003
12-06-1996,RELIANCE,244,246.45,242.1,243.9,240.25,7153300,1750933420,1.51925078
09-02-1999,RELIANCE,118.1,120.3,116.6,120.3,118.5,5373250,632945552.5,1.518987342
20-06-2019,RELIANCE,1280,1300,1278,1296.75,1277.35,4914012,6331138795,1.518769327
01-03-2016,RELIANCE,964.7,985.05,964.65,981.3,966.65,3760923,3684645581,1.515543371
19-05-2011,RELIANCE,908.4,922,904.75,915.5,901.85,4131089,3778119626,1.513555469
21-03-1997,RELIANCE,288,290.9,286.25,288.55,284.25,10620500,3067393278,1.512752858
28-05-2012,RELIANCE,692,703,692,701.65,691.2,2575102,1802680048,1.511863426
03-10-2012,RELIANCE,834.45,853.45,834.25,846.1,833.5,5006639,4235261758,1.51169766
10-10-2017,RELIANCE,831,847.3,831,843.2,830.65,6734986,5672427724,1.510864985
29-08-2024,RELIANCE,3006.2,3074,2988,3041.85,2996.6,19167679,58242337591,1.510044717
06-06-1995,RELIANCE,275,280,274.5,279,274.85,1684600,467620947.5,1.509914499
27-05-2020,RELIANCE,1431,1454,1412,1445.55,1424.05,16460764,23542230514,1.509778449
03-01-2013,RELIANCE,848.6,862,844.6,860.75,847.95,3946902,3376883367,1.509522967
12-11-2021,RELIANCE,2562.9,2598.75,2557,2593.1,2554.55,4020744,10384009844,1.509072048
03-01-2022,RELIANCE,2365,2407.95,2363.55,2403.85,2368.15,2502073,5986568510,1.507505859
11-04-2018,RELIANCE,921.8,932.75,916.05,930.85,917.05,6007539,5574246154,1.504825255
17-09-1996,RELIANCE,193.05,198,192.8,195.8,192.9,6327950,1232899440,1.503369622
22-09-2006,RELIANCE,1134.75,1158.9,1128,1156,1138.9,5310389,6096101474,1.501448766
26-08-2016,RELIANCE,1017.9,1030.8,1014.6,1027.9,1012.7,2203465,2258151955,1.500938086
02-11-2005,RELIANCE,763.75,779.4,756.75,777.7,766.2,5151546,3956266113,1.5009136
20-02-2019,RELIANCE,1223.85,1240,1219,1234.35,1216.1,6298179,7736005977,1.500698956
17-07-2018,RELIANCE,1078.3,1095.95,1069.6,1092.35,1076.2,6469256,7020568951,1.500650437
05-08-2008,RELIANCE,2256.65,2286,2205,2276.05,2242.4,4797583,10759580980,1.500624331
29-12-2016,RELIANCE,1050,1068.8,1049.5,1065.45,1049.7,2005206,2123298035,1.500428694
02-11-2006,RELIANCE,1268,1299,1258.5,1283.35,1264.4,4150837,5315522574,1.498734578
18-03-2024,RELIANCE,2840,2883.45,2833.05,2878.95,2836.45,4584696,13103538361,1.498351813
30-06-2011,RELIANCE,888.7,902,887,898.5,885.25,4970476,4452150133,1.49675233
28-04-2022,RELIANCE,2809.95,2851,2786.1,2819.85,2778.35,11820892,33381106175,1.493692299
05-09-1996,RELIANCE,208.45,211.25,208.45,210.7,207.6,5124350,1074705575,1.493256262
02-12-2003,RELIANCE,493.15,505,485.8,499.6,492.25,6277005,3097972443,1.493143728
25-11-2022,RELIANCE,2589,2624.9,2582.1,2617.6,2579.1,3391988,8837331953,1.492768795
02-06-2021,RELIANCE,2157,2209.5,2157,2201.25,2168.9,11366816,24764187585,1.49153949
28-04-2003,RELIANCE,268,273.7,264.75,272.2,268.2,4880945,1322560414,1.49142431
30-04-1997,RELIANCE,312.5,314.75,309,309.7,305.15,12137950,3775296503,1.491069966
14-07-1999,RELIANCE,192.95,195.5,190.05,194.1,191.25,12828133,2477145380,1.490196078
11-08-1997,RELIANCE,372,379.35,370.25,378.2,372.65,10058100,3773244825,1.489333154
27-01-2006,RELIANCE,694.9,703.2,694.8,698.65,688.4,6279370,4387265217,1.488959907
21-12-2021,RELIANCE,2311.35,2346,2292.2,2311.25,2277.35,5924071,13730177504,1.488572244
20-08-2002,RELIANCE,246.5,250.5,245.4,248.9,245.25,3269448,813172815.2,1.488277268
23-06-1997,RELIANCE,363.5,371.7,363.25,365.05,359.7,13362050,4902492390,1.48735057
10-11-2009,RELIANCE,2040,2102.45,2005,2054.5,2024.4,6326351,13031129791,1.486860304
26-04-2019,RELIANCE,1375,1395.95,1370.7,1392.8,1372.4,6889444,9534854406,1.4864471
05-04-2018,RELIANCE,905.1,910,903.5,908.2,894.9,3898676,3537659970,1.486199575
20-05-2015,RELIANCE,900.4,911,897.7,908.85,895.55,1990706,1801657165,1.485120875
18-12-1996,RELIANCE,195,198.75,193.65,195.05,192.2,7059850,1388217963,1.482830385
02-07-2021,RELIANCE,2097,2132.9,2092.95,2129.05,2097.95,6500973,13784074726,1.482399485
23-03-2005,RELIANCE,544,569.9,539.3,552.75,544.7,13640236,7548180755,1.477877731
13-06-2023,RELIANCE,2495,2523.45,2486.25,2520.85,2484.15,5190958,13024409119,1.477366504
12-06-2018,RELIANCE,983.4,1000,980.3,997.15,982.65,7445221,7379266303,1.475601689
07-05-2007,RELIANCE,1605,1618,1596,1606.5,1583.15,2832701,4556691457,1.474907621
19-06-2017,RELIANCE,1390.2,1415.8,1390.2,1409.25,1388.8,3482912,4908755460,1.47249424
19-12-2023,RELIANCE,2555,2573.9,2525.2,2558.1,2521,8410302,21476799672,1.471638239
04-11-2022,RELIANCE,2553.9,2600,2551.1,2592.75,2555.15,5803737,14988568897,1.471537874
07-05-2008,RELIANCE,2700,2700,2624,2688.95,2650,2549324,6795898367,1.469811321
06-05-2005,RELIANCE,540,550.5,540,549.1,541.15,4635840,2534625596,1.469093597
22-01-2009,RELIANCE,1149.9,1154.85,1107.1,1136.3,1119.85,6995099,7917229908,1.468946734
18-09-2007,RELIANCE,2020,2064,2015.9,2058.05,2028.3,2514217,5122471110,1.46674555
03-01-2008,RELIANCE,2852,2930,2830.25,2903.7,2861.75,3452086,10035241995,1.465886258
29-05-2017,RELIANCE,1337,1365.45,1335.6,1356.9,1337.3,5491170,7428268297,1.465639722
22-01-2001,RELIANCE,369,375.9,368.1,374.5,369.1,7587620,2829041460,1.463018152
12-09-2005,RELIANCE,745.25,753.9,744.15,752.5,741.65,3770214,2825960940,1.462954224
24-11-2015,RELIANCE,953,971.6,951.05,967.7,953.75,3384443,3263129053,1.462647444
29-11-2012,RELIANCE,786,804,782.65,798.3,786.8,4483489,3574919506,1.461616675
07-09-2011,RELIANCE,824,843.5,823.7,833.5,821.5,7186238,5992670776,1.460742544
09-05-2016,RELIANCE,975,986,972.8,983.1,968.95,3508088,3442124767,1.460343671
09-07-2020,RELIANCE,1809,1835,1786.25,1824.25,1798,16807403,30477877600,1.459955506
25-09-1995,RELIANCE,265,271.4,265,271.1,267.2,627250,169364057.5,1.459580838
04-05-1998,RELIANCE,192.5,195.5,192.1,194.75,191.95,5444000,1056782698,1.458713207
10-07-2015,RELIANCE,991.1,1004,990.25,1001.8,987.4,3682606,3678854545,1.458375532
14-10-2004,RELIANCE,537,545.9,533.7,542.9,535.1,4439281,2399979312,1.457671463
05-07-2017,RELIANCE,1429.45,1447.45,1424,1442.65,1421.95,6219522,8960156338,1.455747389
01-12-1999,RELIANCE,222.8,225.85,219.8,223.1,219.9,4228694,943122426.3,1.455206912
24-11-2005,RELIANCE,833,848.4,833,844.1,832,5858457,4921947430,1.454326923
17-02-2010,RELIANCE,1025,1037.8,1022.05,1032.55,1017.75,3572783,3676592093,1.45418816
22-08-2008,RELIANCE,2199.5,2259.9,2199.1,2244.8,2212.65,2294686,5141412149,1.453008836
30-04-2015,RELIANCE,850,865.9,847.95,862.35,850,7955186,6823999517,1.452941176
22-07-2011,RELIANCE,866,877,862.5,873.35,860.85,3498193,3049789489,1.452053203
15-06-2012,RELIANCE,718.5,729.8,718.5,726.75,716.35,2271367,1648104904,1.451804286
05-08-2021,RELIANCE,2114.3,2154.8,2104.25,2134.25,2103.75,9807831,20863638485,1.449792038
17-11-2005,RELIANCE,735,831.95,735,829.3,817.45,5972178,4923351165,1.449629947
17-11-2005,RELIANCE,735,831.95,735,829.3,817.45,5972178,4923351165,1.449629947
06-02-2019,RELIANCE,1296.25,1317.65,1294.25,1310.25,1291.55,9411585,12322866455,1.447872711
12-06-2015,RELIANCE,879,892.7,878.25,889.85,877.15,4924556,4372756582,1.447870946
14-08-2012,RELIANCE,787.9,802,787,799.55,788.15,3773614,3007561919,1.446425173
17-10-2013,RELIANCE,870,888,864.65,880.35,867.8,4026153,3543082897,1.446185757
13-06-2001,RELIANCE,371,376.9,370.05,375.4,370.05,2297910,861165638.4,1.445750574
16-07-2021,RELIANCE,2087.75,2114.75,2087.6,2112.4,2082.35,4074206,8574569195,1.443081134
11-07-2016,RELIANCE,991,994.95,985.5,992.5,978.4,1889606,1873068863,1.441128373
10-09-1998,RELIANCE,117.55,121.4,116.3,119.7,118,13635900,1626249983,1.440677966
08-02-2021,RELIANCE,1933.05,1969,1929.05,1951.45,1923.75,9776136,19110816695,1.439896036
14-06-2021,RELIANCE,2215,2258.25,2195.05,2244.9,2213.15,9383416,20945097795,1.434606782
21-04-2011,RELIANCE,1034.8,1044.2,1030,1040.6,1025.9,3413753,3538138055,1.432888196
05-11-2018,RELIANCE,1073.45,1092.7,1065,1090.3,1074.9,7582518,8202916185,1.432691413
09-03-2016,RELIANCE,1020,1043.9,1018.6,1041.7,1027,2709831,2801141034,1.431353457
09-11-2017,RELIANCE,894.75,909.9,892.05,900.5,887.8,6860798,6188162918,1.430502365
16-04-2013,RELIANCE,797,810,785.4,804.95,793.6,4062976,3257160700,1.430191532
17-06-1997,RELIANCE,319,323,318.15,319.85,315.35,9711150,3112856468,1.426985889
14-01-2000,RELIANCE,309.5,321.65,309.5,316.3,311.85,13460592,4255878520,1.426968094
24-04-2009,RELIANCE,1750,1802,1727,1788.85,1763.7,5475144,9647368461,1.425979475
31-12-2001,RELIANCE,304,308.85,298.6,306.2,301.9,1160420,352578073.9,1.424312686
24-06-2022,RELIANCE,2480,2511,2468,2500.05,2464.95,6571866,16376908912,1.423963975
30-11-2004,RELIANCE,512,523.7,511.1,517.05,509.8,11295390,5855744252,1.422126324
18-10-2019,RELIANCE,1404,1427.9,1398.7,1416.35,1396.5,12856410,18209582126,1.42141067
30-01-2025,RELIANCE,1235.55,1257,1232.4,1253.05,1235.5,9269259,11578693153,1.420477539
17-11-2003,RELIANCE,467.15,477.4,465,474.95,468.3,5284715,2485814360,1.420029895
17-11-2003,RELIANCE,467.15,477.4,465,474.95,468.3,5284715,2485814360,1.420029895
17-01-2023,RELIANCE,2458,2483,2450.6,2478.8,2444.1,4961585,12239650263,1.41974551
30-04-2007,RELIANCE,1549.8,1572,1501,1561.05,1539.2,2385514,3674155837,1.419568607
12-05-2010,RELIANCE,1076.05,1089.45,1064.05,1082.95,1067.8,3496020,3764838559,1.41880502
14-08-2013,RELIANCE,856,868,847.45,865,852.9,2573906,2208861006,1.418689178
06-12-2017,RELIANCE,910,930.3,908.8,926.65,913.7,11007689,10161404380,1.417314217
06-12-2010,RELIANCE,1015.85,1030,1013,1020.15,1005.9,4066554,4161674128,1.416641813
24-08-2005,RELIANCE,687,697,683.1,694.85,685.15,6916076,4778487413,1.415748376
08-04-2025,RELIANCE,1172,1196.6,1163.3,1182.2,1165.7,19555040,23065209423,1.415458523
05-06-2012,RELIANCE,696,706,695.1,702.55,692.75,3036638,2128269867,1.41465175
10-05-1999,RELIANCE,154.9,155.85,152.05,154.25,152.1,6421201,988330442.8,1.413543721
09-12-2013,RELIANCE,882.1,888,876.2,878.95,866.7,2904113,2559460317,1.413407177
07-08-2003,RELIANCE,353.15,357,348.65,355.55,350.6,5606043,1978624818,1.411865374
23-12-2024,RELIANCE,1215,1227.2,1213.2,1222.3,1205.3,10052824,12262091651,1.410437236
23-08-2017,RELIANCE,1564.85,1586.55,1553.15,1582.05,1560.05,1901824,2981782351,1.410211211
30-09-2009,RELIANCE,2184,2212.9,2165,2201.65,2171.05,4222636,9288438316,1.409456254
27-05-2010,RELIANCE,1011,1027.7,1001.6,1022.25,1008.05,6264345,6376732467,1.408660285
28-05-2010,RELIANCE,1029.95,1039,1014.5,1036.65,1022.25,4008272,4133061409,1.408657373
20-04-2011,RELIANCE,1016,1030.5,1008.2,1025.9,1011.65,2357930,2404579373,1.408589927
18-05-2021,RELIANCE,1981,2002.6,1972.5,1987.95,1960.35,5567958,11068682259,1.407911852
25-06-2013,RELIANCE,799.7,819.9,795,803.8,792.65,4396198,3550210360,1.406673816
28-06-2022,RELIANCE,2482.1,2533.95,2482.1,2527.7,2492.65,6263867,15758339977,1.406134034
25-06-2003,RELIANCE,322,329,322,324.85,320.35,5824144,1894135367,1.404713595
19-03-2010,RELIANCE,1078.8,1096.5,1070.15,1092.05,1076.95,4511717,4890119391,1.402107804
11-08-2021,RELIANCE,2096.95,2120,2083.4,2117.3,2088.05,4238859,8916794683,1.400828524
21-12-2023,RELIANCE,2527,2573.5,2518.25,2562.55,2527.15,6882727,17562946483,1.400787448
22-07-1996,RELIANCE,235,247.7,224.4,239.2,235.9,14482250,3402339645,1.398897838
23-12-1994,RELIANCE,339,345.5,338.5,344.75,340,35150,12051612.5,1.397058824
09-12-2003,RELIANCE,481.35,488.35,481.35,486.6,479.9,5662655,2748039847,1.396124193
07-11-1996,RELIANCE,185.4,186.35,183,185.5,182.95,7058450,1303797878,1.393823449
29-04-2006,RELIANCE,1006.6,1030,1006.6,1022.95,1008.9,1178831,1206682349,1.392605808
30-11-2007,RELIANCE,2825,2883.3,2813.3,2851.65,2812.55,3086761,8802141796,1.390197508
17-03-1997,RELIANCE,281.95,286,278.6,284.55,280.65,16957000,4795257093,1.389631213
22-01-1999,RELIANCE,134,138.75,133.6,135.1,133.25,8865150,1205273495,1.38836773
03-02-2005,RELIANCE,539.8,543.4,536,540.95,533.55,3296368,1781180251,1.386936557
25-10-2005,RELIANCE,761.05,779.4,760.05,767.6,757.1,5018390,3864142227,1.386870955
04-12-1997,RELIANCE,157.75,171.5,153.5,160.85,158.65,26269800,4293816913,1.386700284
07-02-2012,RELIANCE,842,852.7,834.25,844.55,833,4815977,4075772867,1.386554622
20-03-2002,RELIANCE,301,304.85,298.5,303.75,299.6,2361710,713400132.2,1.38518024
31-05-2011,RELIANCE,945,955.9,937.3,951.85,938.85,3219213,3056491754,1.384672738
16-09-2003,RELIANCE,406,411.7,393.6,410.15,404.55,9781713,3970554135,1.38425411
11-06-2003,RELIANCE,303.05,308.8,303.05,307.75,303.55,3510016,1075579810,1.38362708
26-06-2020,RELIANCE,1728.8,1752,1717,1741.65,1717.9,14270695,24715505751,1.382501892
11-06-2021,RELIANCE,2182.9,2228,2180.1,2213.15,2183,6351520,14063817595,1.38112689
25-06-2015,RELIANCE,987,1009,985,1004.55,990.9,6211775,6218805169,1.377535574
18-03-2015,RELIANCE,857,872.25,854.7,868.65,856.85,2118940,1828813747,1.377137189
17-09-2002,RELIANCE,258.25,262.95,258.25,261.6,258.05,1336037,347783207.1,1.375702383
26-09-2006,RELIANCE,1164,1182,1160.15,1179.1,1163.1,3786786,4452994457,1.375634081
23-04-2002,RELIANCE,288.2,294.6,286.15,291.2,287.25,3663176,1066557621,1.37510879
23-04-2019,RELIANCE,1348,1373,1346,1363.85,1345.35,9055300,12342230169,1.37510685
29-11-2018,RELIANCE,1161,1179.9,1160,1168.5,1152.65,12636169,14793418726,1.375092179
04-04-2011,RELIANCE,1040,1054.8,1029,1050.65,1036.4,2997121,3124365159,1.374951756
22-12-1998,RELIANCE,116.8,118.6,114.5,118.2,116.6,9113800,1060915985,1.372212693
04-12-2000,RELIANCE,328.9,335.4,328.9,332.6,328.1,4911907,1635913879,1.371533069
30-06-1999,RELIANCE,176.5,178.45,172.6,177.45,175.05,10412234,1829666691,1.371036847
11-06-1998,RELIANCE,148.1,152.55,146,151.7,149.65,7064350,1057763083,1.369863014
28-02-2000,RELIANCE,324.85,337.25,310,333.1,328.6,5026004,1643269703,1.369446135
27-02-2002,RELIANCE,324,330.25,318.25,325.75,321.35,7214216,2350271098,1.369223588
08-01-2003,RELIANCE,285.35,290.9,285.15,288.95,285.05,2567185,736906668.4,1.368181021
26-10-2018,RELIANCE,1032.9,1057,1022,1044.9,1030.8,9182613,9577513897,1.367869616
20-09-2010,RELIANCE,1029,1043.95,1021.1,1041.4,1027.35,6953447,7205582027,1.367596243
19-07-2011,RELIANCE,867.5,881.4,866,879.45,867.6,2245330,1962816370,1.365836791
03-07-2007,RELIANCE,1676.1,1712.85,1676.1,1707.3,1684.3,2680539,4570416314,1.365552455
07-09-2018,RELIANCE,1264.9,1281.35,1254.5,1278.6,1261.4,10692787,13601744826,1.363564294
30-10-2020,RELIANCE,2033.5,2065.1,2021.8,2054.5,2026.9,15701123,32040607252,1.361685332
04-07-2016,RELIANCE,975.5,993.6,975.5,986.7,973.45,1783750,1761346964,1.36113822
18-11-2002,RELIANCE,268,276.8,267.1,271.85,268.2,6630375,1814527709,1.360924683
23-03-2011,RELIANCE,999.85,1016.65,995.8,1013.25,999.65,2610417,2632403747,1.360476167
30-10-2017,RELIANCE,934,945.55,930.6,942.5,929.85,3576533,3359929915,1.360434479
10-05-2006,RELIANCE,1160,1175,1137.25,1169.8,1154.1,10202815,11780633743,1.360367386
04-08-2023,RELIANCE,2498.8,2516,2471.6,2509.55,2475.9,11442805,28575603699,1.359101741
11-07-2022,RELIANCE,2376.5,2428.8,2370,2423.9,2391.4,6390604,15343320840,1.359036548
05-12-2007,RELIANCE,2912.7,2920,2865,2901.4,2862.5,1958011,5674057009,1.358951965
17-10-2007,RELIANCE,2518,2705,2251,2687.55,2651.55,8626308,22440889026,1.357696442
06-12-2012,RELIANCE,835.95,845.85,822,843.9,832.6,2636685,2197151672,1.357194331
14-07-2008,RELIANCE,2000,2075,1990,2043.45,2016.1,3713341,7569566351,1.356579535
30-05-1995,RELIANCE,268,269.5,265.5,269.05,265.45,976950,261637675,1.356187606
07-01-2004,RELIANCE,570.2,582.5,567,580.15,572.4,5944876,3409888514,1.353948288
26-03-2014,RELIANCE,881.25,902.95,881.15,891.2,879.3,3156965,2816248771,1.353349255
06-07-2018,RELIANCE,964.75,983,964.5,977.55,964.5,9161266,8958074813,1.353032659
22-01-2003,RELIANCE,292.5,297.5,291.3,296.05,292.1,3875298,1145500607,1.352276618
31-01-2024,RELIANCE,2808,2868.5,2805,2853.25,2815.25,7565113,21545402809,1.349791315
26-09-2019,RELIANCE,1292,1298.8,1283.5,1296.8,1279.55,8389212,10849310880,1.348130202
31-12-2009,RELIANCE,1084,1096,1081.35,1090.55,1076.05,4009836,4371857861,1.347521026
11-08-2025,RELIANCE,1370,1388,1361.2,1386.2,1367.8,,13754351257,1.34522591
30-09-2014,RELIANCE,928,948.45,925.05,945.7,933.15,4032700,3775213274,1.344907035
27-06-2025,RELIANCE,1499.4,1522,1496.9,1515.4,1495.3,11117052,16808908375,1.344211864
04-07-2008,RELIANCE,2070.05,2131.2,2050.05,2097.9,2070.1,4070364,8528271653,1.342930293
09-05-2000,RELIANCE,321.5,331.85,318.4,328.35,324,6136642,1988309963,1.342592593
05-05-1999,RELIANCE,143,151.85,143,147.2,145.25,11477247,1704312024,1.342512909
05-12-2017,RELIANCE,901.05,920.75,895.45,913.7,901.6,8369174,7631456011,1.342058563
21-07-2004,RELIANCE,431,439.7,429.9,434.3,428.55,5184791,2246040609,1.341733753
10-06-2005,RELIANCE,561,569.4,561,566.55,559.05,6310394,3569410971,1.341561578
10-06-2005,RELIANCE,561,569.4,561,566.55,559.05,6310394,3569410971,1.341561578
14-02-2001,RELIANCE,414.85,417.4,409.55,415.55,410.05,8956667,3706882516,1.341299841
29-04-2021,RELIANCE,2022.9,2044.5,2007.3,2024.05,1997.3,8035915,16266339428,1.339308066
04-12-1998,RELIANCE,111.95,113.75,111.6,113.5,112,5231550,590167187.5,1.339285714
17-05-2012,RELIANCE,680.25,689.85,677.8,685.15,676.1,3560488,2437901568,1.338559385
08-06-2018,RELIANCE,966.35,986.55,960.6,984.35,971.35,6532599,6366671932,1.338343542
17-06-2013,RELIANCE,815.5,827.9,811.1,825.55,814.65,2534907,2081023669,1.337997913
15-07-2015,RELIANCE,999.75,1014.4,999.55,1011.15,997.8,3093396,3123383138,1.337943476
08-09-2005,RELIANCE,734,745.5,733.35,738.65,728.9,5309545,3931249587,1.337632048
15-06-2015,RELIANCE,894.9,905,890,901.75,889.85,2939253,2645381755,1.33730404
09-01-2018,RELIANCE,928.15,943.9,924,940.95,928.55,6534997,6133531768,1.335415433
28-05-2001,RELIANCE,394,401.9,394,398.8,393.55,2605823,1039218734,1.334010926
01-12-2006,RELIANCE,1245.1,1268.9,1245.1,1261.05,1244.45,2280348,2876262695,1.333922616
03-05-2005,RELIANCE,533,543,525.55,540.95,533.85,3454317,1863023592,1.3299616
06-08-2018,RELIANCE,1176.7,1196,1175.35,1192.6,1176.95,4016418,4774942205,1.329708144
29-12-2003,RELIANCE,533,538.95,532.2,537.25,530.2,3312897,1777999047,1.329686911
05-06-2025,RELIANCE,1428,1454.7,1423.6,1442.4,1423.5,13716817,19789468217,1.327713383
07-11-2005,RELIANCE,764.9,790.7,764.9,788,777.7,5107087,4002788111,1.324418156
16-07-2019,RELIANCE,1279.95,1294.9,1277.05,1293,1276.1,4604019,5920407971,1.324347622
28-06-2023,RELIANCE,2513,2537.85,2497.85,2529.5,2496.45,5239872,13233213873,1.323879909
16-02-2021,RELIANCE,2039.75,2079.4,2035,2059.5,2032.6,9886093,20377537337,1.323428122
15-09-2011,RELIANCE,833,838.6,813.55,836.3,825.4,4664709,3860737147,1.320571844
18-03-1997,RELIANCE,284.5,292.9,283.6,288.3,284.55,16542950,4770973095,1.317870322
29-09-2011,RELIANCE,790.5,812.75,784.45,807.7,797.2,7203038,5749558915,1.317109885
29-10-2010,RELIANCE,1087.7,1107.2,1080.5,1096.25,1082,6794099,7435596989,1.317005545
22-12-2003,RELIANCE,521.15,530,521.15,527.55,520.7,4295096,2256707479,1.315536777
22-11-1995,RELIANCE,222,224.95,218.8,223.4,220.5,5741500,1277735368,1.315192744
19-12-2022,RELIANCE,2581,2604,2566.7,2599.3,2565.6,3567363,9214319520,1.313532897
19-06-2006,RELIANCE,918,940,903,933.7,921.6,4003171,3718904485,1.312934028
30-03-1999,RELIANCE,119.85,123.55,117.4,123.55,121.95,7378600,881356015,1.31201312
02-12-2024,RELIANCE,1288,1311.35,1277.05,1309.15,1292.2,11024152,14315972963,1.311716453
24-03-2005,RELIANCE,555,567.4,555,560,552.75,8069883,4537414207,1.3116237
14-03-2002,RELIANCE,297.05,298.4,294.3,297.5,293.65,1581664,469315130.2,1.311084625
13-02-2004,RELIANCE,586.15,597.4,584.1,595.4,587.7,4672041,2763945555,1.310192275
02-07-2020,RELIANCE,1743,1767.6,1735.05,1760.35,1737.6,13286760,23320864112,1.309277164
08-08-2022,RELIANCE,2531,2583.55,2531,2567.15,2534,4691228,12044417897,1.308208366
14-11-2017,RELIANCE,875,895,873,886.7,875.25,5706105,5055092471,1.308197658
28-07-2016,RELIANCE,1014.95,1030.5,1013.05,1026.35,1013.1,3568375,3649633314,1.307866943
19-08-2010,RELIANCE,963.7,984.9,963.7,977.2,964.6,4723202,4625045490,1.306240929
12-05-2004,RELIANCE,484,499.4,484,496.65,490.25,6245671,3083092680,1.3054564
16-03-2007,RELIANCE,1283.4,1305.8,1276,1300.15,1283.4,2567950,3308289433,1.305127006
28-03-1996,RELIANCE,207.5,210.7,206.8,209.65,206.95,12832000,2680622293,1.304662962
06-11-2006,RELIANCE,1286,1315,1280.25,1304.5,1287.7,3496771,4558717404,1.304651705
09-10-1996,RELIANCE,190,192,187.25,190.25,187.8,6260800,1186089540,1.30457934
02-11-2011,RELIANCE,855,880.95,855,871.8,860.6,3143275,2740267903,1.301417616
31-07-2017,RELIANCE,1601.95,1618.8,1596,1615.2,1594.45,3787034,6098027727,1.301389194
03-08-2010,RELIANCE,1019.15,1030.9,1014,1027.75,1014.55,4595476,4713280610,1.30106944
01-12-2020,RELIANCE,1940.35,1966.25,1930.05,1954.9,1929.8,9114939,17774977231,1.300652917
18-08-2020,RELIANCE,2085,2134.3,2082.35,2118.55,2091.35,14097932,29867537549,1.300595309
18-01-2007,RELIANCE,1355,1384.7,1349,1367.4,1349.85,3531763,4843596331,1.30014446
22-06-2005,RELIANCE,643,660,642,654.55,646.15,12836742,8362054373,1.300007738
15-02-2002,RELIANCE,313,319.8,311.15,315.6,311.55,4975464,1571263932,1.299951854
29-09-2020,RELIANCE,2225,2264,2216.25,2245.05,2216.25,11927459,26744967681,1.299492386
21-03-2000,RELIANCE,238.8,242.8,227.6,237.9,234.85,6838036,1600824254,1.298701299
21-03-2000,RELIANCE,238.8,242.8,227.6,237.9,234.85,6838036,1600824254,1.298701299
31-12-1997,RELIANCE,165,169.45,165,167.7,165.55,4398700,737897417.5,1.298701299
09-07-2009,RELIANCE,1835,1874.9,1830.1,1853.4,1829.65,3688001,6849897258,1.298062471
20-03-2024,RELIANCE,2855.9,2890,2848.05,2887.5,2850.5,4244403,12200651008,1.298017892
16-08-2021,RELIANCE,2149.35,2203,2128.15,2173.5,2145.65,10123204,22042343432,1.297974973
03-12-2012,RELIANCE,795,807,789.75,804,793.7,2359017,1886804101,1.297719541
14-12-2010,RELIANCE,1043,1060,1042,1055.25,1041.75,4590209,4833976084,1.295896328
20-11-2015,RELIANCE,934,952.8,925.55,946.85,934.75,2583965,2434625109,1.29446376
16-12-2021,RELIANCE,2405.7,2415.5,2368.65,2403.9,2373.2,4504829,10776855117,1.293612001
14-08-2014,RELIANCE,995,1005,991.75,1002.95,990.15,2757188,2750070035,1.292733424
01-12-1997,RELIANCE,157.1,161.95,155.25,160.7,158.65,7433600,1180572335,1.292152537
21-03-2007,RELIANCE,1320,1343.8,1305,1340,1322.95,1198964,1589623465,1.288786424
24-10-2011,RELIANCE,848,854,843.55,846.5,835.75,2075894,1761046669,1.286269818
04-10-2021,RELIANCE,2553,2574.85,2537.05,2556.15,2523.7,5038910,12884346776,1.285810516
26-07-2017,RELIANCE,1604.2,1629.9,1601.1,1622.75,1602.15,5018389,8133382696,1.285772244
09-11-2001,RELIANCE,263.5,266.45,260.3,264.05,260.7,2471591,652316318.4,1.285001918
22-07-2021,RELIANCE,2119,2123.9,2098.15,2120.7,2093.8,3679260,7769110030,1.284745439
20-02-2006,RELIANCE,694,703.45,689,702.05,693.15,3226110,2247363758,1.283993364
03-08-2017,RELIANCE,1626.85,1664.9,1617.05,1650.1,1629.2,4504776,7412507561,1.282838203
30-05-2000,RELIANCE,340.75,345.85,337.1,343.8,339.45,5690548,1951255744,1.281484755
29-11-2004,RELIANCE,498,513,487,509.8,503.35,20340653,10172437495,1.281414523
26-09-1997,RELIANCE,349,354.8,349,351.75,347.3,9100250,3204226955,1.281312986
04-06-2025,RELIANCE,1414.7,1425.7,1406.1,1423.5,1405.5,8126827,11505806731,1.280683031
27-12-2006,RELIANCE,1285,1297.9,1280.5,1293.35,1277,2336334,3021187220,1.280344558
27-12-2006,RELIANCE,1285,1297.9,1280.5,1293.35,1277,2336334,3021187220,1.280344558
08-08-2016,RELIANCE,1019.9,1034,1018.65,1029.25,1016.25,3098753,3190040712,1.279212792
11-07-2018,RELIANCE,1025,1040.9,1017.85,1038.8,1025.7,8665072,8932367750,1.277176562
04-08-2025,RELIANCE,1395.1,1416.1,1391.7,1411.5,1393.7,6312820,8904907901,1.277175863
02-11-2015,RELIANCE,949,961.5,945.2,959.8,947.7,1650838,1573930468,1.276775351
15-12-2023,RELIANCE,2478,2500,2470.05,2495.6,2464.15,7966076,19818994726,1.276302173
15-11-1996,RELIANCE,183.65,187.9,183.05,186.6,184.25,3199150,593017345,1.275440977
01-04-2014,RELIANCE,936,945,929.3,942.6,930.75,3575180,3350811073,1.273166801
23-09-2016,RELIANCE,1089,1109.45,1089,1102.8,1088.95,7105725,7818310313,1.271867395
30-05-2019,RELIANCE,1316.25,1342,1316.25,1329.75,1313.05,10740841,14280455588,1.271847988
20-05-1998,RELIANCE,181.2,183.8,180.1,183.2,180.9,6010150,1093755855,1.271420674
17-06-2010,RELIANCE,1063.3,1077,1058.3,1071.4,1057.95,4811174,5141067711,1.271326622
21-11-2017,RELIANCE,926.8,939.65,925.5,932.55,920.85,5980763,5587246391,1.270565239
04-07-2013,RELIANCE,853.1,870.6,847.35,861.65,850.85,3024958,2604464648,1.269318916
30-04-1999,RELIANCE,135.4,137.95,133.35,135.65,133.95,8377783,1135208841,1.269130272
17-02-2022,RELIANCE,2420.1,2454.9,2410,2443.5,2412.95,5931774,14471212589,1.266085083
06-11-2018,RELIANCE,1094,1112,1091.6,1104.1,1090.3,8634266,9534243973,1.265706686
15-09-2006,RELIANCE,1127,1144,1114.25,1140.6,1126.35,3008309,3406657828,1.265148488
26-08-2021,RELIANCE,2208,2244.9,2205,2230.45,2202.6,8579105,19133818234,1.264414783
17-06-1999,RELIANCE,184.2,188,182.5,184.5,182.2,12401297,2298714959,1.262349067
14-05-2021,RELIANCE,1928.05,1942,1906,1937.3,1913.15,6134079,11809311728,1.262316076
19-01-2018,RELIANCE,923,934.4,922.1,931.3,919.7,4559564,4233444944,1.261280852
13-09-2019,RELIANCE,1212,1228.5,1206.9,1225.6,1210.35,5919260,7199926784,1.259966126
21-11-2023,RELIANCE,2366,2388,2360.2,2378.9,2349.35,4107225,9763257904,1.257794709
27-02-2018,RELIANCE,939,955.8,938.35,950.5,938.7,6410097,6083477042,1.257057633
01-07-2019,RELIANCE,1258.05,1272.65,1246.45,1268.85,1253.1,6162080,7782945943,1.25688293
20-07-2006,RELIANCE,997,1010,985.25,995.4,983.05,7203202,7192823280,1.256294186
20-07-2006,RELIANCE,997,1010,985.25,995.4,983.05,7203202,7192823280,1.256294186
06-09-1999,RELIANCE,185,186.75,183.6,185.55,183.25,4239361,784706549.1,1.255115962
22-03-2018,RELIANCE,896,911.95,895.75,908.15,896.9,10116965,9183446074,1.254320437
22-03-2018,RELIANCE,896,911.95,895.75,908.15,896.9,10116965,9183446074,1.254320437
14-05-2001,RELIANCE,355,362.05,354.65,359.8,355.35,1776515,637035174.6,1.252286478
04-10-2007,RELIANCE,2380,2439.85,2362,2425.9,2395.9,3492432,8395856323,1.252139071
10-01-1997,RELIANCE,223.5,224.4,221.25,222.6,219.85,7252200,1615725213,1.250852854
25-02-2022,RELIANCE,2280.1,2307.95,2276.25,2283.95,2255.75,6724094,15403844189,1.250138535
28-02-2006,RELIANCE,703.75,714.9,695.3,708.85,700.1,7720791,5450739928,1.249821454
31-12-2014,RELIANCE,880,893.9,879.05,891.15,880.15,1934955,1718774956,1.249786968
02-12-2015,RELIANCE,966.25,979.7,964.5,977.95,965.9,1731204,1684038388,1.247541153
28-07-2004,RELIANCE,462,475,462,470.9,465.1,8270263,3882199424,1.247043647
21-06-2018,RELIANCE,1023.45,1036,1021.3,1031.95,1019.25,10509756,10830925855,1.246014226
15-11-2002,RELIANCE,267.1,269.5,266.1,268.2,264.9,4908203,1314498623,1.245753114
22-12-1997,RELIANCE,161.95,164.35,161.1,162.75,160.75,6479300,1053295163,1.244167963
01-11-2017,RELIANCE,947.75,957.8,945.75,952.55,940.85,8033040,7650355597,1.243556359
27-05-2011,RELIANCE,934.1,952.9,934.1,945.45,933.85,3459497,3275561652,1.242169513
14-11-2024,RELIANCE,1253.6,1272.6,1251.1,1267.6,1252.05,12612633,15938929093,1.24196318
16-07-2015,RELIANCE,1012,1027.8,1011.15,1023.7,1011.15,3395442,3474369729,1.241161054
14-12-2023,RELIANCE,2454,2474.95,2442.65,2464.15,2433.95,8486177,20916413095,1.240781446
03-09-1998,RELIANCE,104.5,109.4,104.2,106.25,104.95,8695600,930100150,1.238685088
14-05-2024,RELIANCE,2801.95,2854.15,2800.05,2840.15,2805.4,3594150,10187793904,1.238682541
02-05-2025,RELIANCE,1414,1426.7,1409.1,1422.4,1405,17535402,24894140200,1.238434164
23-04-1997,RELIANCE,310,311,305.5,306.6,302.85,13670350,4217101103,1.238236751
17-04-2007,RELIANCE,1465,1488,1452.35,1475.8,1457.75,3820017,5626756119,1.23820957
08-05-2023,RELIANCE,2450,2483.65,2444.15,2471.9,2441.75,4224469,10427725789,1.234770144
23-05-2025,RELIANCE,1406.6,1433.8,1406.6,1426.8,1409.4,6474883,9224312173,1.234567901
11-11-2005,RELIANCE,787,804.25,787,795.4,785.7,5028746,4005984539,1.234567901
08-01-2016,RELIANCE,1020,1032.9,1016.7,1025.75,1013.25,4871839,4999056504,1.233654083
14-06-2007,RELIANCE,1686,1703,1685,1696.05,1675.4,1996192,3382079676,1.232541483
11-12-1997,RELIANCE,154.05,157.45,149.65,156.1,154.2,10980000,1680074963,1.232166018
03-05-2002,RELIANCE,285,289.95,284.7,287.85,284.35,1732728,497890713,1.23087744
24-05-2012,RELIANCE,694,700,686.1,695.3,686.85,2399818,1663207676,1.230254058
14-06-2023,RELIANCE,2521,2555,2517,2551.85,2520.85,6127509,15572120761,1.229743936
06-02-2010,RELIANCE,990,997.5,985.4,993.75,981.7,647435,642478011.4,1.227462565
13-12-2016,RELIANCE,1028,1041,1027.55,1039.8,1027.2,2369453,2458635174,1.226635514
26-03-2001,RELIANCE,380,386.6,376.1,384.2,379.55,1771673,678742538.2,1.225135028
26-07-2006,RELIANCE,990,1004.9,981.1,999.9,987.8,2948918,2935155643,1.224944321
07-05-1996,RELIANCE,245.25,250.45,244.3,248.6,245.6,19587000,4855392330,1.221498371
06-05-1997,RELIANCE,300,304,299.05,302.8,299.15,7088650,2134437353,1.220123684
25-05-2006,RELIANCE,944.4,962,922.5,950,938.55,9098194,8603294731,1.21996697
22-04-1997,RELIANCE,306,318,297.05,302.85,299.2,25944750,8007361208,1.219919786
02-11-2007,RELIANCE,2577,2725,2577,2713.3,2680.6,3867608,10280626080,1.219876147
03-06-2014,RELIANCE,1083.3,1102,1077.35,1095.4,1082.2,2485694,2713812200,1.219737572
18-06-1997,RELIANCE,326,329.45,322.35,323.75,319.85,8534650,2781018805,1.219321557
18-12-2014,RELIANCE,881.55,884.8,864.65,880.1,869.5,3422050,2999770666,1.219091432
08-05-2024,RELIANCE,2795,2865.9,2795,2837.1,2802.95,4719501,13378380315,1.218359229
28-11-2002,RELIANCE,290,292.95,289.15,290.8,287.3,7071612,2054957450,1.218238775
23-03-2021,RELIANCE,2061.95,2109.7,2056,2087.5,2062.4,8039865,16776188635,1.217028704
02-07-1997,RELIANCE,370.45,376.9,368,370.15,365.7,12590100,4690894133,1.216844408
01-04-2015,RELIANCE,824.9,839,813.1,836.05,826,3334693,2752795810,1.216707022
23-01-2018,RELIANCE,975,990.95,975,983.25,971.5,10298500,10140509292,1.209469892
02-06-2004,RELIANCE,435.9,442.95,434.6,439.45,434.2,4296672,1883529784,1.209120221
23-08-1996,RELIANCE,211,215.75,210,213.45,210.9,12502400,2666469480,1.209103841
12-02-2020,RELIANCE,1456.15,1474.85,1455,1470.3,1452.75,6187091,9069380788,1.208053691
20-08-2008,RELIANCE,2220,2260,2217.5,2246.35,2219.6,2273633,5085617736,1.205172103
12-09-2002,RELIANCE,257.8,263.65,257.5,260.5,257.4,2786878,727434813.5,1.204351204
02-09-2021,RELIANCE,2255,2307.8,2255,2294.4,2267.1,4595048,10516781284,1.204181554
04-06-2004,RELIANCE,423,435,422.6,433.5,428.35,6151647,2642361872,1.202287849
01-08-2019,RELIANCE,1163.4,1188.2,1150.35,1180.25,1166.25,10344862,12039909017,1.200428725
12-01-2018,RELIANCE,943,952.8,938.25,949,937.75,6890028,6523589663,1.199680085
15-03-1999,RELIANCE,138.6,142.7,137,139.25,137.6,5843750,819389235,1.199127907
05-02-1998,RELIANCE,154,157.4,154,156.15,154.3,4186350,654658882.5,1.198963059
15-03-2017,RELIANCE,1291.05,1316.3,1290.4,1304.95,1289.5,5510658,7201863486,1.198138813
13-03-2019,RELIANCE,1337,1360,1328.1,1347.3,1331.35,11236048,15046185762,1.198032073
29-11-2021,RELIANCE,2439.1,2500,2399.1,2441.5,2412.6,11226147,27663493598,1.197877808
12-09-2018,RELIANCE,1251.8,1258.7,1228.85,1252.5,1237.7,8065553,10030498343,1.195766341
21-11-2006,RELIANCE,1267,1278.4,1259.15,1274.05,1259,1829275,2321654290,1.195393169
29-07-2009,RELIANCE,1900,1938,1871,1930.4,1907.6,4766525,9079072441,1.195219124
24-09-2018,RELIANCE,1214.45,1239.9,1204.5,1232.05,1217.5,10102589,12378019783,1.195071869
06-10-2004,RELIANCE,538.9,555.75,538.9,546.35,539.9,7394077,4065444989,1.194665679
11-02-2020,RELIANCE,1447.4,1466.2,1445.05,1452.75,1435.6,6400245,9326549622,1.194622458
28-11-2013,RELIANCE,843.1,856.4,843.1,847.95,837.95,2867965,2439568497,1.193388627
05-09-2017,RELIANCE,1630,1634.85,1621.05,1632.6,1613.35,5764131,9395875386,1.193169492
30-07-2012,RELIANCE,723,731.8,721.85,729.6,721,1591825,1157375251,1.192787795
19-01-2001,RELIANCE,365.1,373.8,365.1,369.1,364.75,6563871,2429104191,1.19259767
08-04-2013,RELIANCE,778.1,794.35,778,789.4,780.1,2029499,1600159224,1.192154852
10-08-2001,RELIANCE,338,341.45,334.1,339.8,335.8,2537055,856402491.4,1.191185229
07-05-2002,RELIANCE,289,294.3,287.15,293.15,289.7,1204058,350987856.7,1.190887125
04-03-2009,RELIANCE,1155.35,1217.7,1155.35,1211.1,1196.85,5976700,7159859109,1.190625392
04-09-1997,RELIANCE,339.1,345.5,337,344.3,340.25,9559950,3258113078,1.190301249
21-02-2017,RELIANCE,1075.2,1090.95,1073.05,1088.2,1075.4,3242790,3517853374,1.190254789
17-05-2021,RELIANCE,1937.3,1963.45,1930.4,1960.35,1937.3,5479424,10686267806,1.189800237
04-03-2014,RELIANCE,803,814.65,802.6,812.95,803.4,2056575,1667345286,1.188698033
26-04-2012,RELIANCE,737.1,749,733.6,745.05,736.3,3469984,2571983924,1.188374304
28-12-2021,RELIANCE,2375.6,2404.85,2373.05,2398.4,2370.25,2941883,7028226280,1.187638435
07-03-2002,RELIANCE,310,312.4,306.65,311.3,307.65,2191214,679498950.7,1.186413132
14-05-2008,RELIANCE,2520,2555.05,2480.25,2530.75,2501.1,2009835,5068231103,1.18547839
30-08-2007,RELIANCE,1900,1925,1881,1912.05,1889.7,4219933,8075764157,1.182727417
14-08-2023,RELIANCE,2539,2582.3,2525,2577.25,2547.15,4787906,12271588460,1.181712895
08-01-2021,RELIANCE,1918,1938.4,1912.1,1933.7,1911.15,12709792,24441751753,1.179917851
12-12-2018,RELIANCE,1099,1113.5,1087.75,1110.5,1097.55,12605431,13859813727,1.179900688
11-06-1997,RELIANCE,317.5,320.5,316.05,317.3,313.6,10125400,3227807498,1.179846939
05-03-2025,RELIANCE,1161,1183,1157,1175.6,1161.9,8664095,10166451493,1.179103193
05-02-2001,RELIANCE,393.1,400.5,390.25,399.15,394.5,10670248,4233058603,1.178707224
16-04-2008,RELIANCE,2620.05,2666,2615.3,2642.5,2611.8,3601987,9533182086,1.175434566
08-09-2014,RELIANCE,1033.9,1039.35,1028,1037.7,1025.65,3174286,3284879656,1.17486472
08-09-2020,RELIANCE,2092,2121,2080.5,2107.1,2082.65,12643762,26653239816,1.173985067
17-07-2017,RELIANCE,1537,1559.6,1537,1551.75,1533.75,4285809,6646109252,1.173594132
28-06-2001,RELIANCE,358,366.45,356.5,362.3,358.1,2752289,997724686,1.172856744
17-06-2022,RELIANCE,2560,2624.85,2556.1,2590,2560,11286988,29260639914,1.171875
15-10-2018,RELIANCE,1129.9,1146.9,1118.15,1139.75,1126.55,8871776,10086128972,1.171718965
20-08-2010,RELIANCE,977.2,993.4,972.5,988.65,977.2,4799377,4733618993,1.171715104
08-06-2012,RELIANCE,718,731.9,712.3,729.7,721.25,2907005,2100509908,1.171577123
10-03-2008,RELIANCE,2210.9,2288.8,2122.35,2274.55,2248.25,5243330,11584685036,1.169798732
29-04-2011,RELIANCE,975,988,971.3,983.75,972.4,3414200,3345900193,1.167215138
03-01-1997,RELIANCE,212.55,217.25,212.55,216.7,214.2,7016100,1511664425,1.16713352
26-05-2000,RELIANCE,314.8,318,311,316.45,312.8,3504803,1103111870,1.166879795
11-01-2001,RELIANCE,352.5,357.3,351,355.8,351.7,4070774,1441228304,1.165766278
09-02-2022,RELIANCE,2371.15,2387.2,2358,2383.5,2356.05,5300891,12579355095,1.165085631
19-06-2002,RELIANCE,283,288.8,278.95,286.65,283.35,2461685,697528992.1,1.164637374
13-08-2003,RELIANCE,369.9,369.9,355.75,360.95,356.8,4531665,1628966164,1.163116592
13-05-2020,RELIANCE,1527,1527,1454,1496.45,1479.25,30658051,45407632804,1.162751394
02-06-1997,RELIANCE,303.5,305.95,300.55,304.55,301.05,11702900,3550203363,1.162597575
18-03-2014,RELIANCE,889.5,908.8,889.5,896.45,886.15,4351046,3917706432,1.162331434
16-12-2003,RELIANCE,498.8,507.45,492.65,504.8,499,9055688,4521683611,1.162324649
14-05-1997,RELIANCE,292.8,296.9,288.15,296.05,292.65,12775250,3735652463,1.161797369
02-04-2018,RELIANCE,893,900.95,886.5,892.95,882.7,5712065,5108762641,1.161209924
12-09-2007,RELIANCE,1996,2021,1992,2013.15,1990.1,2407667,4837117025,1.158233255
23-04-2010,RELIANCE,1080,1096,1080,1088.2,1075.75,5311168,5784880548,1.157332094
11-04-2019,RELIANCE,1332.95,1353,1329,1346.8,1331.4,5741333,7684265512,1.156677182
10-09-2007,RELIANCE,1955,1995,1944,1985.6,1962.9,1558841,3089600600,1.156452188
04-10-2001,RELIANCE,249.05,255.8,243.55,249.45,246.6,10646039,2651843097,1.155717762
02-09-2015,RELIANCE,850,857.1,842.6,849.55,839.85,4492201,3819762801,1.154968149
28-10-2003,RELIANCE,460,470,458,464.3,459,7426937,3449411029,1.154684096
29-05-2001,RELIANCE,399,406.95,397,403.4,398.8,3057001,1226735568,1.153460381
17-02-2021,RELIANCE,2060,2095.95,2050.6,2083.25,2059.5,10957388,22758423346,1.153192522
04-05-2023,RELIANCE,2421.15,2452.85,2414.6,2448,2420.1,3985159,9716626291,1.152844924
24-01-2024,RELIANCE,2670.45,2699,2647.85,2687.75,2657.15,10959564,29199812068,1.151609808
21-11-2001,RELIANCE,292,302.25,287.5,294.4,291.05,2899237,859776478.2,1.151004982
05-06-2014,RELIANCE,1078.5,1094.9,1064.25,1089.9,1077.5,4565820,4931783380,1.150812065
19-07-2016,RELIANCE,1006,1022.95,995.3,1017.8,1006.25,3805750,3844707695,1.147826087
19-07-2016,RELIANCE,1006,1022.95,995.3,1017.8,1006.25,3805750,3844707695,1.147826087
31-01-2018,RELIANCE,950,964.5,941.55,961.3,950.4,5738209,5501909579,1.146885522
18-01-2013,RELIANCE,895,902.95,885.65,900.2,890,5201345,4660332029,1.146067416
11-02-2011,RELIANCE,899.95,915,888.05,909.95,899.65,4574486,4116269861,1.144889679
19-01-2015,RELIANCE,870.2,886,858.75,879.65,869.7,3049291,2674972253,1.144072669
25-05-2016,RELIANCE,949.85,952.8,941.15,951.2,940.45,2112135,2002517642,1.143069807
19-08-2019,RELIANCE,1281.05,1296.8,1280,1292.6,1278,7459859,9619648793,1.142410016
06-12-2016,RELIANCE,996,1006.55,994.6,1005.2,993.85,1537535,1538464382,1.142023444
11-10-2002,RELIANCE,251,251,238.1,239.6,236.9,1287555,309175067.6,1.139721401
15-05-2000,RELIANCE,312.05,324.7,306.5,319.5,315.9,5797353,1828580038,1.13960114
08-10-2014,RELIANCE,921.15,941.5,921.15,936.7,926.15,2246466,2101920451,1.139124332
08-10-2014,RELIANCE,921.15,941.5,921.15,936.7,926.15,2246466,2101920451,1.139124332
08-01-2008,RELIANCE,3050.5,3084,3000,3054.65,3020.25,4907826,14941805147,1.138978561
09-12-2019,RELIANCE,1556.15,1577.4,1546.5,1572.6,1554.9,5779807,9046924671,1.138336871
16-01-2025,RELIANCE,1258.9,1275,1251.3,1266.45,1252.2,14117603,17828486686,1.137997125
25-06-2025,RELIANCE,1464,1472.4,1460.5,1467.3,1450.8,7525851,11043861535,1.137303557
12-03-2008,RELIANCE,2418.8,2428.4,2360,2374.6,2347.9,3195994,7677588645,1.137186422
20-10-2008,RELIANCE,1329.95,1380,1281,1320.9,1306.05,7029875,9320901066,1.137016194
22-06-2006,RELIANCE,970,993.4,967.2,975.1,964.15,4852544,4776422869,1.135715397
08-02-2018,RELIANCE,897.9,910.65,892.35,904.55,894.4,6320734,5708726206,1.134838998
17-07-1995,RELIANCE,266.25,268.25,264.05,267.4,264.4,766450,204093512.5,1.134644478
10-07-2006,RELIANCE,1036,1049.85,1023.2,1043.3,1031.6,4474993,4646855717,1.134160527
13-05-2022,RELIANCE,2426,2478,2415.35,2426.6,2399.4,8910998,21846799849,1.133616738
03-04-2003,RELIANCE,283,287,282.05,285.5,282.3,2228894,633763129.3,1.133545873
03-03-2016,RELIANCE,1010,1018,997.5,1012.85,1001.5,3630006,3663682139,1.13330005
06-10-2015,RELIANCE,895.65,900.5,885.75,898.05,888,2818498,2518310002,1.131756757
07-05-1999,RELIANCE,153.6,157,151.05,152.1,150.4,9518658,1463777303,1.130319149
16-12-1998,RELIANCE,115.4,116.6,114.65,116.55,115.25,4306300,497973447.5,1.127982646
04-08-2009,RELIANCE,2033,2053,2002.5,2039.75,2017,3837378,7801876861,1.127912742
01-03-2007,RELIANCE,1375,1375,1319.05,1367.75,1352.5,3952391,5328878954,1.12754159
10-01-2017,RELIANCE,1080,1094.4,1080,1089.85,1077.7,2594400,2827464834,1.127400946
27-09-2023,RELIANCE,2343.5,2371.8,2338.5,2368.9,2342.5,5861389,13807821671,1.127001067
14-12-1994,RELIANCE,333,342.5,332.25,336.5,332.75,107100,36209625,1.126972201
02-01-2023,RELIANCE,2550,2579,2548.2,2575.9,2547.2,2453414,6292210762,1.126727387
19-07-2018,RELIANCE,1093.3,1115,1086.35,1104.85,1092.55,5433617,5968998931,1.125806599
22-11-2011,RELIANCE,788.1,804.45,786.6,795.2,786.35,4382352,3488058541,1.125453043
14-01-2021,RELIANCE,1945,1966.9,1939.05,1960.6,1938.8,9946818,19467651412,1.12440685
24-05-2016,RELIANCE,928.05,944,928.05,940.45,930,2807737,2638876532,1.123655914
19-01-2007,RELIANCE,1428,1428,1374.25,1382.75,1367.4,6458817,8947583278,1.122568378
24-01-2017,RELIANCE,1017,1028.8,1017,1027.3,1015.9,2153091,2205027804,1.122157693
28-02-2015,RELIANCE,862.8,868.4,846.6,865.15,855.55,2093776,1800926912,1.122085208
01-06-2005,RELIANCE,538,544.2,536,541,535,4406235,2381739728,1.121495327
12-07-2017,RELIANCE,1499.4,1525,1497.5,1511.1,1494.35,3909797,5912789615,1.120888681
20-07-2004,RELIANCE,450,450,421,428.55,423.8,10068399,4312776670,1.120811704
06-07-2005,RELIANCE,637.35,647,637.35,645.2,638.05,3357409,2161967838,1.120601834
29-11-2016,RELIANCE,989,1004.3,988.05,997.7,986.65,2259609,2259387576,1.119951351
12-09-2022,RELIANCE,2570.55,2612,2570.55,2598.05,2569.3,3431445,8909527158,1.118981824
16-08-2024,RELIANCE,2937.3,2960.8,2916.1,2956.4,2923.7,4708451,13865325210,1.118445805
10-11-2021,RELIANCE,2516.7,2558,2503.65,2549.9,2521.7,4731975,12012742203,1.118293215
09-10-2019,RELIANCE,1308.7,1329.95,1292.5,1324.75,1310.1,8040938,10529814619,1.118235249
13-07-2001,RELIANCE,341.75,350.75,332.3,344,340.2,2040818,706961716,1.116990006
20-05-2003,RELIANCE,264.5,272.8,264.5,272.1,269.1,2951846,797439200.7,1.114827202
27-07-2005,RELIANCE,692.5,704.9,689.4,698.85,691.15,7561778,5277532178,1.11408522
30-03-2017,RELIANCE,1255,1274.75,1253,1270.65,1256.65,6368859,8075111743,1.114073131
26-07-2024,RELIANCE,2984.8,3024.85,2980.7,3018.05,2984.8,4929970,14849480971,1.113977486
09-09-1998,RELIANCE,118.9,121.7,117,118,116.7,11839250,1417634168,1.113967438
03-07-2018,RELIANCE,965,978.45,960.35,971.3,960.6,5067261,4925883688,1.113887154
13-08-2007,RELIANCE,1822,1836.8,1807.55,1829.2,1809.05,1574985,2874141715,1.113844283
19-08-2015,RELIANCE,944,961,939.45,954.6,944.1,2029201,1933217602,1.112170321
15-12-2011,RELIANCE,731.9,754.5,723.5,750.15,741.9,6611139,4899098285,1.112009705
14-02-2024,RELIANCE,2915,2967.3,2915,2962.75,2930.2,3558944,10476084978,1.110845676
09-08-2006,RELIANCE,977.15,996.4,970,988,977.15,3368611,3324271499,1.110372
13-04-2012,RELIANCE,746.05,762,737.5,751.55,743.3,3249224,2448564329,1.109915243
21-08-2006,RELIANCE,1055,1074.9,1045,1067.6,1055.9,2365329,2506639596,1.108059475
30-04-2002,RELIANCE,275,279.7,273.55,278.35,275.3,1688485,468472091.3,1.10788231
22-08-2007,RELIANCE,1747,1793.8,1715.3,1766.2,1746.85,4304130,7599645136,1.10770816
04-06-2018,RELIANCE,933.4,944,930.55,940.85,930.55,5600357,5262829395,1.10687228
23-12-1997,RELIANCE,163.4,165.35,162.9,164.55,162.75,6026200,989593002.5,1.105990783
20-09-2024,RELIANCE,2948,2990,2942.75,2971.85,2939.35,15448660,45890894256,1.105686631
10-10-2018,RELIANCE,1093.9,1115.85,1084.3,1102.1,1090.05,9502176,10467314926,1.105453878
29-05-1995,RELIANCE,262.25,266.4,261,265.45,262.55,786000,207574537.5,1.104551514
16-02-2000,RELIANCE,350,353.8,343.1,348.15,344.35,7876392,2748157415,1.103528387
18-03-2016,RELIANCE,1018.25,1030.15,1015.7,1027.2,1016,3207246,3284213965,1.102362205
06-04-1995,RELIANCE,283,288.05,282,284.65,281.55,399450,113871840,1.101047771
18-05-1998,RELIANCE,178.45,181.45,178.45,179.15,177.2,4107650,739166410,1.100451467
30-10-2006,RELIANCE,1225,1240,1212.15,1236.15,1222.7,2043590,2517938055,1.100024536
02-05-2005,RELIANCE,529.5,535.5,524.65,533.85,528.05,3072191,1625298794,1.098380835
12-07-2016,RELIANCE,995.25,1005,991,1003.4,992.5,2232685,2229070184,1.098236776
28-05-2008,RELIANCE,2505,2535,2471,2522.5,2495.1,2157344,5412055328,1.098152379
15-01-2016,RELIANCE,1069.75,1089.5,1065.6,1073.3,1061.65,6575725,7104390948,1.097348467
28-04-2006,RELIANCE,985,1011,971,1008.9,997.95,6259209,6248248825,1.097249361
23-02-2011,RELIANCE,986.4,1002.3,985,995.65,984.85,7128252,7094751858,1.096613698
27-08-2018,RELIANCE,1279.4,1295.85,1278.75,1291.5,1277.5,5572177,7189818654,1.095890411
07-09-2009,RELIANCE,1985,2008.95,1976.5,2002.85,1981.15,2580500,5146904359,1.095323423
04-03-2024,RELIANCE,2980.95,3024.9,2974.45,3014.8,2982.15,5012210,15056320911,1.094847677
04-06-2012,RELIANCE,677,697,673.4,692.75,685.25,3261847,2240343700,1.094491062
30-06-2021,RELIANCE,2096.25,2122.65,2091.05,2110.65,2087.8,9120556,19224881425,1.094453492
13-04-2018,RELIANCE,932.7,941.7,928.7,938.85,928.7,5767984,5404908210,1.092925595
26-03-1997,RELIANCE,291.75,295.9,290.55,291.7,288.55,14903950,4366493453,1.091665223
27-06-2024,RELIANCE,3027.5,3075,3012,3061.1,3028.05,14191515,43383260604,1.091461502
03-02-2012,RELIANCE,830,840,815.65,838.3,829.25,4569209,3776927569,1.091347603
20-08-1996,RELIANCE,195.25,203.5,194.15,199.4,197.25,12571550,2492259490,1.089987326
23-08-2011,RELIANCE,760.35,772,747.5,765.25,757,4008613,3047045257,1.089828269
28-03-2005,RELIANCE,562,573.3,561.5,566.1,560,4037567,2291155228,1.089285714
22-01-2014,RELIANCE,863.5,875.35,858.15,872.45,863.05,1947009,1693549591,1.089160535
10-04-2024,RELIANCE,2932.7,2974,2932.7,2959.15,2927.3,4569165,13508781489,1.088033341
25-07-2011,RELIANCE,892,892,879.15,882.85,873.35,5007164,4429259176,1.087765501
15-07-2014,RELIANCE,963.4,980,963.05,972.2,961.75,3507637,3407829687,1.086560957
25-04-2017,RELIANCE,1460,1467.75,1426.1,1432.8,1417.4,8403704,12125713088,1.086496402
15-01-2025,RELIANCE,1244.95,1257,1241.85,1252.2,1238.75,9578856,11974600753,1.085771948
21-09-2004,RELIANCE,501,509,497.6,507.5,502.05,5054375,2553105489,1.085549248
14-10-2002,RELIANCE,241,243.4,240,242.2,239.6,1047072,253137395.6,1.085141903
11-07-2023,RELIANCE,2752.9,2770,2737.6,2764.7,2735.05,9262001,25519975406,1.084075245
17-06-2002,RELIANCE,285.9,285.9,282.5,284.9,281.85,789432,224356312.4,1.082135888
04-12-2023,RELIANCE,2450,2450,2398.6,2420.2,2394.3,7795495,18842940785,1.081735789
03-12-2024,RELIANCE,1317,1326.8,1307,1323.3,1309.15,16869482,22279247258,1.080853989
13-04-2021,RELIANCE,1924,1940.6,1917.85,1931.8,1911.15,8958261,17301890369,1.080501269
23-03-2017,RELIANCE,1263.15,1277.55,1258,1273.3,1259.7,2699090,3426224947,1.079622132
10-07-2012,RELIANCE,731.45,742,730.8,739.7,731.8,1365637,1007127927,1.079529926
09-09-2016,RELIANCE,1035,1049.9,1030,1044.55,1033.4,3490441,3638707846,1.078962648
11-09-2023,RELIANCE,2452,2476.85,2452,2474.6,2448.2,6635537,16382249910,1.078343273
06-03-2013,RELIANCE,831.9,838.4,826.7,835.25,826.35,2463693,2053380845,1.077025473
19-03-2009,RELIANCE,1338,1353.85,1320.1,1345.7,1331.4,4341169,5805523673,1.074057383
22-09-2021,RELIANCE,2408,2442,2398.25,2430.5,2404.7,5074612,12313409794,1.072898906
13-02-1998,RELIANCE,149.95,151.75,149.1,150.85,149.25,3187750,479076362.5,1.072026801
21-06-2010,RELIANCE,1061,1071.7,1061,1065.65,1054.35,2695660,2876572767,1.071750368
27-03-2014,RELIANCE,894.85,904.9,892.1,900.75,891.2,12665322,11419909214,1.071588869
23-02-2018,RELIANCE,925.4,938,922.75,934.25,924.35,4850839,4519877657,1.071022881
04-01-2006,RELIANCE,921,936,920,929.85,920,4320968,4016217314,1.070652174
12-07-2001,RELIANCE,338.5,342.7,337.2,340.2,336.6,1247953,424701484.1,1.069518717
09-06-2010,RELIANCE,1000.2,1015,1000,1007.05,996.4,3484176,3511963738,1.068847852
01-12-2003,RELIANCE,490.1,494.8,488.1,492.25,487.05,4123682,2025114407,1.067652192
05-11-2009,RELIANCE,1909.15,1948,1851,1941.15,1920.7,3438724,6514887962,1.064715989
28-08-2013,RELIANCE,795.1,818.55,763.9,811.8,803.25,5900451,4662751126,1.06442577
25-09-2000,RELIANCE,342.05,346,338,341.95,338.35,3466621,1183444357,1.063986996
04-01-1999,RELIANCE,123,125.25,122.35,123.5,122.2,9037400,1120975188,1.063829787
02-08-2004,RELIANCE,488,496,485.05,494.1,488.9,7074248,3468771080,1.063612191
24-04-2017,RELIANCE,1409.05,1435,1400.2,1417.4,1402.5,5831731,8273693518,1.062388592
09-11-2020,RELIANCE,2062.1,2069,2036,2050.7,2029.15,16539467,33937502974,1.062021043
03-07-2006,RELIANCE,1061.65,1079.7,1054.3,1071.1,1059.85,4381854,4679065083,1.061470963
25-02-2009,RELIANCE,1265,1286,1262.55,1266.55,1253.25,2954972,3767070569,1.061240774
01-04-2003,RELIANCE,276,282.75,276,281.05,278.1,2662922,747870946.3,1.060769507
14-08-2019,RELIANCE,1304,1304.45,1280.35,1288.25,1274.75,14487137,18719162022,1.059031183
10-12-1998,RELIANCE,119.1,120.4,118.5,119.45,118.2,7938150,948484757.5,1.057529611
24-03-2017,RELIANCE,1274.1,1292,1268.45,1286.75,1273.3,3721911,4773078555,1.056310375
08-02-2002,RELIANCE,308,314.5,306.2,311.2,307.95,4273563,1327635973,1.055366131
09-02-1998,RELIANCE,156.85,159.2,156.05,158.05,156.4,3862050,609216805,1.054987212
13-12-2002,RELIANCE,288,298.7,288,296.95,293.85,3790765,1123200144,1.054960014
24-12-2003,RELIANCE,520.15,531,520.15,527.9,522.4,4344835,2283067666,1.052833078
06-09-2022,RELIANCE,2573,2606,2572,2596.85,2569.8,5030172,13041646174,1.052611098
14-06-1996,RELIANCE,244,246,243.2,245.5,242.95,4379700,1071525513,1.049598683
30-09-2016,RELIANCE,1068,1094.55,1066.3,1083.7,1072.45,2560105,2772082002,1.048999953
21-05-2019,RELIANCE,1332.2,1367,1330.05,1339.8,1325.9,13872055,18699517120,1.048344521
14-10-2015,RELIANCE,895.8,905,893.95,902.95,893.6,1829257,1646229783,1.046329454
10-03-2005,RELIANCE,588,597,584.5,594,587.85,5397416,3202935137,1.046185251
23-03-2012,RELIANCE,743.8,749.5,738.1,744.05,736.35,6161836,4585544698,1.045698377
17-05-2002,RELIANCE,279,287.45,275.6,280.8,277.9,2884504,811873597.1,1.043540842
22-04-2013,RELIANCE,786,794.7,778.3,789.75,781.6,2923783,2304118427,1.042732856
30-03-2016,RELIANCE,1042.7,1051.75,1042.7,1047.05,1036.25,3303780,3460764578,1.042219542
01-08-1997,RELIANCE,360.95,364.7,359.5,363.75,360,10808350,3913244735,1.041666667
04-09-2018,RELIANCE,1235.15,1254.8,1229,1241.95,1229.15,8838770,10972780661,1.041370052
11-08-2016,RELIANCE,1001.95,1022.85,999.6,1014.1,1003.65,3238899,3282503483,1.041199621
24-06-1997,RELIANCE,365,372,363.2,368.85,365.05,10939200,4017209955,1.040953294
31-05-1995,RELIANCE,274,275.75,268.5,271.85,269.05,1454400,394122307.5,1.040698755
22-05-2007,RELIANCE,1769,1785,1738.15,1779.25,1760.95,3931802,6933638271,1.039211789
07-12-2010,RELIANCE,1020,1039.7,1020,1030.75,1020.15,5119800,5285454494,1.039062883
18-11-1998,RELIANCE,120.5,122.25,120.5,121.6,120.35,6548600,794665057.5,1.038637308
17-02-2011,RELIANCE,947.85,955.45,936.25,953.95,944.15,3221065,3053341946,1.037970661
17-01-1997,RELIANCE,233,247,233,243.65,241.15,13016800,3137987880,1.03669915
25-06-2010,RELIANCE,1050,1068,1043,1062.95,1052.05,4646050,4899086464,1.03607243
16-07-2004,RELIANCE,422,427.3,418.3,424.45,420.1,8211826,3483493773,1.035467746
30-08-2005,RELIANCE,703,709.8,699.05,707.6,700.35,4498578,3172432084,1.035196687
16-12-1997,RELIANCE,155,157.65,152.3,156.25,154.65,10053750,1556159190,1.034594245
08-07-2005,RELIANCE,628,628,615,620.3,613.95,5541157,3437650368,1.03428618
10-04-2015,RELIANCE,894.95,908.8,889.1,904.35,895.1,5788462,5206141229,1.033404089
26-08-1999,RELIANCE,183,183,179.05,181,179.15,3404889,616501930.4,1.0326542
20-06-2024,RELIANCE,2918,2965.7,2900.2,2947.4,2917.3,8056888,23732484115,1.031775957
23-11-2012,RELIANCE,766,775.8,766,773.75,765.85,1707395,1317957592,1.03153359
14-02-2003,RELIANCE,281.7,284.9,280.2,284.1,281.2,3708450,1048082601,1.031294452
28-08-2006,RELIANCE,1113,1123.9,1107.15,1122.1,1110.65,2073874,2312537658,1.030927835
21-12-1994,RELIANCE,337,344,337,343,339.5,34100,11656512.5,1.030927835
19-01-2009,RELIANCE,1224.6,1249.95,1208,1229.9,1217.35,4245780,5235810441,1.030927835
19-03-2007,RELIANCE,1301.1,1318,1297.1,1313.55,1300.15,1180894,1544708859,1.03065031
22-05-2003,RELIANCE,270.6,275.2,269.5,274.6,271.8,3004600,819959745.3,1.030169242
06-08-1996,RELIANCE,203,209.5,201.15,205.95,203.85,11806600,2409988788,1.030169242
06-09-2006,RELIANCE,1126,1146,1124,1137.5,1125.95,3579830,4073157316,1.025800435
01-06-2004,RELIANCE,435,443,432.15,434.2,429.8,6215267,2725093768,1.023731968
20-08-1997,RELIANCE,362.5,366.45,360.35,365.8,362.1,5661200,2056676910,1.021817178
26-12-2017,RELIANCE,924.85,938.9,918.15,929.8,920.4,5301456,4904644711,1.021295089
18-04-2013,RELIANCE,776.5,785.2,772.65,781.6,773.7,3152921,2458375679,1.021067597
04-10-2000,RELIANCE,346,348.5,343.9,346.65,343.15,1814978,628825186.9,1.019962116
20-09-2017,RELIANCE,856.1,872.5,845.1,847.15,838.6,11402965,9759876154,1.019556404
26-06-2012,RELIANCE,717.5,725.5,714.45,723.5,716.2,3676587,2647586970,1.019268361
18-02-2004,RELIANCE,601.85,610.5,600.15,604.85,598.75,11285784,6851842509,1.018789144
18-12-2023,RELIANCE,2495.6,2534.9,2490.95,2521,2495.6,7082594,17861536573,1.017791313
13-10-2021,RELIANCE,2679,2719.5,2669.3,2694.95,2667.8,4596429,12370607841,1.017692481
30-08-2013,RELIANCE,843.8,860,828.3,853.85,845.25,4901683,4135884116,1.017450458
03-04-1995,RELIANCE,267,268.95,262,268.15,265.45,285800,76130637.5,1.017140704
22-03-2016,RELIANCE,1037,1052.25,1035.65,1047.85,1037.3,3504967,3661562667,1.01706353
12-07-2024,RELIANCE,3169,3210.3,3149,3193.45,3161.3,6462392,20589634191,1.016986683
02-07-2014,RELIANCE,1017,1027.35,1012,1018.25,1008,2810085,2864346166,1.016865079
21-02-2019,RELIANCE,1236,1257.8,1229.35,1246.9,1234.35,10580178,13188332137,1.016729453
28-01-2000,RELIANCE,335.9,341.9,331.6,338.35,334.95,11734252,3965817849,1.015076877
01-09-2005,RELIANCE,719,729.45,719,726.7,719.4,5338618,3877300622,1.014734501
07-09-2010,RELIANCE,955,969.7,953,962.3,952.65,6487124,6248017622,1.012963838
29-01-1998,RELIANCE,147.5,150.4,147.05,149.7,148.2,3329000,495316865,1.012145749
27-06-2000,RELIANCE,331.35,339.9,330.1,334.5,331.15,7636206,2565136447,1.011626151
08-10-2010,RELIANCE,1046.7,1054.8,1030.55,1049.65,1039.15,4769466,4979391802,1.010441226
08-10-2010,RELIANCE,1046.7,1054.8,1030.55,1049.65,1039.15,4769466,4979391802,1.010441226
19-02-1996,RELIANCE,232,235.2,228.75,230.1,227.8,18502450,4296148218,1.009657594
02-06-2020,RELIANCE,1526,1540,1520.8,1535.7,1520.35,10224102,15660044884,1.009635939
21-05-2012,RELIANCE,686.5,700.7,686,695.5,688.55,2334127,1624999476,1.009367511
25-10-2003,RELIANCE,479.45,480,474.05,475.4,470.65,1460756,695705635.8,1.009242537
19-08-2002,RELIANCE,244.1,246.7,244.1,245.25,242.8,2054911,504572436,1.009060956
19-06-2013,RELIANCE,822,833.25,814.9,831.7,823.4,3961700,3267221973,1.008015545
25-03-2003,RELIANCE,279,286.7,277.15,285.7,282.85,3507508,993411576.4,1.007601202
18-08-2014,RELIANCE,1001.1,1015.45,997.5,1013.05,1002.95,1747178,1765613377,1.007029264
12-05-2008,RELIANCE,2511.05,2564.1,2477.1,2553.85,2528.4,2761164,6940894364,1.006565417
31-12-2015,RELIANCE,1003.4,1019.7,999.1,1014.6,1004.5,4225066,4274933700,1.005475361
28-03-2022,RELIANCE,2610,2629.75,2586.5,2621.95,2595.85,4564891,11922093056,1.005451008
07-02-2024,RELIANCE,2871.85,2899,2858.5,2884.3,2855.6,4648284,13368650631,1.005042723
28-07-2023,RELIANCE,2512.05,2542.85,2500.55,2527.85,2502.7,10413926,26230615302,1.004914692
21-12-2006,RELIANCE,1252,1267.6,1243.1,1261.45,1248.9,2314366,2910368369,1.004884298
22-11-2016,RELIANCE,997.7,1007.8,993.3,1001.45,991.5,4033660,4036245792,1.003530005
15-01-1998,RELIANCE,153.8,157.1,153,156.4,154.85,4951000,766499480,1.000968679
05-12-2024,RELIANCE,1314.35,1329.95,1306.15,1322.05,1308.95,16858723,22249886630,1.00080217
21-07-1995,RELIANCE,273,278.25,273,277.6,274.85,1568050,432476585,1.000545752
05-02-2008,RELIANCE,2600,2634,2566.3,2617.1,2591.2,1731683,4516921649,0.999536894
28-05-2019,RELIANCE,1319.8,1334.8,1313.35,1323.75,1310.65,19472659,25779560282,0.999504063
22-08-2002,RELIANCE,247,249.4,246,247.65,245.2,1792486,444333771,0.999184339
26-04-1995,RELIANCE,274,274.5,271,273,270.3,250600,68342640,0.998890122
01-06-2018,RELIANCE,920,935.75,918.45,930.55,921.35,8765835,8125389216,0.998534759
11-09-2019,RELIANCE,1222.5,1240,1222.5,1234.4,1222.2,5544468,6840842137,0.998199967
18-02-2002,RELIANCE,318,321.8,316.3,318.75,315.6,3554275,1133842903,0.998098859
18-11-2016,RELIANCE,985,992.7,982,987.5,977.75,4151928,4101257453,0.99718742
28-07-2020,RELIANCE,2156.2,2194,2150.65,2177.7,2156.2,25435618,55339580394,0.997124571
20-10-1997,RELIANCE,405.05,411.25,400,410.3,406.25,9373850,3814670093,0.996923077
21-08-2018,RELIANCE,1237.25,1251.5,1227,1247.2,1234.9,7279641,9057941732,0.996032067
10-02-2005,RELIANCE,537.9,544.7,531.85,542.5,537.15,3549816,1910129743,0.995997394
10-02-2005,RELIANCE,537.9,544.7,531.85,542.5,537.15,3549816,1910129743,0.995997394
24-08-2016,RELIANCE,1011.7,1021.95,1011,1020.5,1010.45,1993153,2027291124,0.994606364
07-04-2015,RELIANCE,826.05,836.1,826.05,832.85,824.65,4863211,4043217394,0.994361244
07-01-1998,RELIANCE,172.8,173.25,169.2,172.75,171.05,7187800,1231647810,0.993861444
05-07-2021,RELIANCE,2136.45,2153.55,2131.5,2150.2,2129.05,5400604,11587348897,0.993400813
27-09-2005,RELIANCE,789.9,796,780.05,788,780.25,7123069,5617634492,0.993271387
09-05-2018,RELIANCE,965.9,984.3,962.25,976.7,967.1,4494423,4375739607,0.992658463
02-11-2023,RELIANCE,2313.95,2324.3,2307.95,2320.2,2297.4,5281052,12233275557,0.992426221
18-12-2000,RELIANCE,335,342.9,330.05,341.3,337.95,3808996,1295660798,0.991270898
06-08-2008,RELIANCE,2290,2349,2286.1,2298.6,2276.05,4163954,9665878707,0.990751521
16-09-2016,RELIANCE,1067,1093.85,1059.1,1075.55,1065,8988926,9710711353,0.990610329
05-01-2016,RELIANCE,1000.3,1010,997,1005.15,995.3,3416459,3428125271,0.989651361
15-04-1997,RELIANCE,267.75,269.4,263.6,265.55,262.95,6776600,1802124240,0.988781137
20-07-2000,RELIANCE,352.9,360.8,347,357.6,354.1,8901351,3163668235,0.98842135
19-08-2004,RELIANCE,472,476.8,471.1,475.2,470.55,4683227,2220908398,0.988205292
26-02-2008,RELIANCE,2564.9,2586,2532.1,2576.65,2551.45,1461973,3741931886,0.987673676
24-08-2021,RELIANCE,2165.05,2192,2155.6,2183.7,2162.35,5475452,11905165197,0.987351724
04-10-2010,RELIANCE,1014.95,1025.8,1014.95,1017.85,1007.9,4837519,4930030309,0.987201111
21-03-2012,RELIANCE,760,773.5,755.1,768.05,760.55,3248548,2482983606,0.98612846
21-03-2012,RELIANCE,760,773.5,755.1,768.05,760.55,3248548,2482983606,0.98612846
22-11-2004,RELIANCE,518.8,538.8,509,532.55,527.35,13544498,7071947778,0.986062387
28-12-2015,RELIANCE,1000.6,1013.75,1000,1010.4,1000.55,2945508,2972724427,0.984458548
30-10-2003,RELIANCE,470.55,480,468.6,477.05,472.4,4701112,2226476280,0.984335309
07-02-2011,RELIANCE,925.7,938.8,914.4,929.05,920,3334195,3090670174,0.983695652
21-03-2016,RELIANCE,1027.95,1041.5,1022.75,1037.3,1027.2,2904852,2993700834,0.983255452
21-03-2016,RELIANCE,1027.95,1041.5,1022.75,1037.3,1027.2,2904852,2993700834,0.983255452
20-11-2017,RELIANCE,906.2,924.35,905,920.85,911.9,4220192,3868228235,0.981467266
25-08-2004,RELIANCE,454,458.9,450.45,458,453.55,6272902,2854727697,0.981148716
19-02-2007,RELIANCE,1410,1430,1410,1420.75,1406.95,1562912,2221964985,0.98084509
29-09-2005,RELIANCE,800,813.4,800,808.3,800.45,7138866,5764434396,0.980698357
04-06-2002,RELIANCE,270.5,274.9,268.1,273,270.35,2121095,579125147.7,0.980210838
01-09-2017,RELIANCE,1599.85,1616.6,1599,1610.1,1594.5,3527477,5675773297,0.978363123
17-02-2004,RELIANCE,592.1,605,590,598.75,592.95,9221574,5526060772,0.978160047
10-12-2001,RELIANCE,311,319.95,311,315.05,312,1468582,463414474.8,0.977564103
19-05-1998,RELIANCE,179.1,181.5,178.5,180.9,179.15,4430550,796139872.5,0.976835054
06-03-2023,RELIANCE,2400,2424.6,2400,2408.7,2385.4,4694338,11324034037,0.976775384
25-04-2007,RELIANCE,1582,1600,1563,1598.4,1582.95,2062547,3269104107,0.976025775
02-05-2018,RELIANCE,967,979.2,965.05,972.7,963.3,6117761,5954655105,0.975812312
19-12-2012,RELIANCE,835.2,843.05,834.05,839.5,831.4,1993015,1672135226,0.974260284
22-08-1995,RELIANCE,266,272,266,269.65,267.05,1074950,287877985,0.973600449
23-11-2000,RELIANCE,307,312.5,305.25,311.15,308.15,2550499,790558524.9,0.973551842
16-06-2023,RELIANCE,2560.2,2582.4,2560.2,2577.4,2552.55,11155180,28722202806,0.973536268
10-08-2011,RELIANCE,785.35,790,765,772.75,765.3,4056543,3150963149,0.973474454
24-03-2009,RELIANCE,1450.05,1475,1440,1452.45,1438.45,6896741,10047007295,0.973269839
25-11-2019,RELIANCE,1551.15,1564.8,1551,1561.55,1546.5,6924313,10795666734,0.973165212
13-12-2005,RELIANCE,865.9,874.5,859.3,871.6,863.2,4009892,3483329993,0.973123262
14-03-2006,RELIANCE,734,746.5,729.15,742.5,735.35,3737688,2762247830,0.972326103
10-05-2001,RELIANCE,351.9,356.7,350.6,355.15,351.75,2180184,772284423.5,0.966595593
30-03-2007,RELIANCE,1360,1374.9,1353.2,1370.3,1357.2,2645527,3612114210,0.965222517
24-09-1997,RELIANCE,343,345.9,339.55,340.2,336.95,3910550,1337616368,0.964534797
31-01-2025,RELIANCE,1255.85,1267,1249,1265.1,1253.05,6584612,8305291978,0.961653565
02-01-2006,RELIANCE,893,902,890.15,897.85,889.3,3661821,3283044999,0.961430338
05-01-2017,RELIANCE,1071,1079.9,1068.75,1077.4,1067.15,1996483,2150451749,0.960502272
11-05-2020,RELIANCE,1580,1615,1572.3,1576.8,1561.8,30670404,48854566348,0.960430273
04-04-2006,RELIANCE,831,843,830.05,836.75,828.8,3929854,3284624496,0.959218147
13-01-1998,RELIANCE,156.25,160.9,156.25,157.9,156.4,6080400,966450745,0.959079284
24-04-2003,RELIANCE,273,277,271.7,273.8,271.2,6500987,1784787992,0.958702065
30-01-2023,RELIANCE,2331.7,2371.9,2301,2359.75,2337.35,10047822,23521008145,0.958350268
05-12-2012,RELIANCE,828.25,837.1,820.6,832.6,824.7,3089629,2568257527,0.957924094
06-12-2023,RELIANCE,2447.1,2472.95,2435,2461.1,2437.75,8211221,20196820470,0.957850477
29-07-2002,RELIANCE,244.55,250.55,238.8,247.75,245.4,4331956,1057609391,0.957620212
22-02-2024,RELIANCE,2936.3,2969.9,2916,2963.5,2935.4,9246864,27228762576,0.957280098
27-02-2003,RELIANCE,291.3,297,290.3,295.4,292.6,4252731,1254632026,0.956937799
02-09-2014,RELIANCE,1018.5,1031.55,1010.6,1023.8,1014.1,3784599,3862705720,0.956513164
10-05-2024,RELIANCE,2793.5,2820,2776.15,2814.85,2788.25,5252548,14711341391,0.954003407
23-05-2001,RELIANCE,377.05,383.25,376.85,381.05,377.45,1885691,718016487.8,0.953768711
30-03-2011,RELIANCE,1027.5,1037.5,1024.1,1032.5,1022.75,2801842,2891145176,0.953312149
21-09-2006,RELIANCE,1133.15,1143.7,1130.25,1138.9,1128.15,3702426,4211932298,0.952887471
09-03-2006,RELIANCE,724,728.7,711.5,726.75,719.9,4618646,3337459403,0.951521045
29-06-2016,RELIANCE,962,968.95,960,966.9,957.8,1719857,1659360681,0.950093965
16-03-2011,RELIANCE,1045,1055,1038.1,1047.1,1037.25,4709984,4922138031,0.949626416
02-08-2006,RELIANCE,979,994.45,979,990.9,981.6,2060549,2031860254,0.947432763
24-12-2009,RELIANCE,1075,1083.8,1058.35,1076.3,1066.2,3691064,3953860155,0.947289439
27-02-2013,RELIANCE,830,840.95,827.15,831.3,823.5,4048013,3375995341,0.947176685
12-08-2008,RELIANCE,2340,2374.5,2315.1,2347.25,2325.25,3758158,8815727329,0.946134824
05-03-2019,RELIANCE,1223.4,1239.8,1218.6,1237.65,1226.05,7121509,8752505366,0.946127809
22-02-2005,RELIANCE,534,541.35,532.05,539.55,534.5,4257283,2288510358,0.944808232
27-09-2019,RELIANCE,1292.5,1315,1284,1309.05,1296.8,8712980,11391851166,0.944632943
17-09-2014,RELIANCE,984.9,990.55,978.95,988.65,979.4,2488647,2453594536,0.944455789
22-03-2011,RELIANCE,993.05,1004.9,992.15,999.65,990.3,2238646,2238907754,0.944158336
22-03-2011,RELIANCE,993.05,1004.9,992.15,999.65,990.3,2238646,2238907754,0.944158336
01-04-1996,RELIANCE,207.75,209.5,206,208.8,206.85,8836850,1840479448,0.94271211
12-07-2007,RELIANCE,1706.6,1725.1,1706.6,1719.35,1703.3,1417920,2437764724,0.942288499
25-11-2013,RELIANCE,847.35,856.85,844.05,851.7,843.75,2303754,1960650479,0.942222222
13-03-2014,RELIANCE,875,894.75,874.7,879.55,871.35,3936620,3492940479,0.941068457
25-09-2020,RELIANCE,2189,2212.8,2167.3,2201.7,2181.2,13095950,28695471561,0.939849624
30-12-2013,RELIANCE,881,889.85,875.85,887.1,878.85,2357956,2084620473,0.938726745
12-02-2015,RELIANCE,908,913.95,887.25,909.15,900.7,1990874,1790499427,0.93815921
13-12-2019,RELIANCE,1580,1590,1572.4,1582.9,1568.2,5791522,9154160089,0.937380436
01-04-2021,RELIANCE,2018,2030,2003.15,2021.85,2003.1,5410307,10917411939,0.936049124
17-10-2005,RELIANCE,777.4,779.8,759.05,771,763.85,6224636,4784430698,0.936047653
16-10-2015,RELIANCE,904.5,914.8,903.7,912.15,903.7,3485193,3175764998,0.935044816
23-11-2021,RELIANCE,2333.05,2401.25,2309,2385.85,2363.75,11688406,27613501136,0.93495505
28-09-2021,RELIANCE,2534,2564.9,2512.8,2548.05,2524.45,8323269,21141019462,0.934857098
07-04-2021,RELIANCE,2000,2046.9,1993.3,2002.85,1984.3,11198918,22613014349,0.934838482
24-05-1996,RELIANCE,243.1,243.8,241.8,243.05,240.8,8453750,2052788920,0.934385382
28-01-2010,RELIANCE,1040,1046.45,1025,1037.15,1027.55,7594324,7877958215,0.934261107
30-06-2015,RELIANCE,989.9,1002.85,988,1000.1,990.85,5299670,5269979736,0.933541908
22-10-1997,RELIANCE,414,418.8,410.75,412.35,408.55,11694600,4844590395,0.930118713
07-07-2025,RELIANCE,1526.6,1544.8,1525,1541.5,1527.3,7251074,11159858746,0.929745302
09-11-2015,RELIANCE,933.5,965,923.45,961.25,952.4,3893160,3695240929,0.929231415
06-09-2007,RELIANCE,1944,1988,1943,1982.85,1964.6,1531284,3021844315,0.928942278
31-10-2022,RELIANCE,2541,2560.95,2532.2,2549.6,2526.15,5731802,14606311320,0.928290086
10-02-2021,RELIANCE,1953.75,1984.75,1927.3,1974.3,1956.15,9799560,19164292386,0.927842957
10-02-2021,RELIANCE,1953.75,1984.75,1927.3,1974.3,1956.15,9799560,19164292386,0.927842957
01-01-1998,RELIANCE,166.85,171.25,165.95,169.25,167.7,6137700,1038998030,0.924269529
21-12-2009,RELIANCE,1001,1030.8,990,1016.95,1007.65,5621862,5705877278,0.922939513
28-11-1994,RELIANCE,377.5,385,374,383,379.5,6000,2288825,0.92226614
16-01-2020,RELIANCE,1529,1543.35,1528,1537.9,1523.85,5873662,9018508367,0.922006759
20-09-2006,RELIANCE,1114,1131.8,1105.05,1128.15,1117.85,3127726,3507327759,0.921411638
10-02-2014,RELIANCE,815.25,825.6,811.15,821.95,814.45,2364740,1943602538,0.920866843
10-02-2014,RELIANCE,815.25,825.6,811.15,821.95,814.45,2364740,1943602538,0.920866843
26-12-2012,RELIANCE,822,835.9,822,828.25,820.7,1331218,1103969939,0.919946387
26-12-2012,RELIANCE,822,835.9,822,828.25,820.7,1331218,1103969939,0.919946387
01-03-2023,RELIANCE,2344,2345.5,2323.25,2343.9,2322.55,5330852,12456284409,0.91924824
19-02-2024,RELIANCE,2924.1,2959,2907.05,2948,2921.15,3364914,9874395305,0.919158551
25-01-2012,RELIANCE,788.7,795,782.8,790.95,783.75,3837205,3030103164,0.918660287
13-02-2015,RELIANCE,914,920.8,909.05,917.5,909.15,1690071,1548392963,0.918440301
19-12-2005,RELIANCE,854,861.5,854,857.15,849.35,2442801,2096223087,0.918349326
12-03-2015,RELIANCE,858,867.4,855.6,863.8,855.95,2693254,2316448275,0.917109644
29-12-2014,RELIANCE,888.5,899.05,886.95,897,888.85,1584461,1418244675,0.916915115
19-05-1995,RELIANCE,275,280,250.5,275.3,272.8,1564850,428387642.5,0.916422287
08-10-2002,RELIANCE,240.65,243.8,239.8,242.35,240.15,1331793,322454497.8,0.916094108
08-10-2002,RELIANCE,240.65,243.8,239.8,242.35,240.15,1331793,322454497.8,0.916094108
10-08-2004,RELIANCE,493.05,499.45,490,496.7,492.2,4661414,2310829719,0.914262495
14-09-2006,RELIANCE,1120,1136.9,1115.8,1126.35,1116.15,3167438,3573229623,0.913855665
31-12-2013,RELIANCE,888,898.25,887.1,895.2,887.1,1304298,1166107635,0.913087589
14-02-2020,RELIANCE,1477.25,1501.45,1453.1,1487.6,1474.15,9704655,14395961760,0.912390191
06-01-2011,RELIANCE,1078,1091.4,1074.55,1085.6,1075.8,4974697,5386356480,0.910949991
14-01-2013,RELIANCE,841,853,839,847.55,839.9,1614000,1362473064,0.910822717
07-01-2008,RELIANCE,2974.8,3030,2960,3020.25,2993,3132985,9408041759,0.910457735
18-03-1999,RELIANCE,132,133.25,130.7,133.2,132,4283400,565814605,0.909090909
06-01-2023,RELIANCE,2526.65,2547.95,2518.3,2536.9,2514.05,2930338,7428125091,0.908892027
16-05-2017,RELIANCE,1346.05,1376.9,1341,1356.3,1344.1,2892947,3936121464,0.90767056
30-04-1996,RELIANCE,242,250,240.5,244.65,242.45,15329500,3723184948,0.907403588
30-04-1996,RELIANCE,242,250,240.5,244.65,242.45,15329500,3723184948,0.907403588
16-07-1997,RELIANCE,353,355.9,349.1,350.8,347.65,10539000,3718923283,0.906083705
09-07-2013,RELIANCE,869.1,881.8,867.05,874.8,866.95,2953811,2583778313,0.905473211
21-12-2004,RELIANCE,483.5,491.7,481.4,485,480.65,11010746,5353127649,0.905024446
03-04-1997,RELIANCE,265.95,269.75,263.2,267.9,265.5,10406300,2780550615,0.903954802
09-03-2011,RELIANCE,988.7,1004.4,968.1,993.85,984.95,7422840,7362458029,0.903599167
07-12-2018,RELIANCE,1129.45,1136.95,1108.35,1133.8,1123.65,7214078,8111464827,0.90330619
11-02-2005,RELIANCE,544.05,552,543.1,547.4,542.5,5562621,3046147501,0.903225806
23-07-2007,RELIANCE,1880,1915,1875,1909.2,1892.15,2359687,4488808729,0.901091351
13-12-2000,RELIANCE,346,349.55,344.4,347.4,344.3,4074879,1415376534,0.900377578
28-04-2005,RELIANCE,539.8,550,533.35,543.85,539,7511621,4055167178,0.899814471
27-04-2020,RELIANCE,1434,1475,1423,1429.75,1417,26736512,38722699505,0.899788285
08-08-2012,RELIANCE,785.05,799,782.55,790.8,783.75,4199284,3328081651,0.899521531
26-02-1997,RELIANCE,259.9,265.5,258.4,263.85,261.5,9192800,2407985255,0.898661568
05-06-2023,RELIANCE,2467.2,2483.75,2458.45,2477.25,2455.2,5034355,12435536493,0.898093842
12-09-2012,RELIANCE,793.5,799.7,789.45,798.1,791,1776753,1411927632,0.897597977
27-01-2005,RELIANCE,505.1,513,503.7,506.1,501.6,6907925,3511993770,0.897129187
31-10-1995,RELIANCE,238.5,245,237.3,242.15,240,4527350,1090169928,0.895833333
22-04-2002,RELIANCE,285,289.45,280.25,287.25,284.7,1757052,501324891.1,0.895679663
21-02-2018,RELIANCE,930,932.5,922.15,929.35,921.1,5448230,5051677024,0.895668223
19-10-2021,RELIANCE,2723.8,2751.35,2708,2731.85,2707.6,4076617,11144119425,0.895627124
26-05-2006,RELIANCE,960,991.8,952.55,958.5,950,6631388,6431938389,0.894736842
05-02-2007,RELIANCE,1380,1391,1372,1387.35,1375.05,962858,1331870703,0.894512927
07-03-1996,RELIANCE,221.4,225.25,219.25,220.3,218.35,30505050,6783425470,0.893061598
04-08-2014,RELIANCE,981,989.7,976.05,985,976.3,3353808,3297812426,0.891119533
20-01-2012,RELIANCE,790,800,772.05,792.65,785.65,7251864,5695066281,0.890981989
17-11-2017,RELIANCE,918.95,924.9,908.5,911.9,903.85,5586242,5118671948,0.890634508
17-11-2017,RELIANCE,918.95,924.9,908.5,911.9,903.85,5586242,5118671948,0.890634508
08-11-1996,RELIANCE,186.5,188.1,180.5,187.15,185.5,5585500,1037333560,0.889487871
30-08-2006,RELIANCE,1115,1135,1107.1,1128.8,1118.85,3288304,3698578147,0.889305984
23-09-2020,RELIANCE,2260,2276.75,2205.3,2230.8,2211.15,19839809,44492265342,0.888677837
22-02-2006,RELIANCE,699.25,705.5,698,703.95,697.75,2935983,2063701323,0.888570405
26-04-1996,RELIANCE,242,247.45,236,244.45,242.3,22583350,5454407460,0.887329757
25-10-1995,RELIANCE,248.25,253.9,248,250.45,248.25,1051300,264171240,0.886203424
28-09-2012,RELIANCE,837,847.9,834.35,837.2,829.85,3227049,2714008364,0.885702235
06-02-2003,RELIANCE,283,285.85,282.1,285.05,282.55,2965780,843150213.5,0.884799151
04-03-1997,RELIANCE,306.5,309.95,302.45,307.9,305.2,10456000,3201471053,0.884665793
10-02-2009,RELIANCE,1388.9,1414.1,1372.35,1401.95,1389.7,6796751,9490666926,0.881485213
10-02-2009,RELIANCE,1388.9,1414.1,1372.35,1401.95,1389.7,6796751,9490666926,0.881485213
22-12-2006,RELIANCE,1261.55,1275,1256.25,1272.55,1261.45,1402800,1781635507,0.879939752
27-09-2002,RELIANCE,255.75,259.5,253.8,257.95,255.7,1865491,478677002,0.879937427
04-10-2013,RELIANCE,840.55,859.7,838,854.4,846.95,2265225,1927708413,0.879626897
02-05-2019,RELIANCE,1392,1413.9,1382.1,1405.05,1392.8,8682505,12175759294,0.879523262
25-06-2024,RELIANCE,2886,2911.85,2882,2908.3,2882.95,3522693,10205907632,0.879307654
30-09-1997,RELIANCE,357.85,362.95,356.75,361.45,358.3,7098800,2553204165,0.879151549
13-02-2024,RELIANCE,2911,2958,2908,2930.2,2904.7,3857797,11321554003,0.877887562
20-02-2004,RELIANCE,581.1,595,580.5,587.45,582.35,10037773,5887410746,0.875761999
10-01-2014,RELIANCE,848.35,876.3,848,858.15,850.7,3392170,2929214449,0.875749383
22-12-2011,RELIANCE,741.35,760.3,733,754.55,748,4473719,3330314213,0.875668449
29-03-2017,RELIANCE,1251.7,1260,1233.35,1256.65,1245.75,4325787,5392124743,0.874974915
25-08-1998,RELIANCE,115,117.5,114.3,115.4,114.4,7938650,919909467.5,0.874125874
08-10-2009,RELIANCE,2200,2235.5,2100,2119.65,2101.3,7026835,15090107041,0.873268929
08-10-2009,RELIANCE,2200,2235.5,2100,2119.65,2101.3,7026835,15090107041,0.873268929
26-12-2022,RELIANCE,2514.75,2542,2492.4,2524.05,2502.2,2764496,6977059265,0.873231556
23-04-2018,RELIANCE,930,944.35,928.5,936,927.9,3508515,3284954149,0.872938894
29-01-2010,RELIANCE,1032.9,1051.8,1018.1,1046.2,1037.15,5333541,5521463818,0.872583522
09-12-2016,RELIANCE,1022,1031.85,1020.3,1028.95,1020.05,1883333,1936017722,0.87250625
06-11-2003,RELIANCE,492,501.5,489.1,492.85,488.6,9589862,4759129680,0.869832174
11-07-2001,RELIANCE,332,340.75,329.1,336.6,333.7,1143594,381164977,0.869044052
13-11-2009,RELIANCE,2090,2129,2084.1,2119.5,2101.25,2557890,5402070314,0.868530637
02-11-1998,RELIANCE,110.1,111.6,108.1,110.5,109.55,7327850,805573932.5,0.867183934
09-12-2004,RELIANCE,508.1,515,500,512.2,507.8,6742416,3432676602,0.866482867
20-12-2022,RELIANCE,2583.9,2626,2566,2621.8,2599.3,3446291,8942420887,0.865617666
25-08-2021,RELIANCE,2185.4,2220,2180.1,2202.6,2183.7,6175126,13611364534,0.865503503
02-08-2013,RELIANCE,860,871.95,850,857.35,850,2930875,2526360533,0.864705882
21-05-2021,RELIANCE,1992,2009.6,1986,2002.55,1985.4,4977555,9954441992,0.863805782
31-05-2010,RELIANCE,1030.15,1048.5,1028.75,1045.6,1036.65,3782780,3937156393,0.863357932
02-11-2001,RELIANCE,260.5,269,260.05,262.95,260.7,3162238,840133715.3,0.86306099
02-01-2013,RELIANCE,844,856,842.55,847.95,840.7,3072592,2610048530,0.862376591
24-11-2022,RELIANCE,2566,2594,2548.2,2579.1,2557.05,4333225,11110842574,0.862321816
09-08-2000,RELIANCE,333,338,331.15,333.7,330.85,2395016,802626032.9,0.861417561
11-11-2014,RELIANCE,972.4,987.8,966.25,977.7,969.35,2308713,2257019120,0.86140197
29-04-2024,RELIANCE,2900,2935.8,2900,2930.05,2905.1,3623987,10605875231,0.858834464
19-07-2017,RELIANCE,1512.6,1538,1512.6,1532.95,1519.9,2695041,4116718439,0.858609119
14-11-2013,RELIANCE,851.25,864,850.4,851.65,844.4,1835838,1573036741,0.858597821
08-06-2000,RELIANCE,339.9,345,338.25,340.85,337.95,4600458,1573472110,0.858115106
13-08-2013,RELIANCE,843,859.95,835,852.9,845.65,2637165,2246657911,0.857328682
23-07-1996,RELIANCE,248,251.2,236.35,241.25,239.2,17423200,4305678300,0.857023411
15-06-2016,RELIANCE,980,986.5,973.75,984.6,976.25,2543921,2493348429,0.8553137
01-07-2002,RELIANCE,270.05,274,268.55,271.7,269.4,870456,235459946,0.853749072
30-09-2008,RELIANCE,1889.9,1985,1805.4,1949.35,1932.85,6794615,13110810164,0.853661691
29-01-2007,RELIANCE,1370,1393.9,1365.25,1382.3,1370.6,1691270,2338477384,0.853640741
27-09-2010,RELIANCE,1008,1019.9,1005.1,1010.2,1001.65,3763708,3811512509,0.853591574
30-11-1998,RELIANCE,110.2,112.25,109.55,112.25,111.3,5656600,625883817.5,0.853548967
17-03-2006,RELIANCE,770,781.95,763.1,775.05,768.5,6390433,4943590325,0.852309694
18-07-2022,RELIANCE,2421,2425,2392.3,2422.25,2401.8,6996757,16849806028,0.85144475
22-04-2014,RELIANCE,960,988.75,956.1,967.75,959.6,4418930,4301996176,0.849312213
18-07-2023,RELIANCE,2817,2837.45,2793,2820.45,2796.7,11937761,33601845465,0.849215146
02-05-2023,RELIANCE,2436.2,2445.8,2428.1,2441.05,2420.5,5991101,14611250968,0.848998141
23-08-2002,RELIANCE,249.9,250.45,246.6,249.75,247.65,1411719,351146718.6,0.847970927
22-04-2005,RELIANCE,547,549.8,536.2,547.5,542.9,5567905,3027492323,0.847301529
31-07-2023,RELIANCE,2527.85,2553.9,2517.95,2549.25,2527.85,4275587,10862927967,0.846569219
30-08-2016,RELIANCE,1062,1068.5,1053,1066.4,1057.45,4153522,4414855721,0.846375715
02-01-2007,RELIANCE,1275,1285.8,1270.3,1280.9,1270.15,1149902,1471373171,0.84635673
09-08-2019,RELIANCE,1161.85,1175.5,1152.3,1162.1,1152.35,10043949,11714585303,0.846097106
13-11-2001,RELIANCE,266,269.5,263.3,268.45,266.2,2293943,612406207.5,0.845229151
26-12-2018,RELIANCE,1085.8,1100,1065.65,1098.35,1089.15,7210059,7797694484,0.844695405
22-07-2016,RELIANCE,1006,1017.8,1005.1,1014.85,1006.35,1577114,1598204862,0.844636558
26-07-1995,RELIANCE,298,303,292,292.9,290.45,3182450,944138445,0.843518678
06-11-2009,RELIANCE,1930,1974.9,1930,1957.5,1941.15,3498033,6850185234,0.842284213
26-08-2024,RELIANCE,3013.95,3046,3006,3025.2,2999.95,4408057,13351114538,0.841680695
18-12-2019,RELIANCE,1563,1580,1562,1575.85,1562.7,6739582,10578662434,0.841492289
20-05-2011,RELIANCE,918.45,925.8,910.3,923.2,915.5,3171245,2918090800,0.841070453
13-09-2006,RELIANCE,1111.8,1125.3,1111,1116.15,1106.85,4004791,4479619672,0.840222252
13-03-2007,RELIANCE,1315.7,1331.7,1305.25,1326.75,1315.7,1581553,2091802367,0.83985711
03-08-2022,RELIANCE,2600,2610,2567.45,2606.35,2584.65,6576824,17040829416,0.839572089
14-06-2024,RELIANCE,2940,2959.35,2914.45,2955.1,2930.5,4078999,12009735004,0.839447193
03-04-1996,RELIANCE,214.05,216.4,210.6,211.1,209.35,10604950,2262072285,0.835920707
18-12-2003,RELIANCE,499.8,511.3,499.8,506.95,502.75,6839994,3467136166,0.835405271
13-09-2022,RELIANCE,2618,2629.7,2601,2619.75,2598.05,4102114,10735722214,0.835241816
23-07-2025,RELIANCE,1426,1426,1414.4,1424.6,1412.8,8354596,11875315135,0.835220838
21-08-2025,RELIANCE,1425,1431.9,1420.3,1424.8,1413,11021323,15733474504,0.835102619
21-10-2013,RELIANCE,905.65,915.5,896.15,913.2,905.65,3461572,3140212957,0.833655386
23-04-2007,RELIANCE,1543,1560,1525.3,1554.3,1541.45,2501245,3867787730,0.833630672
06-11-2023,RELIANCE,2332.3,2340,2325.6,2339,2319.7,5323652,12426455972,0.832004138
06-07-2015,RELIANCE,996.1,1018.9,995.2,1015.55,1007.2,2797340,2816565380,0.829030977
01-02-2013,RELIANCE,891.35,899.8,883.6,894,886.65,1863597,1662884081,0.82896295
02-07-2003,RELIANCE,327.85,334,326,328.5,325.8,7578443,2510153392,0.828729282
13-11-2020,RELIANCE,1982,2036.65,1981.75,1996.4,1980,20946864,42048268832,0.828282828
02-01-2024,RELIANCE,2585,2615,2573,2611.7,2590.25,3724400,9671331568,0.828105395
01-01-2001,RELIANCE,340,343.65,339,341.75,338.95,3008237,1027689936,0.826080543
16-10-2002,RELIANCE,243.5,247.25,242.8,244.2,242.2,1966995,482537231.6,0.825763832
11-05-2018,RELIANCE,981.25,991.3,977.75,989.25,981.15,4011516,3958724055,0.825561841
08-01-2014,RELIANCE,844.4,857.35,844.4,849.05,842.1,2909048,2472792581,0.825317658
11-02-1997,RELIANCE,270.95,276.95,270,274.9,272.65,9061450,2483084750,0.825233816
26-03-2010,RELIANCE,1097,1111,1095.15,1100.45,1091.45,4131759,4562381873,0.82459114
14-07-2022,RELIANCE,2388,2433.95,2376.95,2397.15,2377.55,7831798,18781243734,0.824378036
10-06-2010,RELIANCE,1010,1017.45,1007.15,1015.35,1007.05,3191686,3234331323,0.824189464
10-06-2010,RELIANCE,1010,1017.45,1007.15,1015.35,1007.05,3191686,3234331323,0.824189464
01-12-2005,RELIANCE,833,843.3,830.25,839.55,832.7,6078658,5084967858,0.822625195
06-07-2011,RELIANCE,848.85,858.5,840.7,852.9,845.95,6143838,5222535137,0.821561558
30-10-2019,RELIANCE,1480,1484.55,1460.3,1479.1,1467.05,7470723,10996072296,0.821376231
14-03-2022,RELIANCE,2386.9,2424.4,2374,2418.85,2399.15,3849222,9243998854,0.821124148
30-06-2023,RELIANCE,2546.4,2556.65,2533.45,2550.25,2529.5,5146441,13091251360,0.820320221
07-03-2001,RELIANCE,412,424.7,398.6,412,408.65,7545003,3081347632,0.819772421
13-08-1998,RELIANCE,122,124.5,120.85,123,122,4108600,505614997.5,0.819672131
27-12-2022,RELIANCE,2530,2548.8,2515.25,2544.7,2524.05,2659749,6741452650,0.818129593
27-12-2022,RELIANCE,2530,2548.8,2515.25,2544.7,2524.05,2659749,6741452650,0.818129593
22-12-2017,RELIANCE,914.65,922.4,909.3,920.4,912.95,4872675,4472795835,0.816035927
01-02-2007,RELIANCE,1368,1384,1364.05,1377.6,1366.45,919579,1262128693,0.815983022
21-02-2023,RELIANCE,2424,2446.8,2412.35,2434.1,2414.4,6143298,14916458653,0.815937707
07-12-2021,RELIANCE,2376.15,2404,2360,2381.85,2362.6,5185007,12381107849,0.814780327
19-05-1997,RELIANCE,298,301.1,295.65,297.15,294.75,5753500,1716025645,0.814249364
12-11-2001,RELIANCE,264.9,269.4,263.3,266.2,264.05,1982073,529424375.8,0.814239727
06-01-1999,RELIANCE,125.25,125.65,123.7,124,123,7107150,885911482.5,0.81300813
19-06-2009,RELIANCE,2045,2062.45,1977.1,2041.5,2025.05,4851582,9834254346,0.812325622
12-02-2013,RELIANCE,868.6,880.35,865.2,875.45,868.4,2223818,1943460780,0.811837863
30-08-1995,RELIANCE,260,261.7,256.5,261.05,258.95,1066700,276340797.5,0.810967368
04-09-2006,RELIANCE,1125.05,1137.95,1125.05,1131.6,1122.5,2482734,2810658716,0.810690423
03-07-2009,RELIANCE,2000,2035.1,1980,2027.65,2011.35,4332698,8719619982,0.810400974
05-07-2022,RELIANCE,2423,2464.9,2417.1,2433.25,2413.7,8144239,19875158180,0.809959813
14-02-2007,RELIANCE,1365.15,1386.7,1342.25,1377.05,1366,1421621,1945698391,0.808931186
08-03-2011,RELIANCE,978,992.4,978,984.95,977.05,2756185,2716326528,0.808556369
07-01-2022,RELIANCE,2430.95,2458.05,2411.55,2436,2416.5,6051239,14745214278,0.806952204
27-08-2003,RELIANCE,390,397.05,390,393.8,390.65,5248770,2068686717,0.806348394
10-11-2004,RELIANCE,541.6,546.5,541.6,544.35,540,3641603,1982278758,0.805555556
26-03-2018,RELIANCE,893.95,904.3,892.5,901.1,893.9,6047262,5434879313,0.805459224
18-10-2004,RELIANCE,549,555.5,546,550.7,546.3,4194218,2315437537,0.805418268
14-10-2013,RELIANCE,865,875,863.2,870.3,863.35,2778882,2416189091,0.805003764
31-08-1995,RELIANCE,262,263.75,261.25,263.15,261.05,934950,245477325,0.804443593
25-11-2009,RELIANCE,2185.75,2225.9,2169.9,2194.7,2177.2,4152810,9163686178,0.803784678
04-10-2012,RELIANCE,850.55,858.9,849.1,852.9,846.1,2886232,2464462888,0.803687507
02-12-1998,RELIANCE,113.2,115.35,112.15,113.05,112.15,10075750,1148336205,0.802496656
03-12-1996,RELIANCE,180,186.4,179.7,182.3,180.85,7147250,1307558453,0.801769422
02-05-2006,RELIANCE,1025,1042.9,1024,1031.15,1022.95,3045647,3150700552,0.801603206
23-02-2024,RELIANCE,2979,2995.1,2966.7,2987.25,2963.5,7219292,21534840027,0.801417243
01-04-2022,RELIANCE,2636,2665.15,2622,2655.85,2634.75,3656408,9658325027,0.800834994
07-12-2005,RELIANCE,840,849.9,829,843.45,836.75,5278514,4419209096,0.80071706
19-03-2004,RELIANCE,517,528.55,517,523.25,519.1,7836465,4101695163,0.799460605
09-08-1996,RELIANCE,206.8,209.4,205,208.1,206.45,8497250,1762130648,0.799224994
26-10-2017,RELIANCE,940,957.8,931,947.4,939.9,7698704,7264042925,0.797957229
21-03-2018,RELIANCE,894.85,902.35,893.3,896.9,889.8,6727261,6036186652,0.79793212
23-03-2004,RELIANCE,509,517.5,505.25,511.75,507.7,6639679,3403133756,0.797715186
13-04-2017,RELIANCE,1354,1373.4,1347.35,1364.8,1354,2906188,3969077630,0.797636632
07-05-2013,RELIANCE,821.5,835.9,819.65,828.15,821.6,3778450,3124547369,0.797224927
28-03-2019,RELIANCE,1350.25,1369.8,1342.8,1360,1349.25,10482938,14228879897,0.796738929
17-08-2007,RELIANCE,1711,1773.9,1683.2,1752.9,1739.05,5958453,10310119081,0.796411834
12-01-2024,RELIANCE,2719.8,2746.65,2691.5,2741.45,2719.8,7506082,20487745085,0.796014413
27-09-2022,RELIANCE,2394,2426,2360.1,2396.25,2377.35,7455448,17823738488,0.795002839
20-04-1995,RELIANCE,277.9,279.5,277,279,276.8,262450,73042457.5,0.794797688
18-04-2002,RELIANCE,292,295.75,291,292.35,290.05,1930976,566744913.9,0.79296673
22-05-2015,RELIANCE,897,905.6,897,903.85,896.75,1908452,1720762618,0.791747979
25-10-2010,RELIANCE,1088,1101.9,1086,1090.35,1081.8,4118875,4508236800,0.790349418
26-05-2004,RELIANCE,460,468,455.4,459.3,455.7,6844810,3164847617,0.789993417
09-11-2021,RELIANCE,2505,2528.9,2487.05,2521.7,2501.95,7237470,18152375051,0.78938428
13-12-2024,RELIANCE,1260,1275.2,1239.6,1272.85,1262.9,28630222,36002621429,0.78786919
30-04-1998,RELIANCE,189.55,192.85,188.6,191.95,190.45,7168200,1370152955,0.787608296
04-08-2004,RELIANCE,491,494.5,483.55,493.25,489.4,6740779,3294186469,0.786677564
18-09-2009,RELIANCE,2080,2113,2075.1,2102.55,2086.15,2938873,6169150046,0.786137143
13-11-2002,RELIANCE,269.75,269.75,260.4,262.85,260.8,8159262,2149656049,0.786042945
19-07-1995,RELIANCE,265,270.1,265,269.5,267.4,1125150,301464017.5,0.785340314
31-05-2002,RELIANCE,262.9,266,255.7,263.5,261.45,2155713,560899263.4,0.784088736
06-09-2017,RELIANCE,1626.4,1652.5,1622.8,1645.4,1632.6,11142512,18339508180,0.784025481
18-05-2007,RELIANCE,1684.8,1706,1670.1,1698.45,1685.25,2318273,3923067357,0.783266578
09-05-2005,RELIANCE,549.25,554.95,546.2,553.4,549.1,3164957,1742998613,0.783099618
29-07-1997,RELIANCE,351,355,350.05,354.4,351.65,8608500,3036530643,0.782027584
12-03-2025,RELIANCE,1258,1263,1244,1257.05,1247.3,11977555,15007514669,0.781688447
14-06-2005,RELIANCE,571,575,564.8,574.05,569.6,3311105,1888274339,0.78125
29-07-2021,RELIANCE,2054,2074.4,2043.4,2053.25,2037.35,6352886,13069140427,0.780425553
14-11-2002,RELIANCE,263.5,265.7,262.25,264.9,262.85,5058403,1336367551,0.779912498
26-10-2010,RELIANCE,1090.9,1100.95,1087.1,1098.85,1090.35,3530281,3869808187,0.779566194
29-09-2015,RELIANCE,830,850.25,826.1,840.75,834.25,3623837,3038029132,0.779142943
06-07-1995,RELIANCE,255,259.1,253.75,258.7,256.7,846900,216812020,0.779119595
25-07-2016,RELIANCE,1014,1023.75,1007.35,1022.75,1014.85,1883884,1914975226,0.778440164
01-12-2016,RELIANCE,1000,1015,995,997.75,990.05,2886513,2899649144,0.777738498
25-11-2014,RELIANCE,985.1,994.9,973.3,993,985.35,3338732,3291634724,0.776373877
02-08-2011,RELIANCE,827.55,838.9,818.5,837.3,830.85,3787775,3142131048,0.776313414
21-01-2003,RELIANCE,290,293,288,292.1,289.85,1862633,541482375.8,0.776263585
15-07-2013,RELIANCE,886,899.9,886,896.85,889.95,2951748,2638472934,0.775324456
06-02-2017,RELIANCE,1037,1044.9,1032.05,1041.65,1033.65,2283982,2371255826,0.773956368
13-08-2012,RELIANCE,779.5,790,779.5,788.15,782.1,1413458,1112032666,0.773558368
10-02-2004,RELIANCE,592,598.4,585.6,593.25,588.7,8848744,5244487854,0.772889417
10-02-2004,RELIANCE,592,598.4,585.6,593.25,588.7,8848744,5244487854,0.772889417
08-07-2024,RELIANCE,3178,3217.6,3165.05,3201.8,3177.25,4750403,15181479273,0.772680777
24-09-1996,RELIANCE,195,197.9,194.5,195.8,194.3,4716950,922371322.5,0.772002059
03-12-2013,RELIANCE,855,865.5,850.65,861.9,855.3,2099451,1804894620,0.771659067
03-11-2015,RELIANCE,963.25,970.45,961.25,967.2,959.8,2599796,2509909526,0.770993957
23-10-2001,RELIANCE,276.7,277.65,273.25,274.9,272.8,1895548,521435460.6,0.769794721
17-04-2018,RELIANCE,940,947.2,936,944.25,937.05,4388713,4135607266,0.768368817
29-10-2020,RELIANCE,1997,2042,1991,2026.9,2011.45,14147681,28572185906,0.768102613
16-02-2010,RELIANCE,1010.1,1021,1005,1017.75,1010,2301434,2333450686,0.767326733
27-01-2017,RELIANCE,1020.25,1028.9,1019,1025.1,1017.3,4997239,5119264082,0.766735476
04-08-2021,RELIANCE,2094.4,2114,2087,2103.75,2087.75,6077861,12782821703,0.766375284
25-04-2023,RELIANCE,2366,2380.6,2350.5,2376.05,2358,4262471,10083930491,0.76547922
14-07-2017,RELIANCE,1520,1536,1515.55,1533.75,1522.1,4693011,7169211717,0.765389922
24-07-2012,RELIANCE,721,726.85,718.35,724.5,719,1836693,1327538041,0.764951321
29-07-2004,RELIANCE,475,475.5,469.25,474.5,470.9,5239489,2479901624,0.764493523
23-02-2021,RELIANCE,2048,2052.9,2013.6,2023.45,2008.1,11834752,24077795769,0.764404163
21-11-2012,RELIANCE,766.5,773.9,761.1,771.2,765.35,1968764,1510414055,0.764356177
18-10-2012,RELIANCE,807.25,816,797,811.3,805.15,6080686,4912066472,0.763832826
06-06-2024,RELIANCE,2870,2887.4,2842.7,2863.2,2841.5,8927861,25537885916,0.763681154
08-10-2003,RELIANCE,465,465,448.65,455.25,451.8,4604292,2095571410,0.763612218
08-10-2003,RELIANCE,465,465,448.65,455.25,451.8,4604292,2095571410,0.763612218
04-09-2007,RELIANCE,1964,1976.85,1921.25,1972.9,1957.95,2030637,3992836338,0.763553717
11-03-2010,RELIANCE,1010,1020,1007,1016.45,1008.75,3333605,3378384942,0.763320942
01-03-2021,RELIANCE,2110.2,2112,2062.5,2101.7,2085.8,8159670,17077101153,0.76229744
06-08-2003,RELIANCE,343.6,356.4,343.6,350.6,347.95,8697928,3060930857,0.761603679
02-07-2019,RELIANCE,1273.95,1281,1263.3,1278.5,1268.85,4638751,5904738864,0.76053119
03-01-1996,RELIANCE,207.5,216.95,205.25,205.7,204.15,7473500,1547314113,0.759245653
19-07-2023,RELIANCE,2830,2856,2797,2841.85,2820.45,18054869,51039578143,0.758744172
07-06-2023,RELIANCE,2487,2500,2472.6,2498.15,2479.35,4759238,11836509766,0.758263254
11-06-2019,RELIANCE,1321.85,1334.5,1318,1329.15,1319.15,5253790,6974448670,0.758063905
01-04-2013,RELIANCE,781,790.8,773.8,778.75,772.9,1903323,1484177315,0.756889636
19-01-2012,RELIANCE,789,795.95,782.1,785.65,779.75,5483508,4325508058,0.756652773
15-05-2014,RELIANCE,1045.5,1060,1039.25,1053.4,1045.5,4769324,5005306039,0.755619321
24-07-2014,RELIANCE,1030,1043.2,1024,1041.05,1033.25,2211291,2285198955,0.754899589
20-09-2007,RELIANCE,2176,2201.75,2167,2190.3,2173.9,2726830,5952149325,0.754404526
23-11-2016,RELIANCE,1005,1010.5,999.55,1009,1001.45,2996248,3012288585,0.753906835
03-01-2025,RELIANCE,1243.9,1262.05,1235.5,1251.15,1241.8,15521102,19406715599,0.752939282
21-02-2014,RELIANCE,807.1,816,805.6,811.5,805.45,1430079,1159765008,0.751132907
14-03-2014,RELIANCE,874,889.95,869.05,886.15,879.55,3780891,3320035661,0.750383719
18-10-1996,RELIANCE,194.5,198,191.8,194.8,193.35,16045900,3129080200,0.74993535
17-02-2017,RELIANCE,1066.5,1078.2,1058.45,1075.5,1067.5,3393856,3633367038,0.74941452
22-06-2017,RELIANCE,1429.45,1445.4,1427.7,1432.65,1422,5055942,7271102905,0.748945148
14-12-2017,RELIANCE,919,924.9,908.75,921.5,914.65,5021130,4598789868,0.748920352
29-12-2004,RELIANCE,529.2,538.75,526.6,531.5,527.55,6930557,3692354882,0.748744195
13-07-2021,RELIANCE,2100,2103.05,2088.05,2099.7,2084.1,3099956,6500981051,0.748524543
04-07-2011,RELIANCE,874.4,879.4,865,868.4,861.95,3771511,3281279980,0.748303266
16-10-2024,RELIANCE,2680,2728,2675.25,2708.15,2688.05,10017219,27014852678,0.747753948
07-06-2012,RELIANCE,721.05,731.9,716.25,721.25,715.9,6387716,4629527585,0.747311077
11-10-2005,RELIANCE,787,790.8,772,788.8,782.95,3792221,2969198179,0.747174149
16-05-2005,RELIANCE,537.5,543.65,537.5,540.25,536.25,2412883,1303997618,0.745920746
18-01-2001,RELIANCE,363,366.5,361.35,364.75,362.05,2730251,995476300,0.745753349
23-04-2012,RELIANCE,725.85,745.75,724.2,736.3,730.85,5053199,3728743969,0.745707053
23-10-2014,RELIANCE,949.5,954.5,949,952.7,945.65,565357,538269549,0.745518955
31-01-2014,RELIANCE,827,833.45,826.15,831.15,825,2523182,2094742988,0.745454545
09-02-2001,RELIANCE,397,402,394.25,398.9,395.95,6970040,2784549705,0.745043566
23-02-2012,RELIANCE,832,849.9,826.6,839.6,833.4,4367293,3675866442,0.743940485
09-02-2017,RELIANCE,1028,1034,1026.8,1032.75,1025.15,2254216,2323159365,0.741354924
11-03-2011,RELIANCE,978.8,994.9,972.15,992.05,984.75,3428848,3377181598,0.7413049
14-06-2004,RELIANCE,429,437.4,424.5,434.9,431.7,7250412,3121810863,0.741255502
17-10-2014,RELIANCE,936,940.65,925.2,937.9,931,3500356,3273115754,0.741138561
10-11-1995,RELIANCE,242,246.4,240.25,244.7,242.9,4746450,1158452305,0.741045698
18-08-2023,RELIANCE,2531.25,2577.6,2508.55,2556.8,2538,9319989,23701983763,0.740740741
29-06-2006,RELIANCE,1023.9,1030,1001.5,1008.35,1000.95,6026607,6133208836,0.739297667
03-04-2018,RELIANCE,891,901.7,885.25,899.55,892.95,6364728,5675268232,0.739123131
18-08-2003,RELIANCE,359,364.45,355,361.25,358.6,5574787,2008996443,0.738984941
23-05-2000,RELIANCE,312.3,316,308.5,314.75,312.45,4169391,1302854737,0.736117779
03-08-2018,RELIANCE,1175,1183.5,1169.55,1176.95,1168.35,6645397,7814873536,0.736080798
03-08-2021,RELIANCE,2090,2091,2064.2,2087.75,2072.5,5453682,11337335627,0.735826297
12-10-2022,RELIANCE,2352,2381.7,2343.1,2375.25,2357.9,3422992,8105861297,0.73582425
29-07-2024,RELIANCE,3023.9,3055,3023.55,3040.2,3018.05,3769275,11452661155,0.733917596
10-06-2013,RELIANCE,789,795.5,782,789.35,783.6,2597020,2048923498,0.733792751
10-06-2013,RELIANCE,789,795.5,782,789.35,783.6,2597020,2048923498,0.733792751
21-04-1998,RELIANCE,198.5,200.75,197.5,199.25,197.8,5535050,1101022560,0.733063701
09-02-2024,RELIANCE,2908,2943.95,2901.9,2921.5,2900.25,6278399,18360429343,0.732695457
31-10-2001,RELIANCE,254,258.45,248.25,254.4,252.55,7666865,1946163932,0.732528212
04-02-2000,RELIANCE,344,347.35,341.7,344.15,341.65,7106910,2450931179,0.731743012
25-06-2012,RELIANCE,714.2,722.95,712,716.2,711,2540620,1823619725,0.731364276
15-11-2003,RELIANCE,463,471.5,463,468.3,464.9,1289083,601668704.9,0.731340073
04-03-1999,RELIANCE,154.5,155,149.55,151.6,150.5,9392500,1432095155,0.73089701
19-03-2014,RELIANCE,900,909.9,895.25,903,896.45,3743369,3377121566,0.730659825
02-08-2001,RELIANCE,314,320.9,309.55,317.8,315.5,1627268,511938862.5,0.729001585
23-11-2015,RELIANCE,950,957.9,946.2,953.75,946.85,2400013,2284167696,0.728732112
11-10-1995,RELIANCE,274.55,277.95,272.5,276.55,274.55,3055450,840162225,0.728464761
21-10-2024,RELIANCE,2734.25,2748,2715.45,2738.4,2718.6,7033704,19233063988,0.728316045
13-07-2017,RELIANCE,1508.75,1525,1506.15,1522.1,1511.1,5259759,7975613062,0.727946529
03-09-2014,RELIANCE,1025.15,1035.95,1021.1,1031.25,1023.8,5011067,5155413806,0.727681188
15-07-2016,RELIANCE,1009,1021,1003.5,1012.2,1004.9,3198562,3241175869,0.726440442
17-05-2024,RELIANCE,2846.1,2874.4,2826.5,2871.4,2850.7,5458238,15608799278,0.72613744
05-03-1999,RELIANCE,153.6,157.45,151.5,152.7,151.6,12506850,1930156435,0.725593668
29-11-2007,RELIANCE,2825,2848,2795.65,2812.55,2792.3,4045517,11410556856,0.725208609
05-12-2023,RELIANCE,2439,2440.85,2421.65,2437.75,2420.2,6346812,15456491179,0.725146682
11-06-2025,RELIANCE,1445.8,1468.6,1443.1,1448.9,1438.5,8195700,11933850943,0.722975322
28-12-2023,RELIANCE,2589.8,2612,2586.85,2605.55,2586.85,6151318,16009295263,0.722886909
05-06-2018,RELIANCE,942.8,955,941,947.65,940.85,7971524,7568655588,0.722750704
05-10-1995,RELIANCE,287,290,278,285.8,283.75,2963250,842207267.5,0.72246696
20-12-2000,RELIANCE,345,345,337.4,341.85,339.4,2094053,712367125.1,0.72186211
20-03-2012,RELIANCE,756.1,766.4,750.3,760.55,755.1,2389920,1816012796,0.721758707
11-01-2022,RELIANCE,2436,2474.95,2435,2455.55,2438,7478681,18393912176,0.719852338
11-03-2025,RELIANCE,1240,1249.5,1229.75,1247.3,1238.4,10089838,12528623904,0.718669251
10-04-2014,RELIANCE,964.7,973.9,962.2,969.05,962.15,2434297,2357477318,0.717143896
22-08-1996,RELIANCE,216,217.45,209.65,210.9,209.4,16770050,3583181055,0.716332378
25-09-1998,RELIANCE,125.3,128.2,125.3,126.6,125.7,8897850,1127710723,0.715990453
26-08-2009,RELIANCE,2026.05,2046.7,2011.25,2040.15,2025.65,2513686,5112406470,0.715819613
08-03-2005,RELIANCE,588.8,593.65,582.2,591.1,586.9,7242982,4253164319,0.715624468
20-03-2007,RELIANCE,1318,1335,1316,1322.95,1313.55,1172767,1553625008,0.715617982
12-09-2017,RELIANCE,822.75,825,817,823.75,817.9,2971669,2441997855,0.715246363
04-02-2002,RELIANCE,306.5,306.5,296.65,302.8,300.65,1917274,576182117.2,0.715117246
25-09-1996,RELIANCE,197.9,201,196.5,197.2,195.8,5289550,1052527465,0.715015322
31-12-2010,RELIANCE,1058.05,1066.5,1053.2,1058.7,1051.2,2279759,2417590780,0.71347032
13-09-2007,RELIANCE,2025,2035,2013.65,2027.5,2013.15,1975162,4001604069,0.712813253
24-03-2015,RELIANCE,842.1,854.3,842.1,847.95,841.95,2111750,1791089320,0.712631391
06-06-2018,RELIANCE,947,956,942.65,954.4,947.65,4189483,3988423353,0.712288292
30-10-2015,RELIANCE,942.1,955.9,940.1,947.7,941,3055325,2901385101,0.712008502
13-02-2012,RELIANCE,841.1,858.8,841,849.25,843.25,3493699,2973486606,0.71153276
18-12-2008,RELIANCE,1340,1372,1282.55,1361,1351.4,10705844,14211135934,0.710374427
29-07-2003,RELIANCE,343.05,349,341.9,347.65,345.2,5073934,1751561644,0.709733488
01-12-2023,RELIANCE,2378,2396.4,2377.6,2394.3,2377.45,7171421,17135906079,0.70874256
15-09-2020,RELIANCE,2311.95,2325.75,2288.15,2318.85,2302.55,12543161,28990110978,0.707910795
17-02-2012,RELIANCE,822.05,826.4,810.2,818.2,812.45,8211325,6717737381,0.707735861
10-10-2007,RELIANCE,2634.9,2684,2582.25,2618.4,2600,4999438,13160258518,0.707692308
12-11-2003,RELIANCE,490,491.45,482.1,484.05,480.65,5669505,2765882358,0.707375429
24-11-2000,RELIANCE,312.5,316.9,312,313.35,311.15,3370644,1059004083,0.707054475
30-11-2022,RELIANCE,2712.5,2745.45,2698.2,2731.35,2712.2,12075137,32929988867,0.706068874
04-06-2009,RELIANCE,2224.8,2268.85,2160,2261.75,2245.9,3860237,8557148278,0.705730442
16-10-1998,RELIANCE,107.1,108.95,105.65,107.15,106.4,5694600,609250995,0.704887218
19-07-2013,RELIANCE,919.05,927.9,913.05,923.7,917.25,3268422,3016160831,0.70318888
12-06-2008,RELIANCE,2250.05,2295,2156.35,2277.3,2261.4,5237223,11657685234,0.703104272
11-05-2015,RELIANCE,892.85,899.45,883.4,895.95,889.7,3249083,2898152530,0.702483983
30-09-2004,RELIANCE,514,519.75,514,517.9,514.3,6072349,3140244969,0.699980556
14-10-2009,RELIANCE,2175,2197.5,2152.65,2184.2,2169.05,3335821,7271282171,0.698462461
24-05-2011,RELIANCE,906,920.9,906,915.75,909.4,2538967,2326020420,0.698262591
22-04-2009,RELIANCE,1720,1733,1691,1718,1706.1,4423560,7577739041,0.697497216
07-01-1997,RELIANCE,215.1,218.45,213.8,216.8,215.3,6885700,1491698215,0.696702276
06-09-2004,RELIANCE,475.1,479.9,474.55,477.1,473.8,2841830,1357961832,0.696496412
30-04-2012,RELIANCE,737.5,747.9,737.5,745.1,739.95,2776770,2066909809,0.695992972
30-04-2012,RELIANCE,737.5,747.9,737.5,745.1,739.95,2776770,2066909809,0.695992972
16-08-2022,RELIANCE,2646.2,2657.3,2627.3,2651.3,2633,3049304,8060790553,0.695024687
12-07-2005,RELIANCE,634.9,644,630.55,638.3,633.9,5132947,3276134565,0.694115791
18-05-2005,RELIANCE,528,531.6,523.1,529.6,525.95,4470270,2361018183,0.693982318
16-06-2025,RELIANCE,1426.9,1442.4,1424.4,1437.8,1427.9,8458093,12149412491,0.693325863
02-03-2006,RELIANCE,710,719,707,713.15,708.25,3821962,2727629519,0.6918461
01-04-1999,RELIANCE,130.9,134.1,129.5,131.3,130.4,4741526,625350747.8,0.690184049
31-01-2011,RELIANCE,908.85,928.85,903.1,919.3,913,5790572,5318039602,0.690032859
19-08-2024,RELIANCE,2965,2996.6,2961,2976.8,2956.4,6898871,20560327725,0.690028413
18-09-2019,RELIANCE,1204.95,1216.3,1197.2,1205.7,1197.45,6827281,8233652162,0.688964049
06-10-2006,RELIANCE,1166,1174.4,1152,1162.85,1154.9,2702479,3142793676,0.688371288
10-05-2023,RELIANCE,2490,2499.85,2481.2,2496.6,2479.55,5017544,12512018444,0.687624771
14-12-2004,RELIANCE,502,508,496,505.8,502.35,6098934,3076773698,0.686772171
04-11-2008,RELIANCE,1450,1464,1375.2,1451.6,1441.7,6263438,8850849337,0.686689325
19-02-2001,RELIANCE,423,427.05,418.5,425.35,422.45,6365686,2693598879,0.686471772
03-07-2003,RELIANCE,329.75,335.45,327.3,330.75,328.5,8234968,2732910081,0.684931507
25-01-2024,RELIANCE,2685.9,2728.3,2670.4,2706.15,2687.75,5904436,15924681036,0.68458748
24-11-2020,RELIANCE,1964,1974,1932,1964.05,1950.7,14277083,27870435600,0.684369713
24-02-2023,RELIANCE,2372,2396.15,2368,2383.7,2367.5,4353814,10368796539,0.684266103
29-01-2002,RELIANCE,316,318.45,313.9,316.6,314.45,1500965,474251831.8,0.683733503
21-06-2017,RELIANCE,1407.8,1428,1404.25,1422,1412.35,4569943,6482764628,0.683258399
12-04-2016,RELIANCE,1040.3,1057.45,1038.05,1047.4,1040.3,2552099,2676798111,0.682495434
18-10-2010,RELIANCE,1042.25,1064.95,1033.25,1047.45,1040.35,5076676,5295795992,0.682462633
23-04-2025,RELIANCE,1297,1306,1285.4,1300,1291.2,10480888,13594597555,0.681536555
12-11-2023,RELIANCE,2326.05,2332,2322.5,2330.65,2314.9,709922,1653202914,0.680374962
29-10-2013,RELIANCE,889.1,903.95,883.9,896.8,890.75,3303172,2957283789,0.679202919
08-10-2001,RELIANCE,242,255.95,240.5,252.35,250.65,7420721,1860354157,0.678236585
08-10-2001,RELIANCE,242,255.95,240.5,252.35,250.65,7420721,1860354157,0.678236585
18-03-2010,RELIANCE,1074,1081.6,1064.1,1076.95,1069.7,3495591,3750999700,0.67776012
09-05-2017,RELIANCE,1324,1333.65,1320.25,1330.35,1321.4,4824511,6414062773,0.677311942
26-11-2024,RELIANCE,1294.95,1297.85,1284.2,1295.7,1287,9247557,11948133608,0.675990676
15-10-1997,RELIANCE,401.7,407.7,395.25,402.2,399.5,14544950,5826155813,0.675844806
25-04-2024,RELIANCE,2885,2935.95,2883,2919.95,2900.35,7971963,23235272655,0.675780509
22-07-2022,RELIANCE,2500,2516.3,2495,2503.1,2486.3,5062651,12679994866,0.675702852
19-03-2025,RELIANCE,1241.05,1253.25,1238.8,1247.15,1238.8,16162399,20158006341,0.674039393
20-03-1997,RELIANCE,280.5,287.95,277.25,284.25,282.35,15359450,4331510178,0.672923676
16-05-2019,RELIANCE,1259.95,1271.9,1258.1,1265.35,1256.9,6606652,8355421933,0.672288965
04-07-2005,RELIANCE,642,649.5,639,644.4,640.1,3814948,2457019149,0.671770036
27-08-2012,RELIANCE,786,796.2,783.5,787.35,782.1,2092529,1650328025,0.671269659
06-04-2023,RELIANCE,2318.15,2354,2318.15,2341.45,2325.85,8507771,19917429622,0.670722532
11-12-2018,RELIANCE,1066,1102.1,1055,1097.55,1090.25,13494665,14572281033,0.669571199
13-08-2010,RELIANCE,970.5,993.8,970.5,979.1,972.6,6974575,6852580360,0.668311742
24-08-2020,RELIANCE,2091.4,2104.5,2070.5,2095.75,2081.85,15099030,31560709786,0.667675385
25-03-2022,RELIANCE,2582.5,2616,2577,2595.85,2578.65,6563676,17043606171,0.667015687
09-11-2006,RELIANCE,1256,1266.6,1243.8,1260.6,1252.25,4096597,5147590667,0.66679976
08-09-2023,RELIANCE,2440,2456,2422.95,2448.2,2432,11554644,28145173638,0.666118421
28-11-2019,RELIANCE,1572.65,1584.15,1563.95,1580.3,1569.85,6284885,9906407922,0.665668694
20-08-2009,RELIANCE,1900,1929,1888.55,1898.4,1885.85,2352019,4497714070,0.665482408
04-07-2003,RELIANCE,333.05,337.3,331,332.95,330.75,5938555,1983050592,0.665154951
13-08-2002,RELIANCE,242.5,244,241.3,242.55,240.95,1554070,377358934.4,0.664038182
11-01-2002,RELIANCE,327,335,318.05,326.8,324.65,3018935,993439194.1,0.662251656
06-04-2016,RELIANCE,1032.1,1036.7,1022.6,1033.75,1026.95,1597975,1645826296,0.662154925
26-02-2016,RELIANCE,953,958.75,944.3,950.35,944.1,1908533,1816331636,0.662006143
12-06-2013,RELIANCE,783.05,797.5,782.2,790.8,785.6,2920051,2307283274,0.66191446
22-04-2024,RELIANCE,2944.9,2965.65,2935.6,2959.7,2940.25,5175181,15271348794,0.661508375
07-12-2001,RELIANCE,310,315.8,310,312,309.95,2170654,678906692.5,0.661397
18-07-2024,RELIANCE,3152,3187.8,3115.65,3173.35,3152.5,6149187,19403909511,0.661379857
28-09-2020,RELIANCE,2227,2238,2207.05,2216.25,2201.7,9076787,20163062604,0.660852977
23-10-1998,RELIANCE,106.55,107.8,104.8,106.7,106,10521050,1121404600,0.660377358
09-08-2023,RELIANCE,2504.85,2529,2481.1,2525.2,2508.65,5743293,14356384372,0.659717378
22-09-1995,RELIANCE,267,268.35,266,267.2,265.45,411800,110024567.5,0.659257864
15-11-2000,RELIANCE,315.95,317.4,310.1,313.1,311.05,3060728,961491270.6,0.659058029
19-02-2002,RELIANCE,320.2,323,318.5,320.85,318.75,2857535,915430310.1,0.658823529
11-08-2020,RELIANCE,2134.8,2160,2100.35,2133.8,2119.85,21611359,46103431136,0.658065429
24-01-2007,RELIANCE,1374.4,1374.4,1360.25,1369.5,1360.55,1682940,2301823407,0.657822204
23-08-2021,RELIANCE,2174,2174,2132.3,2162.35,2148.25,4547802,9809454491,0.65634819
16-09-2004,RELIANCE,488.5,491.8,482.75,490.85,487.65,3430240,1675655795,0.656208346
24-12-2002,RELIANCE,289.25,292.25,282.2,291.55,289.65,3709924,1076205699,0.655964095
01-08-2024,RELIANCE,3024,3036,3008.6,3030.6,3010.85,5382111,16283566572,0.655960941
23-01-2002,RELIANCE,312,316.9,310.75,314.65,312.6,1175520,369861577.4,0.655790147
13-01-2017,RELIANCE,1084.55,1097.5,1084.55,1090.4,1083.3,1653669,1805654453,0.655404782
21-12-2005,RELIANCE,856.1,863.4,849.05,860.15,854.55,3759130,3220661950,0.655315663
13-11-2007,RELIANCE,2686,2723.8,2660,2693.1,2675.6,4241726,11448706062,0.654058903
20-03-1998,RELIANCE,175.35,178.25,173.75,177.35,176.2,7573850,1334554748,0.652667423
26-05-1995,RELIANCE,266,270,261.5,262.55,260.85,1149150,304491042.5,0.651715545
15-07-2011,RELIANCE,867.7,876,865,873.2,867.55,2332976,2032818027,0.651259293
08-02-2005,RELIANCE,532,536.75,529,533.8,530.35,3602698,1920147874,0.650513812
05-12-2002,RELIANCE,294.7,297.9,292.5,294.4,292.5,6537126,1932487954,0.64957265
05-07-2016,RELIANCE,986.1,1002.9,980.3,993.1,986.7,2596678,2582210954,0.648626736
10-12-2013,RELIANCE,878.5,888.7,878.5,884.65,878.95,1992917,1763414517,0.648501052
09-08-1995,RELIANCE,266,266.5,263.4,264.3,262.6,1337450,354175980,0.64737243
03-02-2010,RELIANCE,1031.1,1048.4,1031.1,1033.95,1027.3,3440695,3575495327,0.647327947
05-10-2017,RELIANCE,825,828.45,818.65,824.15,818.85,4860479,4001818827,0.647249191
18-04-2007,RELIANCE,1473,1495.9,1473,1485.35,1475.8,2291918,3410865187,0.647106654
15-04-2021,RELIANCE,1926.3,1961,1913,1944.3,1931.8,9102492,17598148870,0.647064914
10-03-2006,RELIANCE,731,737.9,727.15,731.45,726.75,3455455,2531501550,0.646714826
06-09-2016,RELIANCE,1019.9,1025,1015,1019.9,1013.35,2631091,2681861446,0.646370948
28-12-2005,RELIANCE,870,889.9,868,872.5,866.9,10837449,9532280623,0.645979928
03-10-2016,RELIANCE,1087,1107.95,1076.25,1090.7,1083.7,4143109,4529687733,0.645935222
29-07-2005,RELIANCE,698,711.9,693,703.35,698.85,7613858,5375326303,0.643915003
09-08-2002,RELIANCE,234.1,235.65,229.6,234.65,233.15,3369119,784967367.6,0.643362642
25-11-2016,RELIANCE,990,995.9,984.35,993.7,987.35,2389829,2365422434,0.643135666
06-05-2002,RELIANCE,288.05,291,287.65,289.7,287.85,1357613,392733118.3,0.642695849
02-12-2021,RELIANCE,2469.7,2496.2,2461.6,2482.85,2467,5870468,14573515872,0.642480746
06-02-2020,RELIANCE,1454.1,1467,1440.1,1457.8,1448.5,7103715,10321203996,0.642043493
16-05-2024,RELIANCE,2837.1,2855,2796.05,2850.7,2832.55,7355887,20819370914,0.640765388
11-04-1997,RELIANCE,257,270.95,256.55,267.8,266.1,10105700,2672834185,0.638857572
18-12-2024,RELIANCE,1240.65,1259.95,1240.65,1253.25,1245.3,12670179,15870398087,0.638400385
19-09-2016,RELIANCE,1072.55,1088,1071,1082.4,1075.55,3812324,4120984369,0.636883455
04-07-2007,RELIANCE,1711,1731.65,1709,1718.15,1707.3,2179332,3751580536,0.635506355
27-08-2019,RELIANCE,1285,1285,1261.2,1274.85,1266.8,12984396,16522569647,0.635459425
13-09-2004,RELIANCE,490.9,494.8,485.2,490.95,487.85,4421073,2166790379,0.635441222
08-02-2001,RELIANCE,391.2,397.45,390.5,395.95,393.45,4783393,1890386020,0.635404753
19-04-1996,RELIANCE,246,250.5,243.55,245.55,244,23490050,5808405898,0.635245902
27-03-1995,RELIANCE,264.75,264.75,258,261.4,259.75,307700,80290572.5,0.635226179
24-08-2018,RELIANCE,1265.25,1279.95,1260.05,1277.5,1269.45,6652005,8459873415,0.634132892
31-05-1996,RELIANCE,240.25,240.5,236.1,238.35,236.85,15921750,3792204110,0.633312223
27-04-2023,RELIANCE,2375,2384,2364,2377.05,2362.1,4230627,10039493208,0.632911392
06-09-2013,RELIANCE,870,873.5,841.5,868,862.55,3439791,2957092300,0.631847429
15-03-2010,RELIANCE,1022,1031.95,1013.1,1028.05,1021.6,4144602,4245006237,0.631362569
13-12-2004,RELIANCE,499,505,486.35,502.35,499.2,9825655,4867098112,0.631009615
07-09-2021,RELIANCE,2430,2458,2412,2440.9,2425.6,8006968,19518192089,0.630771768
16-01-2015,RELIANCE,860,875,852.05,869.7,864.25,4374388,3794307437,0.63060457
10-10-2014,RELIANCE,947,969,936.1,960.65,954.65,3535189,3378180327,0.628502593
17-02-2025,RELIANCE,1211.1,1227.5,1204.5,1224.9,1217.25,8166683,9960241447,0.628465804
19-01-2004,RELIANCE,581.15,589,569.1,584.75,581.1,5572406,3220800420,0.628119084
23-03-2006,RELIANCE,781.5,784.45,768.65,777.35,772.5,3868446,3007563326,0.627831715
09-02-2005,RELIANCE,534.25,540.5,534.05,537.15,533.8,2583200,1387178687,0.627575871
30-05-2012,RELIANCE,699.65,708.65,695.15,706.25,701.85,3521032,2476159514,0.626914583
15-10-2004,RELIANCE,546.3,556.9,542.05,546.3,542.9,5812889,3200721302,0.626266347
04-07-2025,RELIANCE,1524,1530,1517.2,1527.3,1517.8,6603501,10060908691,0.625905916
05-05-2025,RELIANCE,1431,1439.5,1426.9,1431.3,1422.4,12685649,18165843553,0.625703037
26-11-2018,RELIANCE,1109,1117.5,1097.4,1109.75,1102.85,6386556,7074414782,0.625651721
01-08-2005,RELIANCE,703,709.9,696.5,707.75,703.35,4456070,3136288615,0.625577593
02-11-2022,RELIANCE,2532.3,2550.2,2515,2545.65,2529.85,4145144,10510378542,0.624542957
24-03-2006,RELIANCE,776,785,776,782.2,777.35,2825935,2208188989,0.623914582
07-11-1999,RELIANCE,233.95,236,232.65,233.95,232.5,3426288,803395307.3,0.623655914
12-07-2021,RELIANCE,2079.75,2101.5,2074.5,2084.1,2071.2,3962111,8273507306,0.622827346
24-06-2005,RELIANCE,649,658.5,643.05,654.65,650.6,6446770,4209733120,0.622502306
20-08-2013,RELIANCE,811.1,830.8,805.05,825.35,820.25,2610167,2137701304,0.621761658
12-10-2001,RELIANCE,267.15,272.8,265.1,267.05,265.4,6271626,1686578364,0.62170309
09-09-2004,RELIANCE,486.8,487.4,481.3,485.7,482.7,5137421,2490518079,0.62150404
15-06-2018,RELIANCE,1006,1023.5,999.25,1014.2,1007.95,11294702,11469522694,0.62007044
29-11-2013,RELIANCE,850.95,856.5,848.6,853.2,847.95,2259353,1927647758,0.619140279
26-08-2015,RELIANCE,847.8,874.8,840,853.4,848.15,4332912,3728217468,0.618994282
19-02-2018,RELIANCE,921,932,913.55,927,921.3,4087936,3770665441,0.61869098
11-08-2009,RELIANCE,1993,2048.05,1979,2000.4,1988.1,3140057,6326500127,0.618681153
07-07-1995,RELIANCE,259.5,261.5,258.35,260.3,258.7,810300,210867130,0.618477
11-11-2015,RELIANCE,927.1,932.85,927.1,928.45,922.75,299511,278193265.4,0.617718775
08-11-2001,RELIANCE,259,262.45,251.85,260.7,259.1,2968794,765674830.7,0.617522192
28-02-2019,RELIANCE,1233.75,1239.85,1226.55,1231.05,1223.5,11286916,13917567837,0.617082141
06-04-2009,RELIANCE,1700,1742.3,1645.6,1671.6,1661.35,5259028,8843657686,0.616968128
01-04-2002,RELIANCE,301.65,308.3,299.3,302.15,300.3,2517677,765063334.9,0.616050616
27-11-2019,RELIANCE,1559.95,1575.5,1556.1,1569.85,1560.25,4408336,6895829808,0.615286012
14-05-2025,RELIANCE,1420,1429.9,1415.5,1424.4,1415.7,5570160,7928045615,0.614536978
09-04-2009,RELIANCE,1750,1767.85,1705.25,1735.75,1725.15,5193767,9016552992,0.614439324
25-09-2006,RELIANCE,1159.8,1175,1156,1163.1,1156,4309600,5033504789,0.614186851
04-11-2021,RELIANCE,2492.95,2504.9,2490,2498.85,2483.6,787160,1965800892,0.614028024
19-08-2020,RELIANCE,2141,2154,2121.35,2131.55,2118.55,15731409,33623807599,0.613627245
19-07-2022,RELIANCE,2400.3,2447,2400.3,2437.1,2422.25,7587006,18432314366,0.613066364
14-03-2017,RELIANCE,1318.75,1319,1285.25,1289.5,1281.65,6346620,8244794509,0.61249171
10-06-1999,RELIANCE,188.8,192.5,187.6,189.1,187.95,15798521,3003796510,0.611864858
10-06-1999,RELIANCE,188.8,192.5,187.6,189.1,187.95,15798521,3003796510,0.611864858
19-02-2021,RELIANCE,2057,2104.95,2053.3,2080.3,2067.7,10800704,22553356631,0.609372733
20-09-1995,RELIANCE,265,267.5,263.85,264.75,263.15,552650,146700225,0.608018241
06-08-1997,RELIANCE,374,375,370.1,373.25,371,1517900,565084267.5,0.606469003
05-07-2012,RELIANCE,734.95,742.4,732.05,738.7,734.25,1784218,1318162859,0.606060606
25-10-2017,RELIANCE,940.1,945.9,929.5,939.9,934.25,4577050,4291419530,0.604763179
16-03-2005,RELIANCE,571.05,577.8,567.6,574.3,570.85,4275833,2451749988,0.604361916
04-08-1998,RELIANCE,132.2,134.5,132.2,133.25,132.45,3175250,423564287.5,0.60400151
06-08-2024,RELIANCE,2910.3,2955,2902.65,2912.1,2894.65,5118093,14993589440,0.602836267
07-08-2024,RELIANCE,2938,2945,2923,2929.65,2912.1,4087284,11979363871,0.602657876
12-03-2024,RELIANCE,2933.2,2976,2930.05,2950.85,2933.2,4716339,13943814809,0.601731897
04-01-2018,RELIANCE,918.15,921.8,915.7,920.3,914.8,4118581,3785310187,0.601224311
16-10-2019,RELIANCE,1369.9,1379.65,1363.7,1372.35,1364.15,8870701,12165579724,0.601106916
30-06-2022,RELIANCE,2580,2615.9,2566,2595.65,2580.15,10666627,27691790170,0.600740267
14-08-2009,RELIANCE,2027,2064,2007,2036.45,2024.3,3344427,6806958813,0.600207479
14-12-2012,RELIANCE,834.5,846.8,828.5,839.25,834.25,2045918,1718295084,0.599340725
10-08-2022,RELIANCE,2576.9,2589.9,2557.05,2582.5,2567.15,4949442,12741005921,0.597939349
07-11-2018,RELIANCE,1115,1115,1106.7,1110.7,1104.1,1283997,1425914094,0.597771941
05-01-2007,RELIANCE,1275,1312,1275,1288.15,1280.5,3047126,3952072709,0.597422882
21-08-2003,RELIANCE,375,375,369.15,371.1,368.9,4227478,1569883188,0.596367579
28-10-2016,RELIANCE,1050,1058,1043.8,1054.95,1048.7,1857917,1955599208,0.59597597
26-09-2012,RELIANCE,838,849.7,833.85,844.75,839.75,3807711,3208335649,0.595415302
06-12-2002,RELIANCE,295.1,299,293.05,296.15,294.4,3669736,1085823772,0.594429348
09-07-2014,RELIANCE,1002,1009.9,992.5,1000.95,995.05,3406611,3410748470,0.592935028
03-12-2014,RELIANCE,958.55,974,958.55,968.35,962.65,2237796,2165893356,0.592115514
29-03-2004,RELIANCE,526.15,534.6,525.1,528.8,525.7,5709932,3021983445,0.589689937
30-12-1994,RELIANCE,339,341.5,339,341.2,339.2,14750,5022347.5,0.589622642
26-08-2004,RELIANCE,461,466.35,459.3,460.7,458,6532004,3023201550,0.589519651
05-10-2010,RELIANCE,1016,1031.8,1009,1023.85,1017.85,5243466,5363145312,0.589477821
20-11-2002,RELIANCE,272.5,277.9,271,273.45,271.85,7450726,2048779315,0.588559868
07-12-2020,RELIANCE,1940.6,1965,1940.6,1958.2,1946.75,8418767,16463893633,0.588159753
20-12-2002,RELIANCE,289,292.85,289,290.8,289.1,3651142,1062560910,0.588031823
30-04-2003,RELIANCE,272.75,275.5,271.05,274.45,272.85,2433276,666181003.6,0.586402785
17-04-2006,RELIANCE,850,857,846.1,851.45,846.5,2983707,2541031460,0.58476078
24-10-2007,RELIANCE,2640,2650.7,2556.6,2615.05,2599.85,4302258,11228737194,0.584649114
13-08-2014,RELIANCE,983.3,996.6,980,990.15,984.4,3226166,3189877736,0.58411215
30-07-2020,RELIANCE,2099,2139.7,2072,2108.85,2096.65,33624516,70982380956,0.581880619
17-07-2000,RELIANCE,362.9,364.9,357.5,363.3,361.2,6151343,2224241127,0.581395349
18-12-1998,RELIANCE,111.95,113.5,111.7,112.65,112,4608700,518887467.5,0.580357143
22-11-2019,RELIANCE,1542.1,1569.5,1537.6,1546.5,1537.6,10218978,15852947452,0.578824142
07-04-2010,RELIANCE,1125,1149.7,1123.1,1129.7,1123.2,4621626,5239612980,0.578703704
07-08-2020,RELIANCE,2129.8,2157.8,2120.2,2146.45,2134.1,15222384,32595833726,0.57869828
19-10-2016,RELIANCE,1084.45,1094.7,1081.4,1087.35,1081.1,3902656,4248885070,0.578114883
09-05-2003,RELIANCE,257.15,263.5,257.15,261.05,259.55,3066891,801668661.4,0.577923329
10-11-2016,RELIANCE,1018.6,1028.95,1007,1010.4,1004.6,2231907,2272175380,0.577344217
13-08-1996,RELIANCE,207.5,210.95,206.8,209.25,208.05,7013400,1462298928,0.576784427
17-12-1997,RELIANCE,158,159.9,155.15,157.15,156.25,5294100,832826990,0.576
17-03-2003,RELIANCE,278,280.9,275.25,279.55,277.95,4017792,1116075441,0.575643101
18-12-2018,RELIANCE,1123.3,1139,1120.5,1136.4,1129.9,5870928,6632265674,0.575272148
18-08-2025,RELIANCE,1390,1394.9,1377,1381.7,1373.8,11785109,16313018770,0.575047314
05-10-2012,RELIANCE,859.9,862,682.35,857.8,852.9,3592138,3042348239,0.574510494
08-01-2018,RELIANCE,926.1,931,923.5,928.55,923.25,4035417,3742538282,0.574059031
12-04-2002,RELIANCE,296.85,299.8,295.55,298.25,296.55,1022282,304303666.3,0.573259147
31-05-2018,RELIANCE,921,922.3,914.55,921.35,916.1,16951801,15613865590,0.573081541
10-06-2016,RELIANCE,974,984.4,968.3,976.7,971.15,3729737,3642612996,0.571487412
16-05-1996,RELIANCE,256.75,260.5,253.55,255.25,253.8,24583100,6334369290,0.571315997
12-10-2021,RELIANCE,2645,2683,2641.25,2667.8,2652.65,3083747,8207402616,0.571126986
17-04-1995,RELIANCE,284,286,281.9,282.3,280.7,262750,74526817.5,0.570003563
07-08-2023,RELIANCE,2521,2528.4,2505,2523.85,2509.55,2991435,7534973865,0.569823275
08-03-2021,RELIANCE,2168.5,2231.9,2168,2191.1,2178.7,9002404,19856244553,0.569146739
06-05-2021,RELIANCE,1921.85,1935,1906.6,1931,1920.1,6749281,12965019709,0.567678767
05-11-2004,RELIANCE,541,543.75,536.5,540.35,537.3,3169206,1714598789,0.56765308
21-03-2025,RELIANCE,1275,1281,1270.1,1276.35,1269.15,21780769,27799653516,0.567308829
17-12-2014,RELIANCE,865.25,874.9,864.45,869.5,864.6,4749947,4132820407,0.566736063
01-03-1996,RELIANCE,213.5,216.2,208.55,213.05,211.85,25819450,5489540970,0.566438518
11-07-2006,RELIANCE,1045,1052.75,1036.2,1049.2,1043.3,3469398,3627926341,0.565513275
13-01-2022,RELIANCE,2521.25,2541,2508.4,2535.3,2521.1,5471871,13819465157,0.563246202
22-11-2007,RELIANCE,2750,2769.7,2665,2724.75,2709.5,3588610,9733281557,0.562834471
29-05-2023,RELIANCE,2521,2530,2507.2,2520.6,2506.5,4619754,11640658052,0.562537403
11-02-2013,RELIANCE,865,875,860.6,868.4,863.55,1904074,1654002434,0.561635111
26-05-2025,RELIANCE,1432,1441,1425.1,1434.8,1426.8,4842944,6960105851,0.560695262
19-01-2005,RELIANCE,514,518.4,511.2,513.7,510.85,3254090,1674987843,0.557893707
21-09-2018,RELIANCE,1219,1237.4,1183.5,1217.5,1210.75,19070172,23328775723,0.557505678
08-11-2010,RELIANCE,1113.9,1119,1100.55,1111.85,1105.7,5112060,5681668024,0.556208737
07-01-2019,RELIANCE,1107,1118.45,1101,1104.75,1098.65,5513559,6121831037,0.555226869
01-07-2015,RELIANCE,1001,1010.45,1001,1005.65,1000.1,3388578,3410490409,0.554944506
01-03-1999,RELIANCE,145,146.5,141.7,145,144.2,12638150,1824869090,0.554785021
22-11-2022,RELIANCE,2545,2568.5,2536.5,2565.05,2550.9,3051201,7801736581,0.554706182
09-12-1994,RELIANCE,360,365,358.5,363,361,48600,17618050,0.55401662
15-11-2019,RELIANCE,1465.65,1486.8,1463.15,1470.85,1462.75,7173674,10594340066,0.553751495
16-01-2019,RELIANCE,1135,1145,1130.35,1135.9,1129.65,6382777,7270322619,0.553268712
08-02-2024,RELIANCE,2900,2918.95,2855.05,2900.25,2884.3,7347317,21181603385,0.552993794
18-04-2000,RELIANCE,297.1,308.9,294,300.05,298.4,8775778,2656884796,0.552949062
21-09-2005,RELIANCE,780,785,750,782.25,777.95,11453566,8837851892,0.552734752
09-01-2019,RELIANCE,1112,1117,1098.7,1110.75,1104.65,5766805,6404322207,0.552211108
07-08-2015,RELIANCE,979,994,977.15,984.35,978.95,1967847,1942936633,0.55161142
12-04-2013,RELIANCE,767,780.4,765,775.35,771.1,2594372,2009093655,0.55116068
29-01-2020,RELIANCE,1474.05,1494.4,1464.05,1479.85,1471.75,11313297,16736172828,0.550365211
11-06-2007,RELIANCE,1800,1800,1660.25,1666.15,1657.05,2155325,3620328217,0.549168703
09-04-2018,RELIANCE,912.55,919,912.55,916,911,3572251,3272222860,0.54884742
08-12-2000,RELIANCE,338,341.9,337.15,339.4,337.55,4262617,1448724000,0.548066953
30-08-2019,RELIANCE,1245.5,1254.4,1221,1248.55,1241.75,11308120,13993833783,0.547614254
31-03-2009,RELIANCE,1535,1551.95,1515,1524.75,1516.45,5714483,8789213982,0.547330937
02-02-2006,RELIANCE,709.9,715.9,701,708.65,704.8,5022425,3552015441,0.546254257
16-02-1999,RELIANCE,118.45,120.55,118.1,119.8,119.15,4781050,571634885,0.545530843
14-06-2018,RELIANCE,997.45,1011.8,987.4,1007.95,1002.5,5484867,5491573757,0.543640898
02-09-1996,RELIANCE,212.1,213.45,211.1,212.7,211.55,4216750,895814687.5,0.543606712
08-05-1996,RELIANCE,244,253.5,241,249.95,248.6,28050450,6902089255,0.54304103
29-03-1995,RELIANCE,268.5,270.85,265.8,269.25,267.8,269800,72298345,0.541448842
25-05-2018,RELIANCE,916,923.4,914.45,920.8,915.85,8129520,7481573041,0.54048152
04-01-2019,RELIANCE,1097.4,1104.45,1081.1,1098.65,1092.75,8465141,9252946937,0.539922215
20-10-2006,RELIANCE,1205.8,1219.3,1200,1203.55,1197.1,3792624,4595990535,0.538802105
13-06-2005,RELIANCE,566.9,599.9,560.65,569.6,566.55,3260828,1843822939,0.53834613
22-05-1996,RELIANCE,244,245.2,242.05,242.8,241.5,11401300,2780859038,0.538302277
10-02-2016,RELIANCE,951.7,973,948.65,962.65,957.5,3859250,3714199986,0.537859008
10-02-2016,RELIANCE,951.7,973,948.65,962.65,957.5,3859250,3714199986,0.537859008
01-01-1996,RELIANCE,205,206.1,203.65,205.75,204.65,3717450,763051385,0.537503054
19-12-2017,RELIANCE,923.6,927,920,925.95,921,4064982,3757097202,0.537459283
06-05-2011,RELIANCE,953,960,949.1,955.05,949.95,2952486,2817472690,0.536870362
08-09-2012,RELIANCE,793.5,799,793.2,796,791.75,166487,132422241.1,0.536785602
13-06-2018,RELIANCE,1000,1005.9,989.5,1002.5,997.15,5926020,5921557586,0.536529108
01-08-2018,RELIANCE,1190.4,1202.9,1185.4,1192.35,1186,9704295,11582816350,0.535413153
18-09-1995,RELIANCE,262,263.4,261.1,262.9,261.5,472650,124079062.5,0.535372849
23-04-2020,RELIANCE,1367.35,1385.85,1353.3,1370.9,1363.6,29928331,40974916121,0.535347609
05-09-2023,RELIANCE,2420,2433.95,2412.45,2423.6,2410.7,4337938,10511762468,0.535114282
22-08-2000,RELIANCE,338.5,342.25,336.7,338.3,336.5,2848531,966727441.1,0.534918276
16-10-1997,RELIANCE,404.95,413.3,399.6,404.35,402.2,16183450,6535487193,0.53455992
22-05-2023,RELIANCE,2435,2466,2432.35,2455,2441.95,3431208,8426266009,0.534408976
07-11-2022,RELIANCE,2591,2610.3,2574,2606.6,2592.75,5440967,14124430758,0.534181853
31-03-2005,RELIANCE,545.1,553.4,543.55,546.05,543.15,6305110,3461293256,0.533922489
29-05-2013,RELIANCE,840.5,849.8,833.45,847.9,843.4,5886563,4954075368,0.53355466
29-03-2007,RELIANCE,1364,1369,1346,1357.2,1350,2648059,3596518197,0.533333333
13-03-2006,RELIANCE,731.5,741.25,731,735.35,731.45,3966001,2921056057,0.533187504
13-07-2016,RELIANCE,1005.2,1016.7,1004.15,1008.75,1003.4,3409386,3446506826,0.533187164
14-02-2011,RELIANCE,906.1,918.25,894.1,914.8,909.95,6890857,6252861727,0.532996318
26-12-2014,RELIANCE,886.6,892.65,880.1,888.85,884.15,1117804,989726637.5,0.531584007
16-04-2003,RELIANCE,284.9,285.35,280.4,283.8,282.3,3023338,857238512.7,0.531349628
18-08-2017,RELIANCE,1564,1577.8,1553.15,1575.4,1567.1,1814011,2846062732,0.529640738
27-03-1998,RELIANCE,179.1,180.75,178.25,180.4,179.45,6087650,1094181250,0.529395375
07-12-2017,RELIANCE,930.05,936,923,931.55,926.65,5529565,5135253669,0.528786489
05-07-1995,RELIANCE,264,264,256,256.7,255.35,1325900,345230930,0.528686117
04-09-2001,RELIANCE,312.9,316.4,308.65,314.35,312.7,1597075,499379287.8,0.527662296
04-10-1996,RELIANCE,190.75,192.25,186.25,190.7,189.7,6429800,1214065158,0.527148129
21-05-2020,RELIANCE,1435,1461.45,1425,1441.25,1433.7,18077196,26102458753,0.526609472
16-06-2008,RELIANCE,2350,2350,2262.2,2282.35,2270.4,3163129,7245848082,0.526338971
18-08-1995,RELIANCE,268.5,268.75,266.2,268,266.6,586800,157046165,0.525131283
10-08-2021,RELIANCE,2082,2113,2073.75,2088.05,2077.15,5500708,11524960575,0.52475748
24-07-2024,RELIANCE,2970,3019,2952.8,2991.4,2975.8,5956681,17796651408,0.524228779
06-07-2010,RELIANCE,1065.5,1081.9,1065.5,1073.9,1068.3,2115540,2274813020,0.524197323
26-07-2005,RELIANCE,685,692.4,680.2,691.15,687.55,4407445,3029506107,0.523598284
02-09-2005,RELIANCE,725,732.6,720.1,730.5,726.7,4968560,3612036682,0.522911793
05-09-2000,RELIANCE,357,359.6,352.25,355.75,353.9,3634270,1292151153,0.522746539
26-04-2002,RELIANCE,287.5,290.9,285.6,288.5,287,1129707,325965001.7,0.522648084
17-08-2022,RELIANCE,2665,2676.9,2655.55,2665.15,2651.3,3044037,8115922559,0.522385245
17-01-2022,RELIANCE,2538,2565,2537,2552.25,2539,3708822,9476427091,0.521859
21-06-2021,RELIANCE,2203.5,2247.5,2200.15,2237.25,2225.65,5624044,12516852292,0.521196055
14-02-1995,RELIANCE,269.8,274,265.1,270.05,268.65,200400,54331950,0.521124139
08-11-2023,RELIANCE,2332,2341,2321.75,2335.9,2323.8,3942247,9208287625,0.520698855
13-07-2015,RELIANCE,1001.8,1012.5,995.15,1007,1001.8,2253887,2264214365,0.519065682
16-01-2004,RELIANCE,585,586.8,572,581.1,578.1,8057492,4665010083,0.51894136
28-05-1999,RELIANCE,156.5,156.85,146.1,155,154.2,13357457,2022022741,0.518806744
13-02-2007,RELIANCE,1356,1385,1342,1366,1358.95,1443752,1974156268,0.518782884
05-06-2000,RELIANCE,337.7,351.85,336.4,339.2,337.45,10843536,3745731060,0.518595347
20-12-2001,RELIANCE,308.5,312,302.6,310.3,308.7,1761020,541050253.8,0.518302559
04-10-2016,RELIANCE,1093.05,1108.3,1092,1096.35,1090.7,2997544,3299004036,0.518015953
21-07-2010,RELIANCE,1058.9,1063,1055.65,1058.4,1052.95,2245764,2378216423,0.517593428
14-03-2016,RELIANCE,1019.1,1026.4,1012.95,1019.75,1014.5,2715590,2765572642,0.517496304
09-05-2002,RELIANCE,292.5,294.75,289.25,291.45,289.95,1212407,352853016.1,0.517330574
02-07-2015,RELIANCE,1009,1019.75,1007.1,1010.85,1005.65,3641605,3691405556,0.517078506
04-01-2024,RELIANCE,2588,2609.85,2579.1,2596.65,2583.3,4806389,12483971503,0.516780862
17-09-2001,RELIANCE,252.25,265.5,241,262.65,261.3,7144868,1827190691,0.516647532
31-10-2007,RELIANCE,2768,2818.5,2754,2783.8,2769.5,4153087,11574056397,0.516338689
27-10-1995,RELIANCE,242.4,245,234.25,243.65,242.4,5282750,1272634963,0.515676568
11-11-1997,RELIANCE,174.1,177.35,173.55,175.45,174.55,4390400,770532332.5,0.515611573
05-06-2002,RELIANCE,273,277.5,272,274.4,273,1892112,519067278,0.512820513
16-01-1998,RELIANCE,157.3,158,155.55,157.2,156.4,3459750,543143985,0.511508951
20-07-2016,RELIANCE,1019.95,1028.3,1016.55,1023,1017.8,2803645,2866191225,0.510905875
19-12-2016,RELIANCE,1055,1066.95,1054.35,1062.55,1057.15,3430950,3649521700,0.510807359
24-08-2004,RELIANCE,452.55,458.7,450.65,453.55,451.25,7285154,3313733302,0.509695291
05-10-2006,RELIANCE,1160,1164.4,1150.6,1154.9,1149.05,4079358,4723865073,0.509116226
16-04-2015,RELIANCE,924.5,938,919,928.35,923.65,4612192,4280290136,0.508850755
25-09-2017,RELIANCE,815,827.95,805.2,821.55,817.4,6505309,5321937993,0.507707365
17-04-2023,RELIANCE,2424.95,2424.95,2349.05,2367.45,2355.5,8274452,19623493252,0.507323286
20-08-2024,RELIANCE,2994.45,3007.85,2980.05,2991.9,2976.8,4205904,12605024714,0.507256114
16-09-2015,RELIANCE,872.1,877.35,865.2,872.55,868.15,3068686,2676215514,0.506824857
26-12-2023,RELIANCE,2568,2591.95,2562.7,2578.05,2565.05,3732832,9630262624,0.506812733
15-10-2012,RELIANCE,819,829.9,819,823.05,818.9,2555825,2106194222,0.506777384
12-03-2010,RELIANCE,1015,1033,1014,1021.6,1016.45,5105006,5229936135,0.506665355
03-09-2015,RELIANCE,854.05,860.75,844.4,853.85,849.55,2665275,2271930327,0.506150315
21-12-2016,RELIANCE,1060.1,1067.3,1057.2,1063.25,1057.9,4655758,4940302653,0.505718877
09-06-2011,RELIANCE,947.5,957.85,947,954,949.2,2092020,1995063456,0.505689001
29-06-2007,RELIANCE,1700,1711,1689,1700.55,1692,2635833,4481927963,0.505319149
01-08-2000,RELIANCE,336,341.9,335.6,338.5,336.8,3732876,1264787114,0.504750594
28-08-2014,RELIANCE,994.6,1004,994.6,998.7,993.7,3637682,3634730975,0.503169971
15-07-2004,RELIANCE,420.7,424.4,415.25,420.1,418,7458953,3133005008,0.502392344
23-09-2024,RELIANCE,2982,3003,2977.9,2986.75,2971.85,4416157,13208420985,0.5013712
21-03-2024,RELIANCE,2905.05,2915.8,2889.35,2901.95,2887.5,6503468,18882974161,0.5004329
21-03-2024,RELIANCE,2905.05,2915.8,2889.35,2901.95,2887.5,6503468,18882974161,0.5004329
13-09-2023,RELIANCE,2440,2462.65,2426.25,2451.05,2438.85,6401669,15695491696,0.500235767
14-02-2002,RELIANCE,312.4,316.4,310.1,311.55,310,2006829,626714086.7,0.5
26-04-2018,RELIANCE,973,988,962.25,975.35,970.5,15588001,15231697346,0.499742401
03-09-2001,RELIANCE,311,315,311,312.7,311.15,1154757,361336390.5,0.498152017
19-04-2023,RELIANCE,2339.05,2357.9,2332.2,2352,2340.35,5664207,13298039126,0.497788792
15-09-2015,RELIANCE,862,870,855.6,868.15,863.85,2630944,2274316209,0.497771604
25-10-2007,RELIANCE,2605,2667.8,2592.2,2628.05,2615.05,4181650,11048043580,0.497122426
18-05-2012,RELIANCE,676.9,696.4,675,688.55,685.15,2363960,1622361191,0.496241699
12-10-2015,RELIANCE,888,901.6,888,891.75,887.35,1420049,1270670776,0.495858455
01-11-2024,RELIANCE,1333.05,1341.95,1333,1338.65,1332.05,2127335,2848264120,0.495476897
13-11-2015,RELIANCE,915.05,938.55,914.5,933.05,928.45,3127549,2906624223,0.495449405
21-02-2008,RELIANCE,2510,2541,2461.4,2496.3,2484,1607483,4017850881,0.495169082
29-12-2015,RELIANCE,1010.4,1018.7,1007.15,1015.4,1010.4,3409060,3457505612,0.494853523
11-04-2023,RELIANCE,2334,2341,2324.05,2336.35,2324.85,4865301,11351255128,0.494655569
11-05-2011,RELIANCE,954,958.4,943.5,955.45,950.75,1873699,1782396000,0.494346568
04-03-2011,RELIANCE,984.65,994.8,978.1,982.2,977.4,3524743,3472827458,0.491098834
07-10-2021,RELIANCE,2595,2598.75,2567.7,2572.4,2559.85,2924370,7554440823,0.490263101
13-09-2011,RELIANCE,813.2,824.75,796.75,810.25,806.3,5806114,4714478709,0.4898921
05-08-2013,RELIANCE,860,872.9,855.75,861.55,857.35,2870806,2483385537,0.489881612
28-02-1996,RELIANCE,229.25,231.8,225.5,226,224.9,15274700,3492831485,0.489106269
28-07-2015,RELIANCE,1008.3,1016.7,1000.1,1010.25,1005.35,3059101,3090683254,0.48739245
11-05-2007,RELIANCE,1551,1600,1531.25,1589.1,1581.4,3365965,5318566117,0.486910333
16-05-2003,RELIANCE,269,269.8,266.9,268.65,267.35,2180439,585086338.3,0.486253974
16-05-2008,RELIANCE,2631,2648,2603,2635.7,2622.95,1933723,5073410588,0.486093902
02-08-2010,RELIANCE,1016,1021.8,1011.4,1014.55,1009.65,2897730,2943368305,0.485316694
01-11-2005,RELIANCE,777,779.9,762.25,766.2,762.5,1681989,1291740348,0.485245902
16-12-2005,RELIANCE,850,854,842.1,849.35,845.25,4827054,4089486422,0.485063591
11-10-2012,RELIANCE,819,822,809.3,819.95,816,2710338,2212492659,0.484068627
20-10-2010,RELIANCE,1039.4,1064.4,1038,1049.45,1044.4,4167720,4382081018,0.483531214
22-12-2014,RELIANCE,902,906.8,891,904.9,900.55,1898416,1705977399,0.483038143
03-05-2001,RELIANCE,341,348.8,339.65,343.95,342.3,2340189,803775152.9,0.482033304
05-10-2001,RELIANCE,249,257,243.6,250.65,249.45,5101125,1261356784,0.481058328
26-08-2002,RELIANCE,250.05,252.8,249.2,250.95,249.75,1648160,413990262,0.48048048
21-05-2001,RELIANCE,372,381.5,371.6,376.65,374.85,2904191,1098101963,0.480192077
13-03-2002,RELIANCE,293,298.6,292,293.65,292.25,2769786,818487505.7,0.479041916
17-10-2023,RELIANCE,2356,2359.7,2341.3,2355.25,2344.05,3964090,9317649592,0.477805508
28-12-2018,RELIANCE,1125.5,1135.25,1121.2,1125.55,1120.2,7666016,8661012961,0.477593287
01-01-2025,RELIANCE,1214.85,1226.3,1211.6,1221.25,1215.45,5892590,7194899836,0.477189518
26-02-2018,RELIANCE,939,944.9,936.6,938.7,934.25,3856478,3630113759,0.476317902
02-01-2008,RELIANCE,2855,2884,2811.3,2861.75,2848.25,3117451,8872285305,0.473975248
03-10-2019,RELIANCE,1286,1314.7,1281.3,1311.05,1304.9,6183107,8071137690,0.471300483
16-12-1999,RELIANCE,224,226.05,222.05,223.85,222.8,2160428,485225650.6,0.471274686
19-04-2007,RELIANCE,1465.25,1499.5,1460.6,1492.35,1485.35,2200255,3267232100,0.471269398
26-08-1997,RELIANCE,341,346.4,339.35,341.55,339.95,9893000,3388539885,0.47065745
17-10-1997,RELIANCE,406,413.65,403.8,406.25,404.35,14972600,6109636320,0.469889947
22-05-1998,RELIANCE,181.5,182.5,180,181.85,181,4451000,807827845,0.46961326
18-08-2016,RELIANCE,1016,1023.65,1016,1018.05,1013.3,1771449,1805112795,0.46876542
27-07-2020,RELIANCE,2178.8,2198.8,2127.9,2156.2,2146.15,37060949,80410276312,0.468280409
18-01-2024,RELIANCE,2702.8,2742,2702.5,2735.9,2723.15,5139719,14005371080,0.468207774
05-01-2022,RELIANCE,2462,2477,2432.95,2469.6,2458.1,5373618,13195934863,0.467841015
28-03-2023,RELIANCE,2245,2256.5,2237,2248,2237.55,5804018,13039373593,0.46702867
29-09-2023,RELIANCE,2341.8,2369.1,2334.1,2345,2334.1,6171007,14507525912,0.466989418
14-12-2018,RELIANCE,1103.1,1114.9,1091.8,1112.2,1107.05,7221324,7994694822,0.465200307
11-10-2007,RELIANCE,2659,2659,2582.4,2630.55,2618.4,4903126,12861962668,0.464023831
27-06-2006,RELIANCE,993,1010.9,979.55,985.75,981.2,12507571,12436233746,0.463717896
02-04-2002,RELIANCE,300.5,304.25,300.5,303.55,302.15,1501937,455094693.8,0.46334602
01-09-2006,RELIANCE,1115,1128.4,1115,1122.5,1117.35,2145745,2410788671,0.460911979
09-07-2001,RELIANCE,324,330,316.1,327.2,325.7,2564180,830756287.7,0.460546515
28-12-2020,RELIANCE,2006.7,2018,1995.3,2003.3,1994.15,7947719,15948771620,0.458842113
19-04-2018,RELIANCE,939.1,945,935,942.3,938,4481413,4218134286,0.458422175
27-02-2008,RELIANCE,2605,2638,2570.05,2588.45,2576.65,2665462,6946716641,0.457958978
17-12-2020,RELIANCE,1984.5,2005,1977.15,1985.6,1976.55,9346460,18593553237,0.457868508
19-05-2021,RELIANCE,1980,2016.45,1972,1997.05,1987.95,7530294,15049677721,0.457757992
03-09-1997,RELIANCE,344.5,346.45,338.5,340.25,338.7,9627150,3298940188,0.457632123
21-11-2002,RELIANCE,275.25,277,273.3,274.7,273.45,4353172,1196750256,0.45712196
17-05-2000,RELIANCE,320.9,328.4,316.25,318.85,317.4,7802567,2529421714,0.456836799
12-06-2024,RELIANCE,2915,2952,2910.35,2926.65,2913.35,5040871,14789562953,0.456519127
10-05-2018,RELIANCE,980,984.6,974.25,981.15,976.7,4014645,3937024260,0.455615849
13-12-2022,RELIANCE,2613.1,2633,2606.7,2625,2613.1,3845839,10083940253,0.455397803
01-06-2009,RELIANCE,2330,2330,2256.15,2282.2,2271.9,2977383,6814553231,0.453365025
08-09-2006,RELIANCE,1130,1134.45,1112.5,1130.8,1125.7,4495580,5049584520,0.453051435
05-08-2002,RELIANCE,245,245.6,241.8,243.95,242.85,2169109,529139081,0.452954499
15-10-2019,RELIANCE,1362.5,1370,1354.3,1364.15,1358,4422075,6033214999,0.45287187
20-02-2025,RELIANCE,1223.95,1239.35,1222,1233,1227.45,7795582,9619277167,0.452156911
19-02-2016,RELIANCE,940,952.75,937.35,944.35,940.1,2339664,2209778479,0.452079566
18-06-2021,RELIANCE,2225.5,2235,2184.35,2225.65,2215.65,13553801,30041725160,0.451334823
13-06-2016,RELIANCE,969.9,983.45,963.05,981.1,976.7,2334856,2273535313,0.45049657
04-08-1995,RELIANCE,263,269.25,261,268.1,266.9,2902700,769907770,0.449606594
28-12-1999,RELIANCE,224.9,226.4,222,223.65,222.65,4062951,908829532.5,0.449135414
02-06-2011,RELIANCE,936.55,954.7,936.55,951.05,946.8,2152963,2039039458,0.448880439
19-05-2015,RELIANCE,891.25,904.75,886.6,895.55,891.55,3317436,2969945397,0.448656834
05-04-2006,RELIANCE,843,845,835,840.5,836.75,4564004,3828055867,0.448162534
15-01-2014,RELIANCE,884.7,895,881,885.45,881.5,2893960,2574946741,0.44809983
15-07-1997,RELIANCE,348.75,351.4,345.5,347.65,346.1,9647900,3358469953,0.447847443
10-08-2023,RELIANCE,2524.95,2550,2508.45,2536.45,2525.2,7735299,19595355860,0.445509267
18-09-2017,RELIANCE,850,851.05,843.1,845.55,841.8,2314174,1960493731,0.445473984
23-08-1995,RELIANCE,274,274.5,267,270.85,269.65,1075900,291275895,0.445021324
09-05-2011,RELIANCE,960,966.05,951.4,959.3,955.05,1831616,1756472846,0.445002879
02-04-2003,RELIANCE,282.55,286,281,282.3,281.05,2499790,709251960.7,0.444760719
28-12-1994,RELIANCE,340.5,340.5,339.25,339.25,337.75,7650,2598205,0.44411547
01-07-2016,RELIANCE,972.75,976.8,970,973.45,969.15,1510979,1470225446,0.443687768
10-09-2004,RELIANCE,485,488.75,482.15,487.85,485.7,2856105,1387030989,0.442660078
10-10-2023,RELIANCE,2306.55,2317.9,2303.75,2308.4,2298.25,5118016,11817666202,0.441640379
27-06-2016,RELIANCE,940.5,958.4,940.5,955.65,951.45,2094599,1997741765,0.441431499
03-02-2000,RELIANCE,342,343.5,336.4,341.65,340.15,6771527,2303446781,0.44098192
12-04-2023,RELIANCE,2336.35,2367.8,2330.05,2346.65,2336.35,8389646,19695262388,0.440858604
14-09-1995,RELIANCE,261.45,263.9,260.75,262.15,261,606850,159382795,0.440613027
11-05-2012,RELIANCE,693,703,688.3,697.2,694.15,3042510,2119320202,0.4393863
02-09-2024,RELIANCE,3021.75,3053.6,3013.25,3032.5,3019.25,5620426,17052933371,0.438850708
09-09-2008,RELIANCE,2145,2159,2086.55,2142.55,2133.2,1970535,4183182522,0.438308644
10-07-1997,RELIANCE,368,372,364.5,367.05,365.45,12326050,4553882015,0.437816391
06-08-2014,RELIANCE,984.9,998.6,979.5,988.15,983.85,3739249,3700129758,0.437058495
26-12-2003,RELIANCE,531.15,532.7,527.25,530.2,527.9,3439245,1822698238,0.435688577
04-05-2004,RELIANCE,535.9,633.05,529.1,530.75,528.45,4785838,2557466087,0.435235122
28-04-2021,RELIANCE,1997.85,2008,1980.15,1997.3,1988.65,7902002,15785076088,0.434968446
02-03-2010,RELIANCE,985,999,979.4,983.2,978.95,4162636,4107493169,0.434138618
24-11-2017,RELIANCE,950,959.5,947.4,951.1,947,6394443,6091020187,0.432946146
10-02-2006,RELIANCE,715,723.55,715,719.6,716.5,5166270,3703092083,0.432658758
10-02-2006,RELIANCE,715,723.55,715,719.6,716.5,5166270,3703092083,0.432658758
02-05-2016,RELIANCE,979,992.4,978,986.95,982.7,2427753,2395582308,0.432481938
21-09-2021,RELIANCE,2405,2416.6,2384,2404.7,2394.35,4576111,10991510852,0.43226763
29-10-2015,RELIANCE,936,945,934.95,941,936.95,3035672,2854567952,0.432253589
24-07-2001,RELIANCE,301.2,316.5,301.2,314.35,313,992324,311678592.4,0.431309904
03-03-2014,RELIANCE,800.1,806.8,797.15,803.4,799.95,2659675,2134976241,0.431276955
07-03-2019,RELIANCE,1264,1279.8,1258.15,1270.25,1264.8,8109259,10312571023,0.430898166
19-07-2005,RELIANCE,664,671.8,661.1,664.65,661.8,5288380,3520322810,0.430643699
20-07-2020,RELIANCE,1917.8,1932,1899.65,1919.9,1911.7,16887752,32372604466,0.428937595
08-10-1996,RELIANCE,186.1,190,181.55,187.8,187,7023050,1301751885,0.427807487
16-09-2005,RELIANCE,763.95,767.85,755.95,764.05,760.8,3903180,2975616277,0.427181914
03-05-2006,RELIANCE,1031.2,1042,1021.1,1035.55,1031.15,2673389,2759473498,0.426708044
08-11-2011,RELIANCE,879,885,868.5,883.7,879.95,2313308,2032228122,0.426160577
28-02-2018,RELIANCE,945.95,957.1,943.2,954.55,950.5,25898694,24689973325,0.426091531
01-02-2017,RELIANCE,1046.1,1050.9,1035.2,1049.65,1045.2,2585798,2701805551,0.425755836
05-01-2024,RELIANCE,2602.9,2619.85,2598,2607.7,2596.65,4043203,10539886698,0.425548303
19-09-2024,RELIANCE,2932.5,2953,2911.1,2939.35,2926.9,8477951,24875502062,0.42536472
13-10-2017,RELIANCE,879.3,890.7,873.35,876.45,872.75,9833512,8657585192,0.423947293
01-08-2012,RELIANCE,740.25,750.9,738.6,746.75,743.6,3298891,2461261132,0.423614847
29-10-2024,RELIANCE,1328.1,1343.2,1320.3,1340,1334.35,12008361,15988683034,0.423427137
07-10-2022,RELIANCE,2414.65,2443.9,2414.65,2432.35,2422.1,3560167,8657940132,0.423186491
28-10-2013,RELIANCE,888,904.85,887.85,890.75,887,3514321,3155152776,0.422773393
11-08-2023,RELIANCE,2532.45,2558.85,2512.35,2547.15,2536.45,11089665,28118225499,0.421849435
14-02-1997,RELIANCE,272,275,271.75,274,272.85,5155050,1412393103,0.421477002
25-11-2002,RELIANCE,284.5,291.7,281.75,286.55,285.35,9464779,2728934259,0.420536184
17-02-1997,RELIANCE,277.5,280,273.5,275.15,274,8347150,2308221413,0.419708029
13-07-1995,RELIANCE,265,265.25,262.75,263.85,262.75,354750,93665482.5,0.418648906
16-07-2013,RELIANCE,887,904.45,883.05,900.6,896.85,2965797,2658509347,0.418130122
17-02-2023,RELIANCE,2420,2447.5,2410.6,2440.2,2430.05,5450092,13260980981,0.417686879
30-07-2015,RELIANCE,1000.1,1008,992.3,1000.15,996,2674704,2675840716,0.416666667
08-09-1995,RELIANCE,263.5,266.05,263.25,265.3,264.2,981250,259941522.5,0.416351249
15-09-2021,RELIANCE,2368.5,2395.75,2368.5,2378.3,2368.45,4186300,9965045383,0.415883806
01-11-2023,RELIANCE,2289.15,2317.5,2275.2,2297.4,2287.9,5154595,11865133916,0.415227938
12-02-2001,RELIANCE,396.25,406.4,395.25,400.55,398.9,6589212,2654665744,0.413637503
21-04-2003,RELIANCE,280,282,277,279.3,278.15,2161877,604640061.5,0.413445982
14-10-1999,RELIANCE,243,249.7,242.05,243.1,242.1,6766578,1661838541,0.413052458
25-05-2009,RELIANCE,2200,2215,2154,2194.75,2185.75,3104057,6771678458,0.411757978
19-11-2013,RELIANCE,875,884.9,875,878.35,874.75,1928073,1697427670,0.411546156
28-01-2025,RELIANCE,1238,1244.75,1218.5,1234.4,1229.35,10568025,13026673067,0.410786188
07-02-2007,RELIANCE,1398,1399.8,1381.25,1394.9,1389.2,1527047,2125872247,0.410308091
12-12-2002,RELIANCE,293,294.55,290.15,293.85,292.65,4006333,1171358101,0.41004613
21-01-2015,RELIANCE,905,911.4,892.05,906.75,903.05,3905183,3529238452,0.409722607
29-01-2008,RELIANCE,2645,2645,2540.35,2576.9,2566.4,1988599,5144281018,0.409133416
16-08-2004,RELIANCE,474.15,481.35,471.35,478.85,476.9,5008536,2381193635,0.408890753
05-02-2003,RELIANCE,279.7,284,277.65,282.55,281.4,3363936,942942029.9,0.408670931
13-12-2023,RELIANCE,2422,2438.35,2406.3,2433.95,2424.05,5015591,12149635537,0.408407417
24-07-2006,RELIANCE,962,975,941.5,971.5,967.55,5322776,5121200897,0.408247636
25-05-2004,RELIANCE,453,459.9,436.65,455.7,453.85,8006622,3575282533,0.407623664
25-09-2012,RELIANCE,838,844.8,830.25,839.75,836.35,3163188,2655584592,0.406528367
09-09-2005,RELIANCE,740,745,734.6,741.65,738.65,4094641,3035278716,0.406146348
03-08-2012,RELIANCE,735,748,730.55,742.55,739.55,2501572,1848972033,0.405652086
13-02-2013,RELIANCE,884,888,872.5,879,875.45,2407720,2123037548,0.40550574
21-11-2016,RELIANCE,987.55,993.55,983.2,991.5,987.5,3024712,2991285792,0.405063291
27-03-2025,RELIANCE,1278.15,1285,1271.3,1278.2,1273.05,15028056,19219399903,0.404540277
24-06-2020,RELIANCE,1735.9,1772.7,1711.7,1727.85,1720.9,23808524,41418523475,0.403858446
01-02-2001,RELIANCE,383.5,388.6,372.7,386.15,384.6,12741600,4865758224,0.403016121
31-10-2018,RELIANCE,1059,1065.85,1047,1061.25,1057,16457691,17437021868,0.402081362
22-05-2017,RELIANCE,1326.5,1333.6,1315.2,1324.15,1318.85,2011859,2661318293,0.401865261
24-09-2010,RELIANCE,1000,1009,992.1,1001.65,997.65,5181769,5193191386,0.400942214
31-01-2006,RELIANCE,708.4,719.8,708.4,713.9,711.05,6209049,4436499144,0.400815695
03-01-2018,RELIANCE,925,926,913.05,914.8,911.15,6175312,5681898483,0.400592658
14-10-2019,RELIANCE,1364.95,1364.95,1350.85,1358,1352.6,6123412,8317237659,0.39923111
26-09-2016,RELIANCE,1103.4,1129.55,1100.25,1107.2,1102.8,8734943,9771217522,0.398984403
16-12-2016,RELIANCE,1052,1062,1052,1057.15,1052.95,3415537,3611399948,0.398879339
25-01-2002,RELIANCE,314.95,315,312,314.8,313.55,611098,192070231.6,0.398660501
18-05-2010,RELIANCE,1020,1033.45,1007.8,1020.6,1016.55,3530511,3607054190,0.398406375
01-06-2021,RELIANCE,2166,2202,2146.5,2168.9,2160.3,12928379,28138892609,0.398092857
12-08-2014,RELIANCE,986,986.95,976.35,984.4,980.5,2184401,2145221033,0.397756247
04-05-2011,RELIANCE,945,956.75,940,947.65,943.9,2667162,2531816960,0.397287848
25-11-1994,RELIANCE,381,384,378,379.5,378,36900,14058137.5,0.396825397
23-04-1999,RELIANCE,127.25,128,123.5,126.5,126,5820422,732253513.8,0.396825397
12-03-2013,RELIANCE,850.5,854.5,843.55,847.85,844.5,1954963,1661573330,0.396684429
01-09-2021,RELIANCE,2273,2292.9,2263,2267.1,2258.15,5143640,11698056163,0.396342138
03-01-2017,RELIANCE,1089.85,1097,1081.1,1089.4,1085.1,1470751,1605682135,0.396276841
19-04-2024,RELIANCE,2913.55,2948,2886.05,2940.25,2928.65,7870889,23004385019,0.396086934
22-02-2013,RELIANCE,858.5,872,858,862.6,859.2,2223041,1924530730,0.395716946
11-05-1998,RELIANCE,189.55,191.25,189.15,190.75,190,1791250,341368472.5,0.394736842
04-12-2002,RELIANCE,293,294.35,286.8,292.5,291.35,9168904,2671633667,0.394714261
24-05-2018,RELIANCE,914,921,910.15,915.85,912.25,5317983,4873723841,0.394628665
27-07-2001,RELIANCE,303.5,307.95,300,306.05,304.85,1281491,391287581.3,0.393636215
27-10-2022,RELIANCE,2458,2468.45,2432.8,2451.15,2441.55,5774775,14141365856,0.393192849
03-07-2002,RELIANCE,267,273,266.1,268.15,267.1,2370174,639264657.8,0.393111194
31-12-2024,RELIANCE,1208,1219.1,1206.15,1215.45,1210.7,6405475,7770338354,0.392335013
03-09-2004,RELIANCE,472.8,474.9,468.6,473.8,471.95,3916033,1847608096,0.391990677
13-01-2010,RELIANCE,1088,1092,1068.6,1088.6,1084.35,3511078,3809736765,0.391939872
09-04-2019,RELIANCE,1328.9,1340.7,1321,1334.45,1329.25,9497621,12636159791,0.391198044
22-11-2023,RELIANCE,2375,2394.45,2372.2,2388.2,2378.9,4267407,10181003166,0.390936988
07-07-1997,RELIANCE,358,365.25,357.35,360.35,358.95,9823300,3559341020,0.390026466
11-10-2013,RELIANCE,865,868,854.3,863.35,860,2233967,1923721680,0.389534884
31-05-2024,RELIANCE,2862.6,2884.5,2844.5,2860.8,2849.7,15534916,44429352174,0.389514686
02-03-2012,RELIANCE,816.25,818,805.75,814.1,810.95,2900087,2357255951,0.388433319
18-08-2021,RELIANCE,2174,2186.8,2152.6,2172.65,2164.25,4650008,10091414053,0.388125217
03-06-2020,RELIANCE,1545,1560,1533.35,1541.65,1535.7,11713666,18082824556,0.387445465
20-03-2006,RELIANCE,776.7,780,770.5,778.05,775.05,2482378,1924381257,0.387071802
24-03-1995,RELIANCE,256,261.9,254.8,259.75,258.75,339350,87544082.5,0.38647343
26-11-2005,RELIANCE,844,848,842.15,845.9,842.65,791677,668946263.7,0.385688008
02-04-2001,RELIANCE,386.5,393.8,374.55,391.05,389.55,2789829,1070239804,0.385059684
25-05-1998,RELIANCE,179.5,184.35,179.1,182.55,181.85,5739850,1048801865,0.384932637
31-12-2021,RELIANCE,2373,2383.9,2360,2368.15,2359.1,4373768,10368136138,0.383620872
02-03-2005,RELIANCE,547,551.95,544.55,549.65,547.55,5196032,2847894746,0.383526619
14-11-2005,RELIANCE,795,803,786.1,798.45,795.4,3211746,2555642508,0.383454865
24-04-2023,RELIANCE,2375,2380.9,2348,2358,2349,5970048,14093509409,0.383141762
29-08-2007,RELIANCE,1854,1903.8,1845,1889.7,1882.5,2659196,5009209927,0.38247012
29-08-2007,RELIANCE,1854,1903.8,1845,1889.7,1882.5,2659196,5009209927,0.38247012
06-11-2001,RELIANCE,265,267,258.75,262.5,261.5,2407302,633276947,0.382409178
31-10-2000,RELIANCE,300.05,303.75,294.3,302.15,301,3035468,907967063,0.382059801
03-06-2021,RELIANCE,2221,2250,2196.1,2209.65,2201.25,11064116,24578878323,0.381601363
11-04-2016,RELIANCE,1037,1045.5,1033,1040.3,1036.35,2356318,2451516879,0.381145366
22-06-2001,RELIANCE,342,343.8,336.2,342.4,341.1,2226943,756027550.8,0.381119906
02-08-2022,RELIANCE,2572.5,2607.8,2561.55,2584.65,2574.85,6423115,16594994134,0.380604695
03-05-2004,RELIANCE,527,531.3,515.7,528.45,526.45,8237410,4316925054,0.379903125
03-12-1997,RELIANCE,158.9,161.25,157.2,158.65,158.05,7545100,1201569118,0.3796267
30-04-2025,RELIANCE,1402,1412.4,1369,1405,1399.7,25480745,35797220282,0.378652568
26-08-2013,RELIANCE,822.5,831.45,808.4,822.6,819.5,2266639,1857969221,0.378279439
07-12-2011,RELIANCE,807,819.5,803.2,809.8,806.75,3514150,2855726932,0.378060118
25-07-2018,RELIANCE,1110,1123,1104.2,1115.15,1110.95,5949680,6641092565,0.378054818
18-11-2021,RELIANCE,2460,2489,2450.05,2473.3,2464,3925345,9686386835,0.377435065
13-04-2023,RELIANCE,2353,2365.8,2342,2355.5,2346.65,5712541,13447564947,0.37713336
22-02-2007,RELIANCE,1415,1425.95,1400,1412.05,1406.75,3719836,5267850515,0.376754932
19-03-2008,RELIANCE,2250,2345,2145.15,2159.1,2151,3399737,7462378465,0.376569038
22-04-2015,RELIANCE,881.9,886.75,867,879.75,876.45,3374188,2962198095,0.376518912
17-09-1998,RELIANCE,119.7,122.4,119.1,120.25,119.8,9140400,1106003198,0.375626043
13-11-2012,RELIANCE,789.15,792.2,783.4,789.6,786.65,765533,604192861.6,0.375007945
23-12-2016,RELIANCE,1052,1068.95,1052,1057.3,1053.35,2346414,2486990080,0.374994067
28-08-2015,RELIANCE,875,883,866.1,872.4,869.15,2461890,2154137820,0.373928551
03-11-2022,RELIANCE,2529.85,2559.55,2525.05,2555.15,2545.65,3089026,7867209429,0.37318563
12-12-2019,RELIANCE,1570.25,1573.85,1556.65,1568.2,1562.4,4720977,7387206060,0.371223758
21-04-2016,RELIANCE,1041.4,1052,1035,1041.15,1037.3,2601436,2712047919,0.371155885
20-06-2007,RELIANCE,1726.55,1748.8,1722,1732.95,1726.55,1960094,3399917660,0.370681417
04-06-2005,RELIANCE,556,562.7,551.05,555.2,553.15,4034661,2247814070,0.370604718
08-11-2004,RELIANCE,544,549.35,541,542.35,540.35,4208643,2296010858,0.370130471
27-12-2024,RELIANCE,1218.3,1227.9,1217,1221.05,1216.55,7000397,8562895530,0.369898483
06-01-2009,RELIANCE,1360,1390,1331.25,1370.9,1365.85,6029600,8229200988,0.369733133
23-08-2000,RELIANCE,341.7,346,338.55,339.55,338.3,5423766,1858430740,0.369494531
23-12-2020,RELIANCE,1930,1951.45,1920.65,1943.85,1936.7,8999898,17443231403,0.369184696
06-10-2022,RELIANCE,2429,2450,2418.15,2422.1,2413.2,6162021,14996487082,0.368804906
10-06-2021,RELIANCE,2193.4,2230,2177.55,2183,2175,6532832,14368272855,0.367816092
18-11-2004,RELIANCE,545,549.6,538.6,545.75,543.75,6923035,3771264628,0.367816092
10-06-2021,RELIANCE,2193.4,2230,2177.55,2183,2175,6532832,14368272855,0.367816092
21-06-1995,RELIANCE,275.75,276.3,272.8,273.05,272.05,712750,195348992.5,0.367579489
09-06-2025,RELIANCE,1457,1457.5,1445.3,1448.8,1443.5,7885125,11433033632,0.367163145
29-12-2009,RELIANCE,1079,1089,1070,1080.25,1076.3,2782375,3009811852,0.366998049
29-03-2006,RELIANCE,796,797.8,787.25,793.75,790.85,1847797,1465846311,0.366694063
24-04-1998,RELIANCE,191.25,192.8,187.05,191.6,190.9,10176550,1935778290,0.366684128
13-01-2005,RELIANCE,525,525.75,518.5,520.1,518.2,5701722,2977707582,0.366653802
25-05-2017,RELIANCE,1300,1312.4,1296.45,1302.45,1297.7,5925335,7721842990,0.366032211
26-09-2014,RELIANCE,929,941.65,917.3,933.25,929.85,3635611,3381959237,0.365650374
03-03-2006,RELIANCE,715,718,708.25,715.75,713.15,4185425,2986560154,0.364579682
20-12-2007,RELIANCE,2715,2784,2691.9,2713.65,2703.8,2500665,6805041518,0.364302093
13-05-2003,RELIANCE,261.9,262.85,259.75,261.75,260.8,1702560,445327640.2,0.364263804
18-05-2022,RELIANCE,2539.65,2570,2508.25,2538.35,2529.15,7973235,20219114283,0.363758575
28-08-2012,RELIANCE,786.85,793.9,778.55,790.2,787.35,2005624,1575449015,0.361973709
28-08-2012,RELIANCE,786.85,793.9,778.55,790.2,787.35,2005624,1575449015,0.361973709
01-09-1995,RELIANCE,261,264.45,261,264.1,263.15,791050,208108002.5,0.36101083
11-05-2021,RELIANCE,1915,1938.55,1910,1933.15,1926.2,6220217,12001288654,0.360814038
29-11-1996,RELIANCE,181.9,183.3,180.3,181.3,180.65,3596550,654098440,0.359811791
06-08-2020,RELIANCE,2157,2167.7,2107.8,2134.1,2126.45,22762726,48702811222,0.35975452
04-09-2024,RELIANCE,3001.4,3035,2999,3029.1,3018.25,5991652,18114582556,0.359479831
08-03-2023,RELIANCE,2408.7,2419,2385,2417.35,2408.7,7283694,17532425276,0.359114875
27-05-2003,RELIANCE,279.1,284.4,278.3,280.45,279.45,3884253,1097019080,0.357845768
14-09-2007,RELIANCE,2035,2070.9,2028.25,2034.75,2027.5,2558842,5252349107,0.357583231
24-02-2006,RELIANCE,702,707.4,699,702.85,700.35,2401313,1687552269,0.356964375
23-01-2015,RELIANCE,890,897.8,877,886.9,883.75,4132897,3667065182,0.356435644
03-03-2003,RELIANCE,295,301.2,293.25,295.8,294.75,6568547,1954783504,0.356234097
03-06-2016,RELIANCE,960,962.9,955.85,959.65,956.25,1975712,1895977557,0.355555556
29-02-2024,RELIANCE,2930,2957.95,2909.05,2921.6,2911.25,11814488,34582493287,0.355517389
25-01-2001,RELIANCE,381.5,383.5,376.65,381.7,380.35,4489764,1710716316,0.354936243
24-02-2010,RELIANCE,970,985.7,966.65,978.8,975.35,2854453,2798417320,0.353719178
26-05-2021,RELIANCE,1975,1979.5,1965.3,1970.05,1963.15,3452113,6808700909,0.351475944
21-11-2005,RELIANCE,826,833.85,820.8,829.05,826.15,5147798,4264477231,0.351025843
29-06-2004,RELIANCE,440,447.25,434.55,443.25,441.7,6946267,3056832119,0.350916912
16-06-2017,RELIANCE,1389.1,1395.8,1369.3,1388.8,1383.95,7477157,10354166800,0.350446187
01-08-2011,RELIANCE,838,838,821.35,830.85,827.95,3255486,2697805115,0.350262697
18-11-2014,RELIANCE,985.45,997.7,985.2,988.65,985.2,3065433,3041262469,0.350182704
14-10-2014,RELIANCE,979,979,958.6,961.25,957.9,4360890,4216665725,0.349723353
26-12-2006,RELIANCE,1284.9,1284.9,1266,1277,1272.55,1647160,2102938969,0.349691564
11-09-2014,RELIANCE,1020.3,1030,1008,1019.4,1015.85,2427349,2468324035,0.349461042
08-05-1997,RELIANCE,300.9,302.4,299.4,301.85,300.8,3548150,1069202315,0.349069149
02-08-2019,RELIANCE,1175.7,1198.25,1162.1,1184.35,1180.25,10865385,12838863669,0.347384029
05-06-2017,RELIANCE,1326.25,1341,1315.85,1329.35,1324.75,2476706,3290662701,0.347235327
13-08-2004,RELIANCE,477,481,473,476.9,475.25,7400845,3535105036,0.347185692
29-05-2025,RELIANCE,1412.1,1420,1408.6,1417.8,1412.9,13771917,19483424682,0.346804445
17-04-2002,RELIANCE,291.85,292.4,288.65,290.05,289.05,938150,272334056.1,0.345960906
26-08-2005,RELIANCE,699.45,703.9,693.6,698.75,696.35,3624522,2535295180,0.344654269
24-05-2022,RELIANCE,2607,2638,2597.7,2615.85,2606.9,6243086,16353268082,0.343319652
25-08-2006,RELIANCE,1115,1125,1101,1110.65,1106.85,4796556,5337856888,0.343316619
09-05-1995,RELIANCE,249.4,252.6,245.4,248.5,247.65,839600,208453297.5,0.343226327
25-03-2004,RELIANCE,513.05,520.3,510.3,514.05,512.3,9611709,4964952578,0.341596721
27-12-2023,RELIANCE,2582,2599.9,2573.1,2586.85,2578.05,4602078,11903547788,0.341343263
27-12-2023,RELIANCE,2582,2599.9,2573.1,2586.85,2578.05,4602078,11903547788,0.341343263
08-03-2001,RELIANCE,413.45,420.15,409.05,413.4,412,4430539,1840978963,0.339805825
31-05-2007,RELIANCE,1755,1771.75,1747,1758.8,1752.85,1866498,3284009951,0.339447186
03-11-2006,RELIANCE,1290,1291.9,1268,1287.7,1283.35,3253964,4163580263,0.338956637
07-04-2016,RELIANCE,1034.9,1048,1022.1,1037.25,1033.75,2009055,2083849370,0.338573156
06-06-2011,RELIANCE,934.65,940.8,928.15,937.75,934.6,1405741,1314771187,0.337042585
30-12-2008,RELIANCE,1260.05,1273,1228.15,1250.5,1246.3,4507295,5636512121,0.336997513
08-07-2010,RELIANCE,1060,1069.55,1055.25,1057.1,1053.55,2737949,2908640234,0.336956006
14-09-2015,RELIANCE,861.75,865.7,851.9,863.85,860.95,1820453,1563528912,0.336837215
04-07-2006,RELIANCE,1070,1083.7,1068,1074.7,1071.1,3618844,3890670915,0.336103072
10-04-2006,RELIANCE,833,841.7,824.15,836.25,833.45,4603751,3835072061,0.335952967
28-09-2018,RELIANCE,1259.9,1271.7,1247.3,1257.95,1253.75,11073023,13951369741,0.334995015
11-12-1998,RELIANCE,120.1,120.3,118.9,119.85,119.45,5646250,675633692.5,0.334868146
24-10-2022,RELIANCE,2460,2502.5,2455.3,2479.85,2471.6,1555270,3859866818,0.333791876
18-01-1999,RELIANCE,136.9,136.9,129,135.5,135.05,14379850,1917357985,0.333209922
11-08-2022,RELIANCE,2603.1,2609.9,2580.2,2591.1,2582.5,3783480,9810722225,0.333010649
23-06-2015,RELIANCE,992.65,1002.7,991,995,991.7,3659045,3645558611,0.332761924
20-03-2014,RELIANCE,901.6,907.5,898.15,906,903,6791651,6150356376,0.332225914
05-03-1998,RELIANCE,165.5,171.9,164,166.75,166.2,8462300,1429295283,0.330926594
04-09-2003,RELIANCE,406.9,413,405.1,409.3,407.95,6333379,2594809431,0.330922907
29-05-1998,RELIANCE,165.85,171,158.5,166.85,166.3,15510800,2560379535,0.330727601
21-08-2001,RELIANCE,318,322.7,318,318.9,317.85,1852655,592711430.9,0.330344502
02-08-2016,RELIANCE,1008,1020,1006.3,1012.8,1009.5,1762408,1788291755,0.326894502
23-01-2013,RELIANCE,922.1,928.8,916.2,923.05,920.05,2674869,2466891970,0.326069235
30-06-2014,RELIANCE,1012.55,1020,1000,1015.4,1012.1,4721740,4774878814,0.326054738
01-12-2010,RELIANCE,985,997.4,983.05,988.8,985.6,4280638,4236846369,0.324675325
19-05-2023,RELIANCE,2434.05,2445.95,2418.85,2441.95,2434.05,3715280,9038204553,0.324561944
22-03-2003,RELIANCE,297,300.9,293.05,294.45,293.5,1023238,301692206.5,0.323679727
22-03-2003,RELIANCE,297,300.9,293.05,294.45,293.5,1023238,301692206.5,0.323679727
10-06-2019,RELIANCE,1320.9,1327,1310.1,1319.15,1314.9,5380148,7099110100,0.323218496
10-06-2019,RELIANCE,1320.9,1327,1310.1,1319.15,1314.9,5380148,7099110100,0.323218496
21-05-2025,RELIANCE,1423.9,1436.2,1418.1,1429.2,1424.6,6136364,8761209046,0.322897655
20-11-1995,RELIANCE,231.05,234.75,229.05,233.05,232.3,4247600,985748055,0.322858373
02-07-2024,RELIANCE,3139,3147,3114,3130.35,3120.3,3874623,12126429929,0.322084415
22-11-2006,RELIANCE,1279.9,1290.5,1272.3,1278.15,1274.05,1802105,2309215421,0.321808406
22-08-2014,RELIANCE,1000.1,1007,995.3,998.3,995.1,1959327,1961102510,0.321575721
29-09-2006,RELIANCE,1189.8,1189.8,1169.1,1171.75,1168,2026064,2378471166,0.321061644
10-02-2003,RELIANCE,280.7,282.9,279,281.65,280.75,2918920,820157625,0.320569902
10-02-2003,RELIANCE,280.7,282.9,279,281.65,280.75,2918920,820157625,0.320569902
05-01-2018,RELIANCE,921.8,926.9,920.25,923.25,920.3,3401905,3140379429,0.320547648
11-09-1995,RELIANCE,266,266.6,264.25,266.15,265.3,745200,198005985,0.320392009
09-05-2007,RELIANCE,1590,1600,1573.5,1598.25,1593.15,2307786,3661711147,0.320120516
08-12-2005,RELIANCE,850,852.2,835.25,846.15,843.45,4734900,3984119384,0.320113818
06-06-2003,RELIANCE,315,316.85,310.7,313.5,312.5,5565987,1746023816,0.32
05-09-1997,RELIANCE,345.5,347.35,342.1,345.4,344.3,8457300,2917989633,0.319488818
11-03-1996,RELIANCE,216,220.5,215.15,219.85,219.15,22531900,4900606830,0.319415925
24-12-2021,RELIANCE,2370,2392,2337.55,2372.8,2365.25,3639616,8592980568,0.319205158
15-05-2003,RELIANCE,266.65,268.4,265.1,267.35,266.5,1985716,530274951.2,0.318949343
23-03-2022,RELIANCE,2523,2564.85,2523,2539.2,2531.15,7135797,18171479956,0.318037256
13-10-2022,RELIANCE,2371.4,2394,2360.1,2382.8,2375.25,3382098,8047737069,0.317861278
23-12-2010,RELIANCE,1057.8,1064.7,1050.5,1059.4,1056.05,3335014,3531385432,0.317219829
03-07-2019,RELIANCE,1282.9,1286.5,1275.05,1282.55,1278.5,4026032,5159834855,0.316777474
24-02-2016,RELIANCE,944.9,958.55,942,952.65,949.65,3471311,3307166889,0.31590586
10-04-2013,RELIANCE,780.1,783.95,771.6,779.4,776.95,2786488,2167526885,0.315335607
01-09-2020,RELIANCE,2100,2122.4,2062.4,2087.25,2080.7,17821488,37279521465,0.314797905
30-09-1999,RELIANCE,239.65,250,237.8,239.75,239,16029645,3883738506,0.313807531
03-12-2004,RELIANCE,520.25,547.9,520.25,543.7,542,7448219,4037045052,0.313653137
08-11-2005,RELIANCE,795,795,782.5,790.45,788,4346779,3431850741,0.310913706
06-06-2002,RELIANCE,275,277,270.4,275.25,274.4,1813422,496306525.8,0.309766764
09-05-2023,RELIANCE,2475,2486.8,2463.25,2479.55,2471.9,2983468,7389873116,0.309478539
17-01-2003,RELIANCE,292.5,293.75,290.6,292.35,291.45,1888939,552163804.1,0.308800823
21-03-2006,RELIANCE,780,795,774.5,780.45,778.05,4370763,3432418270,0.308463466
06-04-2018,RELIANCE,908,918.5,905,911,908.2,4418462,4033221156,0.308302136
25-09-2024,RELIANCE,2967.8,2993,2960.4,2987.9,2978.75,3534501,10520289097,0.307175829
27-05-2021,RELIANCE,1970.3,1993,1962.25,1976.1,1970.05,12377100,24476588080,0.307098805
23-11-2023,RELIANCE,2388.2,2400,2388.2,2395.5,2388.2,4265771,10219770256,0.305669542
22-03-2023,RELIANCE,2285,2291.45,2270,2276.6,2269.7,5039622,11496491661,0.304004935
22-03-2023,RELIANCE,2285,2291.45,2270,2276.6,2269.7,5039622,11496491661,0.304004935
08-05-1995,RELIANCE,245.75,250,241,247.65,246.9,729250,179949135,0.303766707
18-09-2020,RELIANCE,2314.25,2319.45,2276.55,2305.7,2298.75,15264101,35185252646,0.302338227
03-12-2020,RELIANCE,1972,1981.1,1958.65,1964.05,1958.15,12822945,25260374207,0.301304803
17-07-2001,RELIANCE,329,336.4,325.1,333,332,1155950,381037611.1,0.301204819
09-06-2017,RELIANCE,1345.1,1352.95,1331,1335.7,1331.7,3162802,4241088719,0.300367951
18-12-2020,RELIANCE,1980.1,2004.9,1965,1991.55,1985.6,8522215,16887433569,0.299657534
06-12-1999,RELIANCE,218,220.3,216.3,217.65,217,3874563,844821626.2,0.299539171
20-07-2015,RELIANCE,1027.8,1029.95,1017.9,1024.75,1021.7,1451127,1486323137,0.298522071
20-07-2015,RELIANCE,1027.8,1029.95,1017.9,1024.75,1021.7,1451127,1486323137,0.298522071
28-11-2014,RELIANCE,989.7,1017.35,983.2,991.6,988.65,4773085,4770420028,0.298386689
17-02-1998,RELIANCE,151.85,153.95,150.3,151.3,150.85,4995900,758400367.5,0.298309579
14-10-2020,RELIANCE,2278.9,2304,2268.5,2287.5,2280.7,12341487,28197589497,0.298154076
27-09-2016,RELIANCE,1117,1125.95,1106.6,1110.5,1107.2,4428693,4939498790,0.298049133
09-10-2001,RELIANCE,255,257.8,249.2,253.1,252.35,7396572,1864859455,0.297206261
11-09-2001,RELIANCE,305.5,307,303,305.05,304.15,1047783,319181582.2,0.295906625
04-04-2022,RELIANCE,2655.45,2675,2641.65,2663.7,2655.85,3659307,9727052260,0.295573922
14-11-2020,RELIANCE,2014.9,2015.3,1995.35,2002.3,1996.4,2411900,4838163828,0.295531958
20-12-1994,RELIANCE,342,342,337.5,339.5,338.5,26450,8971345,0.295420975
18-04-2012,RELIANCE,750,756.8,742.7,748.6,746.4,3428345,2570691565,0.294748124
30-10-2024,RELIANCE,1335,1350,1325.35,1343.9,1340,11984423,16073073274,0.291044776
17-10-2009,RELIANCE,2285.3,2285.3,2211.3,2225.2,2218.75,740522,1650666471,0.290704225
30-11-2000,RELIANCE,327,330.25,325.5,328.15,327.2,3132332,1027017835,0.290342298
23-10-2020,RELIANCE,2106,2135,2096.4,2113.05,2106.95,10809383,22904053634,0.289518024
23-09-2015,RELIANCE,843,856.8,840,850.35,847.9,3479324,2953742570,0.288949169
06-12-2022,RELIANCE,2665.1,2697,2661,2690.2,2682.45,3966243,10651999753,0.288914984
11-03-2022,RELIANCE,2376.05,2411,2376.05,2399.15,2392.25,5656799,13554290819,0.288431393
04-11-1999,RELIANCE,223.85,230.45,221.1,226.1,225.45,8771444,1984507896,0.288312264
01-08-2002,RELIANCE,246.5,249,242.75,245.05,244.35,1950796,479182242,0.28647432
01-08-2006,RELIANCE,974,990.95,974,981.6,978.8,3479516,3416590889,0.286064569
03-01-2007,RELIANCE,1285,1290.9,1275.35,1284.55,1280.9,1489730,1912809201,0.28495589
11-11-2004,RELIANCE,546.7,551.75,541.6,545.9,544.35,5725700,3141330377,0.284743272
11-02-2003,RELIANCE,282.2,283.85,280.3,282.45,281.65,2462346,694858267.9,0.284040476
31-01-2008,RELIANCE,2472,2569.7,2371,2478.9,2471.9,5649201,14057410250,0.283182977
25-10-2013,RELIANCE,884.1,892.8,879.35,887,884.5,2273430,2015454652,0.282645562
15-01-2001,RELIANCE,354.05,356.5,352,355.55,354.55,1977779,701398312.3,0.282047666
16-12-2015,RELIANCE,975.9,987.55,973.5,978.65,975.9,2765248,2713678998,0.281791167
21-06-2023,RELIANCE,2557,2569.85,2548,2564.3,2557.1,3212779,8231021945,0.281568965
29-11-2017,RELIANCE,941.85,950,941,946,943.35,3674864,3479372053,0.280913765
15-07-2010,RELIANCE,1071.95,1080.9,1068.1,1073.45,1070.45,3172106,3405903912,0.280255967
31-10-2012,RELIANCE,803.15,807.35,798,805.5,803.25,2153819,1731316568,0.280112045
16-12-2010,RELIANCE,1057.7,1060,1040.05,1056.85,1053.9,3550077,3738787752,0.279912705
22-03-2024,RELIANCE,2899.95,2920,2894.7,2910.05,2901.95,9763804,28408677998,0.279122659
25-04-1997,RELIANCE,302.95,306.1,302.3,305.45,304.6,8658650,2638146265,0.279054498
01-10-2015,RELIANCE,873.95,873.95,858.6,864.7,862.3,1980306,1711170175,0.278325409
02-06-2016,RELIANCE,954.5,957.15,945.1,956.25,953.6,2343852,2227760801,0.277894295
01-07-2003,RELIANCE,326.05,328.4,323.25,325.8,324.9,5923798,1931935364,0.27700831
22-04-2021,RELIANCE,1892.25,1914.45,1876.7,1906.4,1901.15,6687573,12696948265,0.276148647
11-11-1999,RELIANCE,236,241.95,233,236.15,235.5,10657639,2532744338,0.276008493
21-09-2022,RELIANCE,2496.75,2533,2495,2509.75,2502.85,4249172,10687928437,0.275685718
30-12-2020,RELIANCE,1995.25,2007.2,1975.55,1995.5,1990.05,10173132,20260786998,0.273862466
11-12-2015,RELIANCE,951.75,959,942.9,952.95,950.35,4150045,3946421063,0.273583417
30-07-2003,RELIANCE,344,353.55,330,348.6,347.65,4926920,1723280604,0.27326334
11-03-2016,RELIANCE,1014.9,1029.55,1010.6,1014.5,1011.75,3501676,3569686913,0.271806276
04-03-2013,RELIANCE,808.9,818.25,804.9,812.6,810.4,3416863,2774969720,0.271470879
23-03-1995,RELIANCE,260,264.5,256.75,258.75,258.05,224950,58701310,0.271265259
07-04-1998,RELIANCE,184.5,187.5,183.1,185.35,184.85,8637750,1600688420,0.270489586
03-05-2019,RELIANCE,1407.95,1417.5,1402.65,1408.85,1405.05,6510169,9193624810,0.270453009
20-10-2022,RELIANCE,2485,2519,2485,2500.6,2493.9,4022919,10068197553,0.268655519
16-04-2019,RELIANCE,1345,1360,1340,1343.75,1340.15,7936553,10711981440,0.268626646
26-09-2024,RELIANCE,2981.3,3008,2976.1,2995.9,2987.9,9409499,28179760605,0.267746578
15-09-2004,RELIANCE,486.95,491.8,484.4,487.65,486.35,3329704,1624879014,0.267297214
22-01-2025,RELIANCE,1278.3,1282.9,1268.7,1277.1,1273.7,10273590,13110004095,0.26693884
23-10-1999,RELIANCE,263.5,264,260.3,263.05,262.35,1507316,395555095,0.266819135
18-10-2021,RELIANCE,2668.6,2745,2662.3,2707.6,2700.4,6273850,17025855507,0.266627166
09-04-2025,RELIANCE,1169.5,1189.8,1168,1185.35,1182.2,10223104,12094749463,0.266452377
27-02-2019,RELIANCE,1228.05,1244.9,1209,1223.5,1220.25,11113182,13637250489,0.266338865
27-10-2020,RELIANCE,2034.9,2059.85,2005,2034.5,2029.1,16835011,34114088506,0.26612784
20-11-2014,RELIANCE,978,983.7,970.3,980.75,978.15,2592595,2531909674,0.265807903
22-03-2014,RELIANCE,887.6,889.85,883.55,888.15,885.8,231511,205368142.6,0.265296907
22-03-2014,RELIANCE,887.6,889.85,883.55,888.15,885.8,231511,205368142.6,0.265296907
13-05-2011,RELIANCE,945.25,962,937.95,948,945.5,3178684,3023850114,0.264410365
21-09-1995,RELIANCE,264.55,266.3,264.55,265.45,264.75,251350,66728882.5,0.264400378
12-01-2010,RELIANCE,1095,1137.3,1077,1084.35,1081.5,7495359,8186240370,0.263522885
02-04-1996,RELIANCE,209.25,212,207.25,209.35,208.8,13118200,2754531843,0.263409962
29-11-2023,RELIANCE,2408,2411.95,2398.05,2400.7,2394.4,6265653,15078554702,0.263113933
28-08-2020,RELIANCE,2120,2132.9,2106.25,2116.15,2110.6,12537684,26565452934,0.2629584
28-08-2020,RELIANCE,2120,2132.9,2106.25,2116.15,2110.6,12537684,26565452934,0.2629584
06-02-2025,RELIANCE,1273.7,1288,1270.35,1281.55,1278.2,9956001,12736385821,0.26208731
13-02-2020,RELIANCE,1477.75,1477.75,1462.6,1474.15,1470.3,6201763,9120966120,0.261851323
06-12-2019,RELIANCE,1553,1568,1541.1,1554.9,1550.85,5982129,9304004870,0.261147113
16-02-2011,RELIANCE,938.3,950.8,938.1,944.15,941.7,2523913,2387916578,0.260167782
07-09-2020,RELIANCE,2084,2105.75,2044.25,2082.65,2077.25,10119099,20964707499,0.259959081
13-02-2002,RELIANCE,310,313,309.25,310,309.2,3385204,1053679498,0.258732212
17-11-2022,RELIANCE,2584.95,2613,2580,2599.05,2592.35,3074259,7991793078,0.258452755
17-11-2022,RELIANCE,2584.95,2613,2580,2599.05,2592.35,3074259,7991793078,0.258452755
07-02-2018,RELIANCE,902.55,905.4,890,894.4,892.1,7100838,6373167727,0.25781863
16-07-2012,RELIANCE,720,724.15,715.05,720.35,718.5,1670329,1203616169,0.257480863
27-02-2025,RELIANCE,1212.8,1215,1200.65,1207.1,1204,11509215,13883637029,0.257475083
21-01-2002,RELIANCE,313,315.7,311,312.4,311.6,1061274,332781437.8,0.256739409
09-01-2017,RELIANCE,1077,1086,1071,1077.7,1074.95,1195257,1290170893,0.255825852
11-07-1996,RELIANCE,178.5,182.5,175.55,176.7,176.25,16360750,2934787855,0.255319149
13-10-1995,RELIANCE,274.5,275.75,272.25,274.95,274.25,1476900,404220972.5,0.255241568
01-09-2008,RELIANCE,2120,2165.45,2103,2141.65,2136.2,2288933,4899981248,0.255125925
24-05-2013,RELIANCE,793.4,794.7,779.2,786.45,784.45,1823040,1437617158,0.254955701
21-01-1998,RELIANCE,159,160,158.1,158.8,158.4,3052950,485616205,0.252525253
03-02-2021,RELIANCE,1928.3,1952,1900,1930.65,1925.8,13984228,27015673443,0.25184339
01-08-2025,RELIANCE,1386.9,1405.9,1384.3,1393.7,1390.2,10321171,14423488952,0.251762336
18-07-2013,RELIANCE,918,919.95,909.2,917.25,914.95,2812387,2574007329,0.251379857
12-02-2019,RELIANCE,1251.5,1272.35,1251.5,1256.4,1253.25,6399485,8074847916,0.251346499
10-08-2012,RELIANCE,777.65,789,774.15,782.1,780.15,2440868,1912451067,0.249951932
02-01-2017,RELIANCE,1084,1090,1072.35,1085.1,1082.4,1622458,1763016191,0.249445676
11-09-2020,RELIANCE,2312,2337.85,2287.1,2319.75,2314,27445883,63635412477,0.248487468
30-12-2010,RELIANCE,1052.4,1055.75,1046.25,1051.2,1048.6,3328572,3499315208,0.247949647
19-04-2011,RELIANCE,1004.7,1017.45,998.75,1011.65,1009.15,2748246,2771612798,0.247733241
05-12-2018,RELIANCE,1143.75,1158.8,1139.3,1155.15,1152.3,5819618,6694600610,0.247331424
12-04-2005,RELIANCE,548.2,552.35,545,548.7,547.35,3331744,1826219634,0.246642916
26-11-2020,RELIANCE,1953.05,1965,1930.05,1952.6,1947.8,11924527,23213094744,0.246431872
02-12-2013,RELIANCE,853,862.95,852.3,855.3,853.2,1650771,1416303015,0.246132208
16-09-2020,RELIANCE,2320,2369.35,2310.55,2324.55,2318.85,15669133,36657370888,0.245811501
17-08-2018,RELIANCE,1209,1215.4,1200.05,1203.75,1200.8,3830992,4631245214,0.245669554
30-03-2006,RELIANCE,796,806.9,788,795.7,793.75,3259099,2607685340,0.245669291
16-11-2006,RELIANCE,1265,1282,1255.15,1265.75,1262.65,1616180,2056869744,0.245515384
15-06-2010,RELIANCE,1065.2,1069.9,1050.1,1066.1,1063.5,4341443,4610072913,0.244475787
17-08-1995,RELIANCE,266,268.5,265.05,266.6,265.95,1317800,352349402.5,0.244406843
16-06-2015,RELIANCE,899,905,893.2,903.95,901.75,3184005,2858334633,0.243970058
09-06-1997,RELIANCE,306,311.85,304.5,308.9,308.15,11571900,3577841038,0.24338796
05-05-2011,RELIANCE,945,963.55,943.65,949.95,947.65,4476339,4272562143,0.24270564
14-07-2011,RELIANCE,863.3,877.9,859.35,867.55,865.45,3043021,2640991102,0.242648333
27-01-2015,RELIANCE,892.9,896.7,880.5,889.05,886.9,4100754,3642848564,0.242417409
05-11-2024,RELIANCE,1293,1309.55,1286.15,1305.3,1302.15,16267479,21113119456,0.241907614
19-02-2003,RELIANCE,291.05,292.85,289.3,290.35,289.65,1859557,541802980.6,0.241670982
16-06-2000,RELIANCE,329.55,335.85,329,332.25,331.45,4558790,1519848124,0.241363705
25-08-2025,RELIANCE,1414.7,1419.5,1405.7,1412.6,1409.2,5979407,8445789682,0.241271643
09-01-2013,RELIANCE,852.4,859.85,848.65,852.7,850.65,3902332,3335077757,0.240992182
27-04-2016,RELIANCE,1017.9,1025.95,1016,1019.4,1016.95,3315060,3387251624,0.240916466
09-02-2021,RELIANCE,1961.95,1989.6,1952.3,1956.15,1951.45,9047308,17861994119,0.24084655
29-03-2019,RELIANCE,1370.05,1376.85,1355.1,1363.25,1360,7699271,10498445886,0.238970588
29-04-2003,RELIANCE,273,273.85,270.75,272.85,272.2,3156736,860381903.7,0.238795004
20-01-2025,RELIANCE,1316,1316,1300.25,1305.45,1302.35,14040244,18362047247,0.238031251
18-11-2010,RELIANCE,1049.8,1049.8,1014,1032.95,1030.5,5206393,5375978543,0.237748666
25-06-2007,RELIANCE,1708,1714,1696.8,1709.15,1705.1,2889439,4934965326,0.237522726
28-11-2005,RELIANCE,846,850,842.75,847.9,845.9,3755074,3181417539,0.236434567
10-01-2003,RELIANCE,298.8,299,292,297.05,296.35,4377033,1294423147,0.236207187
04-05-2016,RELIANCE,974.05,983.7,973,978.1,975.8,3096453,3031966775,0.235704038
12-04-2010,RELIANCE,1145,1145,1122.65,1127.35,1124.7,2902957,3279840223,0.235618387
18-06-2024,RELIANCE,2974.7,2974.8,2942.7,2962.05,2955.1,3598383,10640238520,0.235186627
17-03-2017,RELIANCE,1308,1319.95,1298.05,1300.7,1297.65,5195076,6768124195,0.235040265
01-09-2023,RELIANCE,2406.55,2425.65,2401.65,2412.65,2407,9056421,21856799694,0.234732032
08-11-2016,RELIANCE,1005.7,1005.7,998.3,1003.5,1001.15,3070346,3075564144,0.23473006
30-06-2016,RELIANCE,972,977.5,967.05,969.15,966.9,2916329,2831792987,0.232702451
24-04-2006,RELIANCE,975,999.5,966,977.2,974.95,6676696,6567143858,0.230781066
29-08-2005,RELIANCE,706,725,693.05,700.35,698.75,4568030,3192717137,0.228980322
29-08-2005,RELIANCE,706,725,693.05,700.35,698.75,4568030,3192717137,0.228980322
28-07-1997,RELIANCE,352,354,349,351.65,350.85,5526950,1941402910,0.228017671
16-11-2007,RELIANCE,2850,2928,2822,2881.65,2875.1,2545231,7348197472,0.227818163
15-06-2021,RELIANCE,2261,2274.9,2240.3,2250,2244.9,7002898,15808611100,0.227181612
11-09-2007,RELIANCE,1990,2008.5,1985,1990.1,1985.6,2167892,4325490836,0.226631749
16-04-1996,RELIANCE,222,224.75,220,221.85,221.35,13886250,3084941250,0.225886605
12-06-2019,RELIANCE,1334.7,1338.4,1325,1332.15,1329.15,4707716,6273369872,0.225708159
14-12-2015,RELIANCE,947.6,963.5,946,955.1,952.95,2414730,2307622940,0.225615195
28-06-2016,RELIANCE,956.4,961.55,955,957.8,955.65,1738370,1666404999,0.224977764
19-06-2025,RELIANCE,1430.1,1439.9,1425.7,1433.3,1430.1,10007230,14348370218,0.223760576
16-01-2003,RELIANCE,290.8,292.95,288.35,291.45,290.8,2460285,715658328.2,0.22352132
23-06-2017,RELIANCE,1436,1442,1430.6,1435.85,1432.65,7118832,10234862867,0.223362301
02-12-2009,RELIANCE,1105.25,1118.65,1091.2,1100.45,1098,4727337,5225184620,0.223132969
23-07-2014,RELIANCE,1035.05,1039.8,1021.05,1033.25,1030.95,3136481,3231299855,0.223095203
22-12-2009,RELIANCE,1018.2,1028.8,1011.3,1019.2,1016.95,3186287,3252528775,0.221249816
24-05-2019,RELIANCE,1348,1353.8,1316.5,1336.85,1333.9,10180759,13588548475,0.221156009
26-02-1996,RELIANCE,229.5,234.25,226.05,227.5,227,19456750,4488993165,0.220264317
20-06-2017,RELIANCE,1409,1422.1,1407.45,1412.35,1409.25,2318399,3279484043,0.219975164
30-08-2001,RELIANCE,317.25,321.4,315,319.1,318.4,1979924,628812686.1,0.219849246
09-11-2000,RELIANCE,317.5,322.7,316,319.15,318.45,3806455,1218504967,0.219814728
30-05-2025,RELIANCE,1418,1430.6,1409.7,1420.9,1417.8,13788484,19578154095,0.218648611
15-05-1996,RELIANCE,249.25,256,244.05,253.8,253.25,32748350,8178067840,0.217176703
25-08-2005,RELIANCE,699.5,700.8,692.95,696.35,694.85,7201850,5018861184,0.21587393
08-12-1998,RELIANCE,115.5,116.4,114.55,116.1,115.85,5415850,624926967.5,0.215796288
17-01-2007,RELIANCE,1358,1362,1345.15,1349.85,1346.95,1564256,2116086463,0.215301236
15-02-2018,RELIANCE,937.65,945.75,928.15,935.65,933.65,6109454,5731058556,0.214213035
24-01-2014,RELIANCE,862,874.65,861.1,867.65,865.8,2715344,2359271346,0.213675214
17-09-1997,RELIANCE,352.15,354,351.5,352.15,351.4,694650,244860125,0.213431986
27-10-2019,RELIANCE,1441,1445,1430,1434.25,1431.2,1378313,1981825201,0.213107881
25-02-2011,RELIANCE,980.7,982.25,954.55,966.25,964.2,3451930,3344948827,0.212611491
22-05-2001,RELIANCE,377.85,381.5,375.7,377.45,376.65,2107258,798212591,0.212398779
18-10-2024,RELIANCE,2704.35,2736.85,2682.65,2718.6,2712.85,6041226,16395116699,0.211954218
19-01-1995,RELIANCE,282,287.5,282,283.95,283.35,64350,18378380,0.21175225
11-07-2019,RELIANCE,1287,1289.8,1279.3,1281.55,1278.85,3935460,5055815448,0.211127185
24-04-2015,RELIANCE,877,884.45,868.65,878.9,877.05,2905259,2551552101,0.210934382
14-08-2007,RELIANCE,1800,1840,1800,1833.05,1829.2,1019447,1860797021,0.210474524
06-09-2023,RELIANCE,2421.1,2436.15,2417.25,2428.7,2423.6,4100185,9953029724,0.210430764
14-07-1995,RELIANCE,264,265.8,263,264.4,263.85,435300,115192880,0.208451772
20-06-2023,RELIANCE,2547.55,2564,2535,2557.1,2551.8,3194085,8140454944,0.207696528
04-07-2022,RELIANCE,2378.95,2442,2366.1,2413.7,2408.7,19317335,46594929826,0.207580853
13-10-2015,RELIANCE,885.05,896.3,882.9,893.6,891.75,1408658,1254250672,0.207457247
15-07-2002,RELIANCE,267,267,260,265.85,265.3,1056344,279719292.6,0.207312476
16-07-2007,RELIANCE,1780,1789,1767.25,1776.7,1773.05,1506972,2680047282,0.205859959
13-08-2024,RELIANCE,2921.5,2940.15,2916,2927.25,2921.25,3132532,9172971803,0.205391528
01-01-2024,RELIANCE,2580.55,2606.85,2573.15,2590.25,2584.95,2015270,5215808110,0.205032979
27-07-1995,RELIANCE,293.5,294.4,289.5,293.5,292.9,2420200,707129165,0.204848071
17-10-2003,RELIANCE,487,497,485.65,489.55,488.55,6724539,3302270748,0.20468734
02-03-2021,RELIANCE,2122,2130,2089.1,2106,2101.7,7915073,16683250359,0.204596279
16-05-1997,RELIANCE,293.5,295.5,293.1,294.75,294.15,4154700,1223228885,0.203977562
02-02-2022,RELIANCE,2407,2407,2375.1,2383.55,2378.7,4623163,11025484208,0.203892883
14-10-2021,RELIANCE,2700.35,2717.45,2687.2,2700.4,2694.95,3979730,10748597410,0.202230097
25-02-2015,RELIANCE,848.8,856.5,841.05,843.15,841.45,3491406,2960207399,0.202032206
04-09-2017,RELIANCE,1615.5,1636.15,1595.85,1613.35,1610.1,4928375,7967844929,0.201850817
28-01-2014,RELIANCE,847,856,842.7,844.85,843.15,2645575,2245943921,0.201624859
18-02-2013,RELIANCE,848,854.6,843.2,847.5,845.8,1213793,1031705458,0.200993143
24-12-2013,RELIANCE,896.5,905,895.1,898.05,896.25,1670206,1502628363,0.20083682
19-10-2001,RELIANCE,275.5,278.5,273.5,276.5,275.95,2778606,767025502.9,0.199311469
01-11-2012,RELIANCE,795,808.8,788.7,807.1,805.5,4201156,3368156640,0.198634389
13-12-2012,RELIANCE,832.6,841,830.4,834.25,832.6,2652270,2216526861,0.198174393
05-06-2007,RELIANCE,1739,1751,1722.15,1745.4,1741.95,1810873,3150614575,0.198053905
15-05-2023,RELIANCE,2489.9,2504.55,2473.15,2489.25,2484.35,3153587,7859481401,0.197234689
21-04-1995,RELIANCE,280,281.75,278.55,279.55,279,318400,89162262.5,0.197132616
27-09-2013,RELIANCE,842,854.5,837,839.9,838.25,2744478,2319460332,0.196838652
24-04-2008,RELIANCE,2600,2600,2556.35,2582.65,2577.6,3303999,8519405395,0.195918684
16-06-2020,RELIANCE,1643,1648.55,1585.3,1617.7,1614.55,23623299,38202982643,0.195100802
12-02-2002,RELIANCE,310,314.5,307.7,309.2,308.6,2890325,898531792.6,0.194426442
09-01-2014,RELIANCE,850.45,853.8,845.05,850.7,849.05,1899340,1613298089,0.194334845
15-07-2022,RELIANCE,2415,2415,2383.1,2401.8,2397.15,4431880,10623995556,0.193980352
02-09-1997,RELIANCE,340,342.7,332.5,338.7,338.05,10907700,3684954853,0.192279249
31-05-2001,RELIANCE,389.6,393.8,383,392.3,391.55,3062884,1192487404,0.191546418
05-09-1995,RELIANCE,260.75,262.6,258.8,261.6,261.1,1232250,321138135,0.191497511
03-10-2000,RELIANCE,340.05,345.5,338.25,343.15,342.5,2996291,1028422431,0.189781022
06-11-2007,RELIANCE,2698.7,2755,2651.25,2666.2,2661.15,3027331,8188575771,0.189767582
16-01-1996,RELIANCE,185,187,184.4,186,185.65,7756400,1440469428,0.188526798
10-11-2023,RELIANCE,2305.55,2316.35,2298.05,2314.9,2310.55,3867477,8928695452,0.188266863
07-06-2022,RELIANCE,2769.9,2791.1,2752.05,2772.75,2767.55,5703333,15815485544,0.187891818
27-09-2018,RELIANCE,1255,1263,1237.5,1253.75,1251.4,10808749,13539185467,0.187789676
22-10-2021,RELIANCE,2620,2664.9,2611.5,2627.4,2622.5,5089178,13411067863,0.186844614
12-09-2016,RELIANCE,1030.4,1056,1029.15,1046.5,1044.55,7699800,8061595469,0.186683261
06-03-2024,RELIANCE,2986.9,3018,2957,3006,3000.4,3902838,11674786491,0.186641781
12-10-2023,RELIANCE,2343.85,2359.35,2338.15,2349.4,2345.05,6277225,14756275104,0.185497111
15-09-2023,RELIANCE,2468,2468,2449.5,2457.85,2453.3,12734296,31304996691,0.185464476
01-02-2002,RELIANCE,300.65,305.4,298.1,300.65,300.1,4465761,1349687430,0.183272243
17-06-2021,RELIANCE,2200,2235,2179.9,2215.65,2211.6,7266765,16077176563,0.183125339
05-05-2021,RELIANCE,1923.35,1938.5,1908.05,1920.1,1916.6,5719649,11000363969,0.182615047
11-11-2021,RELIANCE,2540.05,2570.5,2535.55,2554.55,2549.9,4948422,12627828736,0.182360093
02-03-2017,RELIANCE,1237.9,1254.7,1227.05,1236.75,1234.5,4129033,5124164950,0.182260024
21-08-2024,RELIANCE,2986.5,3015.75,2980,2997.35,2991.9,3884998,11660526039,0.182158495
08-08-2000,RELIANCE,331.65,333.35,329.5,330.85,330.25,2252594,746060813.3,0.181680545
28-09-2004,RELIANCE,494.9,501.75,494,496.3,495.4,4873375,2424227525,0.181671377
08-05-2013,RELIANCE,830.1,832.9,822.05,829.65,828.15,2710630,2243865866,0.181126607
09-03-2018,RELIANCE,914.9,919.35,911.05,913.1,911.45,4863577,4448821265,0.181030227
30-05-2017,RELIANCE,1355.9,1364.7,1348.5,1359.35,1356.9,2207727,2996431672,0.180558626
16-11-2023,RELIANCE,2351.1,2374.15,2346.95,2360.7,2356.45,6567455,15523761404,0.180356044
03-11-2014,RELIANCE,1004,1009,990.15,1002.35,1000.55,2828980,2834307852,0.179901054
23-09-2009,RELIANCE,2097,2125,2090,2101.7,2097.95,2784741,5865682445,0.178745919
24-07-2007,RELIANCE,1912,1931,1908,1912.6,1909.2,2313661,4441227477,0.178085062
12-12-2001,RELIANCE,313,319.9,309.1,311,310.45,1824971,568536500.9,0.177162184
01-10-2021,RELIANCE,2501.95,2539.8,2495,2523.7,2519.25,4134544,10423389476,0.176639873
28-04-2004,RELIANCE,540.05,549,537.15,540.4,539.45,6583053,3578868304,0.176105292
20-12-1995,RELIANCE,201.5,210,200.05,200.8,200.45,5221750,1051872903,0.174607134
09-02-2023,RELIANCE,2353.45,2370.85,2334,2356.05,2351.95,6079228,14316005705,0.174323434
17-10-2024,RELIANCE,2731.4,2736.9,2704.1,2712.85,2708.15,7771830,21130392927,0.17355021
19-07-2002,RELIANCE,256,262.35,256,259.8,259.35,2267280,590677293.4,0.1735107
03-12-2001,RELIANCE,291.1,293.7,286,290.45,289.95,1912965,555331256.5,0.172443525
20-08-1999,RELIANCE,174,176.25,172.35,174.65,174.35,3013798,524105692.9,0.17206768
29-11-2022,RELIANCE,2703.95,2731.65,2694,2712.2,2707.55,5103687,13847136357,0.171741981
29-12-2021,RELIANCE,2391,2419,2382.1,2402.5,2398.4,7118779,17085610789,0.170947298
31-07-2015,RELIANCE,1000,1007.9,990,1001.85,1000.15,3802312,3803747332,0.169974504
04-01-2021,RELIANCE,1995.1,1998.9,1968,1990.85,1987.5,11312992,22429227857,0.168553459
06-10-2023,RELIANCE,2317.05,2324.8,2312.05,2318,2314.1,2715513,6296730157,0.168532043
29-06-1995,RELIANCE,271,271.75,267,267.5,267.05,810000,218491220,0.16850777
06-10-1999,RELIANCE,237.8,248.4,230,238,237.6,21511335,5205563610,0.168350168
17-01-2018,RELIANCE,926,929,907,924.5,922.95,6036432,5562354162,0.167939758
19-05-2003,RELIANCE,269.05,271.15,267.5,269.1,268.65,2564055,690227598.4,0.167504188
20-11-1998,RELIANCE,119.05,121.5,118.4,119.7,119.5,10776850,1291731008,0.167364017
19-02-2025,RELIANCE,1219.5,1232.75,1217.55,1227.45,1225.4,6217338,7626601753,0.167292313
13-03-2018,RELIANCE,931.9,936,921.35,931.85,930.3,5096825,4737580484,0.166612921
02-12-2020,RELIANCE,1958.5,1962,1935,1958.15,1954.9,10240168,19945469659,0.166248913
10-11-2003,RELIANCE,510,510,471.1,482.95,482.15,3943629,1891065250,0.165923468
25-05-2001,RELIANCE,393.95,397.7,391.05,393.55,392.9,4265228,1684326688,0.165436498
06-12-1996,RELIANCE,183.75,184.95,182,183.15,182.85,3980250,729610615,0.164068909
26-10-2000,RELIANCE,307.95,310,304.05,305.55,305.05,1351639,413288345.8,0.163907556
17-03-2010,RELIANCE,1074.8,1082.5,1065.8,1069.7,1067.95,4937276,5303322099,0.16386535
12-05-2023,RELIANCE,2469.8,2487.4,2456.5,2484.35,2480.3,3209889,7939658230,0.163286699
25-04-2012,RELIANCE,734.1,742.9,728.05,736.3,735.1,3105631,2283810524,0.163243096
10-07-2002,RELIANCE,274,278.95,274,277.35,276.9,2715701,752343084.1,0.162513543
27-11-2014,RELIANCE,990,993,983.05,988.65,987.05,2806993,2773893593,0.162099184
17-05-2019,RELIANCE,1267,1276.95,1252,1267.4,1265.35,7898440,10021920301,0.162010511
12-10-2020,RELIANCE,2235,2255.75,2226.25,2237.05,2233.45,6565525,14703804367,0.16118561
09-09-2003,RELIANCE,437.15,442.4,432.1,436.3,435.6,8818832,3871137259,0.160697888
26-03-2021,RELIANCE,2012,2013.7,1973.7,1994.65,1991.45,9313160,18580559231,0.160686937
27-05-2005,RELIANCE,531.1,539.4,529.35,531.25,530.4,4193107,2245084205,0.16025641
06-02-1998,RELIANCE,156.4,157.5,155.3,156.4,156.15,3146850,491648992.5,0.160102466
07-11-2000,RELIANCE,310.15,315.25,310.15,313.2,312.7,2597494,814262518.3,0.159897665
30-08-2012,RELIANCE,779.75,791.85,768.6,783.4,782.15,6227911,4860514092,0.159815892
13-08-2025,RELIANCE,1388,1391.8,1377.5,1382.6,1380.4,7457021,10321969059,0.159374094
22-02-2002,RELIANCE,313,315.35,312.6,314.9,314.4,833250,261896750.5,0.159033079
20-09-2021,RELIANCE,2372.1,2418.35,2370,2394.35,2390.55,5436385,13039553487,0.158959235
11-04-2007,RELIANCE,1385.15,1398.4,1377.05,1386.6,1384.4,1677682,2326081799,0.158913609
15-06-2005,RELIANCE,567.75,577,567.75,574.95,574.05,3469660,1992152421,0.156780768
17-08-2004,RELIANCE,555,555,476.05,479.6,478.85,5551317,2680883735,0.156625248
02-08-2007,RELIANCE,1837,1839.7,1792,1800.55,1797.75,2392662,4346017497,0.155750243
03-02-2020,RELIANCE,1369.9,1399.95,1363.05,1385.5,1383.35,14040626,19386892661,0.155419814
08-02-2007,RELIANCE,1396.95,1403,1381,1397.05,1394.9,1002039,1395123025,0.154132913
02-01-2018,RELIANCE,913,919.55,906.4,911.15,909.75,4342815,3964649170,0.153888431
30-12-2022,RELIANCE,2545.1,2577,2541.1,2547.2,2543.3,3364092,8611163858,0.153344081
12-12-2022,RELIANCE,2585.5,2623,2585,2613.1,2609.1,4374946,11406508901,0.15330957
20-06-1996,RELIANCE,227,230.25,224.5,229.25,228.9,10162650,2311113818,0.152905199
07-10-2019,RELIANCE,1308.1,1320.8,1301.7,1310.1,1308.1,4599818,6035333162,0.15289351
16-05-2025,RELIANCE,1453.2,1461,1447.3,1456.4,1454.2,9036695,13149797875,0.15128593
31-12-2002,RELIANCE,299.9,299.9,297.05,297.95,297.5,3793216,1131728925,0.151260504
30-10-2013,RELIANCE,896.5,902.9,894.7,898.15,896.8,2197777,1974408748,0.150535236
07-03-2013,RELIANCE,831.25,841.5,824.05,836.5,835.25,2406954,1998267486,0.149655792
17-02-2005,RELIANCE,536,537.75,530.15,535.85,535.05,3365895,1799458598,0.149518737
22-10-2003,RELIANCE,460.25,474.4,460.25,468.9,468.2,5518654,2590959599,0.149508757
10-01-2018,RELIANCE,943,947.4,935.5,942.35,940.95,5361502,5051241312,0.148785802
17-10-2006,RELIANCE,1215,1221.8,1205.1,1215.2,1213.4,2535472,3077502733,0.148343498
02-08-2000,RELIANCE,337.4,339.7,336,339,338.5,1456348,492339230.9,0.147710487
11-12-2023,RELIANCE,2456,2467.6,2452.4,2459.35,2455.75,3533069,8690654768,0.146594727
02-04-2024,RELIANCE,2968,2988,2950,2973.9,2969.55,4455083,13207726108,0.146486841
14-01-2022,RELIANCE,2535,2567.3,2525.85,2539,2535.3,9197773,23414360751,0.145939337
06-09-2001,RELIANCE,318,318,309.5,311.6,311.15,1211579,378673713.9,0.144624779
18-05-2016,RELIANCE,965.9,972.5,964.1,970.55,969.15,1880974,1824529637,0.144456482
26-02-1999,RELIANCE,140.45,141.9,138.25,139.9,139.7,8623200,1208656715,0.143163923
15-02-2017,RELIANCE,1052.9,1057.5,1045.25,1051.3,1049.8,3482845,3667220076,0.142884359
16-09-2009,RELIANCE,2196,2218.7,2163.6,2184,2180.9,2215286,4829910535,0.142143152
16-04-2004,RELIANCE,566,572.75,563.7,566.15,565.35,3029685,1722258399,0.141505262
11-05-2013,RELIANCE,813.4,814.9,812,814.1,812.95,111054,90374422.1,0.141460114
08-09-2022,RELIANCE,2588.25,2598,2571,2585.4,2581.75,3256840,8414188239,0.141376973
09-08-2016,RELIANCE,1027,1034.5,1021,1030.7,1029.25,3038046,3122459911,0.140879281
06-12-2006,RELIANCE,1284.8,1298.95,1270.15,1281.35,1279.55,3199081,4105211558,0.140674456
23-06-2014,RELIANCE,1037,1044.9,1024,1037.95,1036.5,3375785,3490761562,0.139893874
08-07-2022,RELIANCE,2418,2418,2382.55,2391.4,2388.1,8773162,21002872434,0.138185168
23-05-1997,RELIANCE,289,294.45,286.6,290.25,289.85,11900650,3454545228,0.138002415
26-09-2002,RELIANCE,257,257.1,254.75,255.7,255.35,584209,149487512.2,0.137066771
29-05-2015,RELIANCE,879.9,886.45,873.1,877,875.8,6692348,5875581985,0.137017584
01-01-2013,RELIANCE,844,846.6,839.1,840.7,839.55,1561532,1315958207,0.136978143
23-07-2010,RELIANCE,1063.95,1070.9,1056.8,1060.45,1059,3152167,3355341859,0.136921624
10-12-2002,RELIANCE,290.9,294.25,288.1,293.35,292.95,4599603,1339699098,0.136542072
11-11-1996,RELIANCE,182.75,185.95,180.8,183.45,183.2,5730850,1044807918,0.136462882
10-02-2020,RELIANCE,1428,1445.5,1410.45,1435.6,1433.65,6922631,9860658649,0.136016461
10-02-2020,RELIANCE,1428,1445.5,1410.45,1435.6,1433.65,6922631,9860658649,0.136016461
18-12-2017,RELIANCE,911.95,932.65,862.65,921,919.75,8494801,7783599546,0.135906496
07-09-2023,RELIANCE,2421.7,2438.25,2411,2432,2428.7,6826286,16552769826,0.13587516
15-07-1998,RELIANCE,151,152.4,147.15,147.9,147.7,4325450,649615367.5,0.135409614
30-04-2024,RELIANCE,2936,2966.15,2925.75,2934,2930.05,5737131,16910777825,0.134809986
30-04-2024,RELIANCE,2936,2966.15,2925.75,2934,2930.05,5737131,16910777825,0.134809986
05-05-2015,RELIANCE,893.7,901.8,885.1,892.15,890.95,4079468,3641890947,0.134687693
21-04-2008,RELIANCE,2629.7,2680,2622.1,2643.6,2640.05,2114344,5606455126,0.13446715
16-11-2015,RELIANCE,926,942,924.75,934.3,933.05,3507963,3278209566,0.133969241
06-07-1999,RELIANCE,185.65,188.95,185.45,187.2,186.95,7613032,1424310850,0.133725595
02-09-2010,RELIANCE,945,946.65,936,937.45,936.2,4045759,3802686645,0.133518479
06-02-2007,RELIANCE,1330,1408,1330,1389.2,1387.35,1756515,2448647779,0.133347749
18-06-2018,RELIANCE,1008.8,1020.45,1007,1015.55,1014.2,5652374,5737016772,0.13310984
18-07-2003,RELIANCE,338.45,350,334,339.25,338.8,5592085,1891667442,0.132821724
22-02-2001,RELIANCE,413,419,408.6,414.65,414.1,7787291,3221106654,0.13281816
01-11-2004,RELIANCE,531.9,534.65,525.7,529.85,529.15,4894088,2599001378,0.132287631
04-06-1997,RELIANCE,306,307.35,302.55,303.75,303.35,6239400,1899357345,0.131860887
20-04-2010,RELIANCE,1069.85,1079.75,1054.35,1063.2,1061.8,3828437,4084242511,0.131851573
21-12-2000,RELIANCE,340.1,344.95,336.55,342.3,341.85,4246752,1448583270,0.131636683
13-09-2012,RELIANCE,798.1,808.5,794.3,799.15,798.1,2669369,2141449653,0.131562461
13-06-2024,RELIANCE,2944,2944.5,2920.2,2930.5,2926.65,4590580,13461977300,0.131549724
05-03-2021,RELIANCE,2156,2211.95,2153.05,2178.7,2175.85,11773630,25717685129,0.130983294
20-05-2010,RELIANCE,1001,1013,993.75,999.95,998.65,4246454,4260859094,0.130175737
27-03-2012,RELIANCE,738,738.8,725.1,731.05,730.1,6216251,4540161489,0.130119162
19-09-2022,RELIANCE,2499.2,2522.7,2481.35,2502.45,2499.2,3498286,8767314647,0.130041613
28-09-1995,RELIANCE,269,272.5,267.75,270.1,269.75,535900,144668897.5,0.129749768
04-01-2013,RELIANCE,861.9,864.6,853.55,861.85,860.75,3041614,2617050660,0.127795527
26-07-2016,RELIANCE,1023,1034.8,1015.2,1024.05,1022.75,2403872,2471965451,0.127108286
08-11-1994,RELIANCE,398,398.75,393,396,395.5,49050,19373862.5,0.12642225
21-04-2023,RELIANCE,2350.65,2361,2336.4,2349,2346.05,3529236,8289102462,0.125743271
14-01-2014,RELIANCE,878.5,884.55,872.45,881.5,880.4,2760267,2431078193,0.124943208
08-04-2021,RELIANCE,2011,2022,1993,2005.35,2002.85,7092878,14229431685,0.124822128
15-04-2015,RELIANCE,921,939.6,907.2,923.65,922.5,5081693,4674315018,0.124661247
08-11-2021,RELIANCE,2519.4,2520,2456.4,2501.95,2498.85,9385607,23306981380,0.124057066
23-08-2024,RELIANCE,3007.5,3022.65,2996.85,2999.95,2996.25,4624827,13907842193,0.123487693
24-04-2025,RELIANCE,1292.4,1304.5,1290.3,1301.6,1300,10468940,13592084385,0.123076923
23-12-2013,RELIANCE,899,909,890,896.25,895.15,3701213,3334917259,0.122884433
09-07-2003,RELIANCE,330,330,323.25,326.65,326.25,3066396,998892897.5,0.122605364
16-03-2016,RELIANCE,1021,1025.8,1005.45,1021.75,1020.5,2529074,2568957743,0.122488976
11-09-2017,RELIANCE,821.3,826.85,816.55,817.9,816.9,5801712,4772966391,0.122414004
12-11-2024,RELIANCE,1275.55,1289.3,1267.5,1274.25,1272.7,10671091,13635694812,0.121788324
04-09-1996,RELIANCE,206.25,208.1,205.1,207.6,207.35,4844150,1002585358,0.120569086
03-01-2020,RELIANCE,1533,1541.65,1523,1537.15,1535.3,9593498,14704283072,0.120497623
05-06-2020,RELIANCE,1595,1618,1573.7,1581.7,1579.8,15270435,24377905392,0.120268388
30-12-2019,RELIANCE,1545.95,1547.65,1528.05,1544.2,1542.35,7828402,12041287379,0.119946834
09-04-1996,RELIANCE,214.75,217.2,211.25,212.35,212.1,11431550,2451710483,0.11786893
16-11-2016,RELIANCE,995,996.8,980.7,986.55,985.4,3783226,3747602868,0.116703877
16-11-2016,RELIANCE,995,996.8,980.7,986.55,985.4,3783226,3747602868,0.116703877
07-08-2014,RELIANCE,989,996.7,983.35,989.3,988.15,2478789,2454430007,0.116379092
21-09-2000,RELIANCE,347.9,350,342.35,347.9,347.5,3454067,1197079926,0.115107914
10-04-2018,RELIANCE,918.4,923.9,914.15,917.05,916,3865402,3552772955,0.114628821
05-04-2002,RELIANCE,306.25,311,305,305.7,305.35,3322935,1022799958,0.114622564
15-07-2025,RELIANCE,1486.2,1496.5,1482.4,1485.4,1483.7,8132454,12100448373,0.114578419
10-07-2017,RELIANCE,1530,1550,1489.1,1492.85,1491.15,815433,1219206576,0.114005969
20-10-2005,RELIANCE,755,765.9,737.05,748.15,747.3,7606407,5698895098,0.113742807
09-01-2007,RELIANCE,1294.8,1294.8,1272,1278.3,1276.85,2561246,3274228418,0.113560716
04-07-2019,RELIANCE,1281.4,1291,1280,1284,1282.55,4275148,5497406372,0.113056021
24-12-2001,RELIANCE,306,312.4,305,310.7,310.35,990393,305954473.9,0.112775898
28-06-1999,RELIANCE,178.8,181.25,177.35,177.9,177.7,7696266,1378286681,0.11254924
19-11-1999,RELIANCE,224,228.35,223.4,223.9,223.65,3941438,889756065.3,0.111781802
16-12-2020,RELIANCE,1988,1994.95,1965.7,1976.55,1974.35,8565904,16939660871,0.111429078
19-01-2017,RELIANCE,1035.15,1045.3,1031,1033.7,1032.55,3493728,3623411808,0.111374752
23-08-2023,RELIANCE,2524.2,2542.85,2516.95,2522.2,2519.4,4758976,12032500977,0.111137572
01-01-2021,RELIANCE,1988,1997,1982,1987.5,1985.3,4622002,9195480292,0.110814486
12-07-2023,RELIANCE,2766.3,2802,2761.65,2767.75,2764.7,8645662,24048764831,0.110319384
05-11-2013,RELIANCE,903.35,921.7,903.35,909.7,908.7,2504263,2286834576,0.11004732
09-11-2016,RELIANCE,950,1009,930,1004.6,1003.5,4946573,4854675034,0.109616343
02-12-2014,RELIANCE,962,971.25,958,962.65,961.6,2160807,2082003986,0.109193012
30-06-2005,RELIANCE,648,653.15,636.65,642.55,641.85,7195559,4639335609,0.109059749
27-08-2009,RELIANCE,2034,2059,2020,2042.35,2040.15,2934592,5991059909,0.107835208
24-03-2004,RELIANCE,512,515.25,505.8,512.3,511.75,7085995,3623214080,0.107474353
09-06-2005,RELIANCE,560.8,563.75,556.7,559.05,558.45,4048621,2269537034,0.107440236
08-10-2013,RELIANCE,849.7,854.7,839.2,844.95,844.05,2770271,2339579519,0.106628754
08-10-2013,RELIANCE,849.7,854.7,839.2,844.95,844.05,2770271,2339579519,0.106628754
19-02-2013,RELIANCE,849,855,834.25,848.4,847.5,2212004,1863205014,0.10619469
02-07-1998,RELIANCE,141.9,145.45,140.25,142.4,142.25,4853000,697093170,0.105448155
02-11-2012,RELIANCE,812,814.9,802.5,807.95,807.1,2639614,2128959821,0.105315326
24-02-2014,RELIANCE,808.05,814.95,805.3,812.35,811.5,1554509,1258781653,0.104744301
18-02-2014,RELIANCE,807.1,817.85,807.1,813.15,812.3,1312359,1069228271,0.104641142
17-08-2000,RELIANCE,339,345.4,335.5,337.75,337.4,6151601,2096569709,0.10373444
24-06-2011,RELIANCE,874.15,879.7,855.6,871.4,870.5,7239303,6275562492,0.103388857
04-07-2024,RELIANCE,3114,3135,3101.6,3108.05,3104.85,3418588,10655715706,0.10306456
06-02-2013,RELIANCE,880.45,882.9,870.8,875.65,874.75,2257604,1980644220,0.102886539
09-06-2000,RELIANCE,341.9,352.7,339.05,341.2,340.85,12293372,4253873796,0.102684465
09-06-2000,RELIANCE,341.9,352.7,339.05,341.2,340.85,12293372,4253873796,0.102684465
10-12-2021,RELIANCE,2440.25,2466,2430.35,2458.95,2456.45,3860176,9432810633,0.101772884
09-09-1997,RELIANCE,345.8,347.4,343.2,345.1,344.75,5540300,1911666190,0.101522843
11-04-2002,RELIANCE,298.15,300.45,295.3,296.55,296.25,807700,240783599.9,0.101265823
05-12-2005,RELIANCE,847,851.9,836,840.25,839.4,3841846,3242452123,0.101262807
21-01-2020,RELIANCE,1528.6,1545.85,1522,1533.9,1532.35,8650831,13284891871,0.101151826
11-07-2017,RELIANCE,1501,1504.4,1487,1494.35,1492.85,4799229,7175215647,0.10047895
04-02-2009,RELIANCE,1315,1337.5,1295.1,1307.5,1306.2,3966740,5225501224,0.099525341
25-07-2002,RELIANCE,255,259.65,250.05,251.8,251.55,6039297,1546716148,0.09938382
10-06-2024,RELIANCE,2939.9,2986.7,2936.15,2942.8,2939.9,4625880,13700144471,0.098642811
22-12-2023,RELIANCE,2559.6,2580.9,2547.65,2565.05,2562.55,8270892,21171713990,0.097559072
27-04-2022,RELIANCE,2755.85,2828,2755.05,2778.35,2775.65,8924920,24944937713,0.097274512
12-06-2012,RELIANCE,715,726,714.4,722.95,722.25,2734310,1974155312,0.096919349
26-02-1998,RELIANCE,157.35,158.6,155.8,157.3,157.15,4684600,737327745,0.095450207
24-10-2024,RELIANCE,2670.55,2687.4,2646.25,2679.6,2677.05,11077967,29561935443,0.095254104
19-09-1995,RELIANCE,262.25,263.75,261.8,263.15,262.9,604650,159009857.5,0.095093191
30-08-1996,RELIANCE,211.1,212.2,210.1,211.55,211.35,4365550,922032150,0.094629761
14-02-2025,RELIANCE,1219,1224,1205.45,1217.25,1216.1,10298145,12513277267,0.094564592
20-08-2001,RELIANCE,315,321.9,314.55,317.85,317.55,1979019,629443830.8,0.094473311
12-08-1997,RELIANCE,379.35,385.5,375,378.55,378.2,12596550,4805903253,0.092543628
26-06-2003,RELIANCE,326,331.9,323.25,325.15,324.85,7399290,2429385100,0.092350316
14-09-2023,RELIANCE,2460,2465.8,2445,2453.3,2451.05,4604818,11301141213,0.091797393
21-05-2024,RELIANCE,2851.2,2883.65,2851.2,2872.25,2869.65,5588064,16022037766,0.090603384
27-06-2017,RELIANCE,1432,1443,1425,1437.15,1435.85,7449878,10680534186,0.090538705
29-01-2025,RELIANCE,1236,1242.75,1228.05,1235.5,1234.4,5928156,7331119896,0.089112119
07-12-2000,RELIANCE,336.4,340.35,335.75,337.55,337.25,2179581,737170504.6,0.088954781
12-06-2023,RELIANCE,2475.5,2489.2,2465,2484.15,2481.95,2949893,7315018538,0.088639981
09-11-2005,RELIANCE,792,800.9,787.1,791.15,790.45,4251918,3373833393,0.088557151
03-10-2005,RELIANCE,785,802.8,785,794.25,793.55,4808345,3825867384,0.088211203
03-02-2023,RELIANCE,2349,2349,2293,2329,2326.95,11398850,26432510095,0.088098154
17-08-1999,RELIANCE,171.35,172.5,169.55,170.75,170.6,4561184,778362884.5,0.087924971
07-01-2003,RELIANCE,286.05,287.6,284.3,285.05,284.8,2710431,774763057.1,0.087780899
26-09-2023,RELIANCE,2338.55,2350.2,2335.6,2342.5,2340.45,5043891,11814581031,0.087589993
28-05-2014,RELIANCE,1089.6,1106.6,1084.75,1088.9,1087.95,2594834,2834061020,0.087320189
29-06-2021,RELIANCE,2089.5,2109,2084.1,2087.8,2086,12526981,26205456483,0.086289549
10-10-2012,RELIANCE,811,822.3,807.4,816,815.3,2144325,1750672232,0.085857966
17-07-2009,RELIANCE,1945.1,1966,1925.3,1937.05,1935.4,3305062,6434521075,0.085253694
08-12-2008,RELIANCE,1152.2,1174.7,1107,1118.55,1117.6,6965801,7969164755,0.085003579
23-02-2007,RELIANCE,1424,1443.7,1402.1,1413.25,1412.05,3751615,5335212792,0.084982826
06-06-2023,RELIANCE,2483.45,2487.7,2462,2479.35,2477.25,3458161,8554457379,0.08477142
15-10-2015,RELIANCE,907.7,911,900.1,903.7,902.95,2068330,1872783598,0.083061078
03-11-1997,RELIANCE,363.05,371.8,353.05,362.8,362.5,9882650,3561699548,0.082758621
22-03-2002,RELIANCE,299.9,304.6,297.1,303.8,303.55,1913748,576068751.3,0.082358755
22-03-2002,RELIANCE,299.9,304.6,297.1,303.8,303.55,1913748,576068751.3,0.082358755
26-04-2005,RELIANCE,542,550.7,541.1,547.15,546.7,3871831,2108593515,0.082312054
10-01-2022,RELIANCE,2452,2457,2416.05,2438,2436,4267365,10380527641,0.082101806
12-06-2003,RELIANCE,308.65,310.9,307.1,308,307.75,2656499,821360288.8,0.081234768
11-06-2001,RELIANCE,370,372.45,366.1,370.7,370.4,2669682,986425585.1,0.080993521
21-06-2007,RELIANCE,1735,1747.5,1721.2,1734.35,1732.95,1621509,2809664120,0.080787097
30-09-2011,RELIANCE,803.5,822.9,792.5,808.35,807.7,7987653,6462412773,0.080475424
25-01-2007,RELIANCE,1379.7,1379.7,1362.55,1370.6,1369.5,2529979,3463491754,0.080321285
04-04-2005,RELIANCE,567,568.55,559.1,565.05,564.6,3448867,1943220614,0.079702444
04-02-2014,RELIANCE,814.5,826.65,813.15,821.55,820.9,2825803,2314386691,0.079181386
27-05-2015,RELIANCE,886,890.9,880.2,885.3,884.6,1846549,1635177350,0.079131811
16-01-2014,RELIANCE,888.7,893.3,882.05,886.15,885.45,4123266,3662316129,0.079055847
06-08-2025,RELIANCE,1391.9,1395.9,1383.3,1392.8,1391.7,5834312,8113006686,0.079040023
12-09-2000,RELIANCE,385,389.8,381.2,383.45,383.15,4331376,1665208908,0.078298317
11-10-2024,RELIANCE,2740,2766.55,2737.65,2744.2,2742.1,3990061,10977431924,0.07658364
06-06-2025,RELIANCE,1441,1451.5,1437,1443.5,1442.4,8182161,11816875426,0.076261786
03-07-2017,RELIANCE,1388.2,1394.7,1371,1381.05,1380,2101886,2904674175,0.076086957
29-01-1999,RELIANCE,134.5,134.5,131.5,132.65,132.55,3592300,476738552.5,0.075443229
02-05-1996,RELIANCE,264,267.6,260,266.25,266.05,18100300,4766072675,0.07517384
04-05-2005,RELIANCE,542,545,537,541.35,540.95,2098028,1137219058,0.073943987
01-01-2016,RELIANCE,1009.8,1018.9,1008.2,1015.35,1014.6,1238135,1257352825,0.073920757
01-09-2004,RELIANCE,475.65,479.4,474.1,476,475.65,3291221,1570390706,0.073583517
15-03-2016,RELIANCE,1024,1027.85,1015.1,1020.5,1019.75,2397332,2449201924,0.073547438
06-10-2000,RELIANCE,338.05,341.8,336.55,340.4,340.15,2084877,708080120.8,0.073496987
23-06-1998,RELIANCE,138.5,141.3,135,139.25,139.15,6403900,888801302.5,0.071864894
08-05-2025,RELIANCE,1404.1,1420.8,1398,1407,1406,16106175,22717878064,0.071123755
24-02-2004,RELIANCE,555.5,568.6,550,565.75,565.35,12554104,7025327156,0.070752631
22-04-2004,RELIANCE,568,573.8,563.5,568.75,568.35,3237809,1841780243,0.070379168
12-02-2004,RELIANCE,590.25,594.9,584,587.7,587.3,5921079,3491677262,0.068108292
23-10-2015,RELIANCE,963.95,973.05,941.15,955.65,955,2778068,2675010218,0.068062827
10-04-2012,RELIANCE,746,747,738.1,742.65,742.15,1913265,1420392609,0.067371825
29-12-2010,RELIANCE,1048.3,1055,1046.3,1048.6,1047.9,2556591,2684968854,0.066800267
28-03-2002,RELIANCE,301,303.25,297.55,300.3,300.1,3009655,905016427.5,0.066644452
25-09-2019,RELIANCE,1284,1295,1268.85,1279.55,1278.7,8316894,10682857321,0.066473762
08-03-1999,RELIANCE,155,156.9,150.05,152.8,152.7,9444250,1452320610,0.065487885
12-04-2007,RELIANCE,1384,1393,1372.25,1387.5,1386.6,1099116,1521185069,0.064906967
17-09-2024,RELIANCE,2948,2954.95,2933.25,2944.6,2942.7,2967664,8734102750,0.064566555
22-01-2002,RELIANCE,312,318.8,309.05,312.6,312.4,1959952,616796216.4,0.064020487
17-08-2017,RELIANCE,1569,1597.65,1561.15,1567.1,1566.1,3618179,5716789490,0.063852883
14-02-1996,RELIANCE,241.5,244.95,233.85,235.65,235.5,22223700,5300804133,0.063694268
16-04-2024,RELIANCE,2906.7,2942.35,2901.85,2931.5,2929.65,4683092,13687564159,0.063147475
05-04-2019,RELIANCE,1360.95,1363.9,1343,1353.9,1353.05,6728239,9100090312,0.062821034
09-07-2007,RELIANCE,1702.9,1719.45,1701,1710.95,1709.9,1509831,2584184699,0.0614071
01-11-2021,RELIANCE,2536.25,2556,2494.1,2537.8,2536.25,7144532,18029885098,0.061113849
08-02-2010,RELIANCE,985,1004.35,975,994.35,993.75,5919146,5848001752,0.060377358
08-06-2023,RELIANCE,2506,2516.85,2491,2499.65,2498.15,5570815,13949925583,0.060044433
03-08-2015,RELIANCE,1001,1013.85,999.4,1002.45,1001.85,2260182,2271818905,0.059889205
05-11-2010,RELIANCE,1114,1117.5,1100.3,1105.7,1105.05,1458927,1617829810,0.058820868
23-03-2007,RELIANCE,1376,1383.8,1360,1376.05,1375.25,1906116,2621501630,0.058171242
04-04-2016,RELIANCE,1040,1042.2,1025.3,1035.05,1034.45,1973260,2036784077,0.058001837
22-07-2010,RELIANCE,1058.4,1060.85,1047.6,1059,1058.4,3629863,3825491227,0.056689342
11-05-2001,RELIANCE,356.45,361.3,354.15,355.35,355.15,2230650,798188812.7,0.056314233
21-02-2005,RELIANCE,534.25,538.8,531.6,534.5,534.2,3352414,1795402972,0.056158742
25-10-2012,RELIANCE,810.1,818.7,807.2,810.4,809.95,4127449,3355584338,0.055558985
03-11-2004,RELIANCE,544.9,546.4,538.15,543.7,543.4,4442667,2410649069,0.05520795
23-07-2013,RELIANCE,912.05,925,907.25,909.55,909.05,2841507,2602804398,0.055002475
20-04-2017,RELIANCE,1379,1386.8,1364.1,1369.55,1368.8,1918612,2631919172,0.054792519
30-07-2014,RELIANCE,1004,1011,993,1006.15,1005.6,4255466,4268610157,0.054693715
14-09-2000,RELIANCE,376.05,380.65,372.7,375.7,375.5,4199710,1582111583,0.053262317
06-04-2004,RELIANCE,576,582.4,564.65,575.4,575.1,7142520,4089540545,0.052164841
21-04-2014,RELIANCE,969.95,969.95,956.1,959.6,959.1,2701214,2595459751,0.052132207
09-07-2010,RELIANCE,1063.95,1066,1053.55,1057.65,1057.1,2965846,3138299716,0.052029136
14-09-2018,RELIANCE,1259.4,1275.6,1247.65,1253.15,1252.5,7878583,9914404021,0.051896208
04-11-2019,RELIANCE,1465.9,1471,1445.1,1457.65,1456.9,6429329,9362882584,0.051479168
15-05-2012,RELIANCE,679,688,674.1,681.65,681.3,3696346,2518565373,0.051372376
19-12-1996,RELIANCE,194.5,197.5,192.75,195.15,195.05,4773200,927212635,0.051268905
21-03-2003,RELIANCE,291.6,294.95,285.3,293.5,293.35,4093968,1194115656,0.051133458
05-02-2019,RELIANCE,1292,1304.4,1278.6,1291.55,1290.9,9362406,12096749451,0.050352467
29-09-2010,RELIANCE,1000,1009,995,999,998.5,4066504,4075107133,0.050075113
03-11-2013,RELIANCE,910,914.4,906.8,908.7,908.25,425619,387709086.4,0.04954583
02-06-2010,RELIANCE,1015,1021,1003.35,1011.05,1010.55,4509546,4567761418,0.049478007
25-05-2007,RELIANCE,1701.25,1737,1701.1,1728.05,1727.2,2419081,4163973241,0.049212598
28-12-2017,RELIANCE,925.25,934.4,919.1,924.2,923.75,7091515,6558467599,0.048714479
26-07-1996,RELIANCE,207,211.4,202.4,208.05,207.95,19068250,3938911833,0.048088483
27-08-2001,RELIANCE,318,319.9,313.1,315.3,315.15,1311019,415725065.5,0.047596383
25-04-2018,RELIANCE,973.65,981.8,963.55,970.5,970.05,6436620,6249960891,0.046389361
30-06-2003,RELIANCE,325,330.2,322.6,324.9,324.75,5617703,1836939864,0.046189376
26-07-2022,RELIANCE,2421.1,2443.9,2411.35,2421.5,2420.4,5216466,12680927214,0.045447034
07-08-2000,RELIANCE,329,332,324.15,330.25,330.1,2471284,812770011,0.045440776
24-11-2010,RELIANCE,999,1017.8,986.05,996.05,995.6,4503970,4533650055,0.045198875
22-05-2019,RELIANCE,1345.65,1359.7,1335.1,1340.4,1339.8,11287400,15183604297,0.044782803
22-11-1999,RELIANCE,223.15,225.45,223,224,223.9,5270298,1181785820,0.044662796
19-02-2015,RELIANCE,906.95,907.6,887.55,902.05,901.65,2183115,1957949746,0.044363112
29-12-2000,RELIANCE,338.45,340.7,337.05,338.95,338.8,2686465,911060390.8,0.044273908
27-10-1998,RELIANCE,117,117.8,113.7,115.3,115.25,8166650,942362960,0.043383948
07-03-2006,RELIANCE,733.3,740,729,732.5,732.2,5395169,3965548301,0.040972412
18-02-2025,RELIANCE,1224.85,1229.9,1216.1,1225.4,1224.9,6673250,8167661854,0.040819659
16-10-2017,RELIANCE,879,892,861.3,876.8,876.45,14633539,12835077762,0.039933824
08-02-2008,RELIANCE,2435.1,2468,2390,2426.4,2425.45,3160339,7661877696,0.039167989
07-05-2021,RELIANCE,1937.75,1955.65,1926,1931.75,1931,5671163,11002130529,0.038839979
04-06-2010,RELIANCE,1031,1036,1022.45,1031.2,1030.8,3220285,3318200746,0.038804812
30-09-2002,RELIANCE,257.25,260,257.1,258.05,257.95,2254774,582444099.3,0.038767203
31-01-2017,RELIANCE,1046.85,1053.8,1040.3,1045.2,1044.8,3457365,3617029514,0.038284839
27-07-2010,RELIANCE,1058.85,1061.15,1051.1,1053.5,1053.1,2773497,2929289666,0.037983098
20-03-1999,RELIANCE,133,133.4,130.9,132.55,132.5,1128850,149292330,0.037735849
24-02-1995,RELIANCE,272,282,265,266.7,266.6,624650,171360515,0.037509377
24-12-2024,RELIANCE,1222.3,1233.55,1221,1222.75,1222.3,6734917,8264675853,0.036815839
27-06-2023,RELIANCE,2496.55,2509.5,2486.65,2496.45,2495.55,4471687,11162430555,0.036064194
11-07-2007,RELIANCE,1717,1718.8,1686.15,1703.3,1702.7,1231205,2101336448,0.035238151
27-08-2014,RELIANCE,997.2,1001.8,986.85,993.7,993.35,1918182,1904262977,0.035234308
19-12-2018,RELIANCE,1141.5,1147.3,1133.2,1136.8,1136.4,7368799,8412459475,0.035198874
28-12-2007,RELIANCE,2887,2930,2856.25,2894.85,2893.85,1816867,5268722781,0.034556041
09-07-1998,RELIANCE,146.5,148.5,145.2,145.95,145.9,4523600,664765120,0.034270048
27-03-2002,RELIANCE,302.9,303.4,294.85,300.1,300,2345581,701074928.8,0.033333333
03-08-2007,RELIANCE,1811,1838.8,1795.6,1801.15,1800.55,2985750,5416400812,0.033323151
19-02-2008,RELIANCE,2590,2618,2530,2554.55,2553.7,1608669,4156298629,0.033285037
11-05-2017,RELIANCE,1364.1,1369.75,1351.65,1359.55,1359.1,3150756,4288166983,0.033110146
12-06-1998,RELIANCE,152.45,154.75,149.7,151.75,151.7,5216150,795093845,0.032959789
01-06-2022,RELIANCE,2634.3,2655.2,2616.2,2633.5,2632.65,4512079,11903542974,0.032286859
21-11-1997,RELIANCE,154.1,157.9,153,155.4,155.35,7180250,1116696110,0.032185388
05-03-2002,RELIANCE,319,319.4,312.1,313.75,313.65,4373528,1378663424,0.031882672
18-12-1997,RELIANCE,157.7,162.9,156.1,157.2,157.15,9701200,1546024438,0.031816736
29-04-2013,RELIANCE,793.1,798.9,788.45,792.65,792.4,4793061,3800540845,0.031549722
15-07-2024,RELIANCE,3208.9,3211.7,3171,3194.45,3193.45,2664844,8504591755,0.031314096
14-10-2024,RELIANCE,2758.9,2760.15,2736.5,2745.05,2744.2,6110716,16780732590,0.030974419
14-08-2000,RELIANCE,329,331.85,322.3,329.35,329.25,2652282,866204103.2,0.030372058
31-05-2019,RELIANCE,1337.9,1341.9,1320.2,1330.15,1329.75,11760178,15649085826,0.030080842
31-07-2014,RELIANCE,1007.95,1019.9,1002,1006.45,1006.15,4051138,4093617896,0.029816628
02-01-1998,RELIANCE,170,171.15,168.75,169.3,169.25,3282150,557784342.5,0.029542097
29-11-2005,RELIANCE,849.2,865.85,840.6,848.15,847.9,8083545,6879553563,0.029484609
31-05-2000,RELIANCE,351,356.8,342.1,343.9,343.8,8452065,2952704660,0.029086678
11-12-2019,RELIANCE,1555.6,1574.5,1550.6,1562.4,1561.95,5652698,8819046878,0.028810141
24-09-2013,RELIANCE,872,884.55,868.15,874.6,874.35,2823675,2476563499,0.028592669
29-05-2012,RELIANCE,702.2,709.8,697.55,701.85,701.65,3434316,2420135922,0.02850424
24-12-2010,RELIANCE,1053,1064.5,1050,1059.7,1059.4,2160796,2286405578,0.028317916
07-02-2006,RELIANCE,720.55,723.5,706.5,720.55,720.35,6801747,4876916007,0.027764281
15-06-2023,RELIANCE,2551.8,2562.55,2535.5,2552.55,2551.85,5451926,13911315989,0.027431079
19-07-1999,RELIANCE,186.85,188.9,184.15,185.35,185.3,7475702,1393432957,0.02698327
13-12-1996,RELIANCE,187.1,189,185.3,188.1,188.05,4517750,845400707.5,0.026588673
27-11-2017,RELIANCE,947.25,957.5,944,951.35,951.1,4680074,4444266974,0.026285354
07-06-2016,RELIANCE,957.25,960.95,951.6,955.05,954.8,4332627,4142620601,0.026183494
05-05-1998,RELIANCE,194.5,195.35,193.7,194.8,194.75,2748800,534624610,0.025673941
16-05-2022,RELIANCE,2434.45,2481,2416.65,2427.2,2426.6,6201594,15158412714,0.024725954
29-03-2022,RELIANCE,2638,2638,2607.4,2622.55,2621.95,4007695,10512198456,0.022883732
09-06-2014,RELIANCE,1130,1132.7,1112.1,1122.65,1122.4,3085371,3457790923,0.022273699
28-11-2023,RELIANCE,2393.9,2399.7,2375.25,2394.4,2393.9,6896087,16433674720,0.02088642
20-12-2004,RELIANCE,485,488.7,472.1,480.65,480.55,21093705,10139862653,0.020809489
09-08-2018,RELIANCE,1221.5,1231.7,1212,1217.95,1217.7,6846928,8362923499,0.020530508
21-12-2015,RELIANCE,987.9,999,984.35,992.1,991.9,2818835,2794289629,0.020163323
27-07-2006,RELIANCE,1004.9,1015.8,988.25,1000.1,999.9,4682950,4696260500,0.020002
27-06-2014,RELIANCE,1010,1023.5,1007.2,1012.1,1011.9,2108794,2137505785,0.019764799
19-09-2005,RELIANCE,774.4,840,758,764.2,764.05,3850409,2937086297,0.019632223
03-11-2016,RELIANCE,1023.85,1034.75,1020.6,1023.95,1023.75,1671371,1718133325,0.01953602
26-02-2014,RELIANCE,811,816.85,808.25,810.7,810.55,3110571,2525321438,0.018505953
20-10-2016,RELIANCE,1093.95,1098,1084.05,1087.55,1087.35,2314521,2522655591,0.018393342
19-10-2020,RELIANCE,2190.05,2228.7,2155.15,2176.2,2175.8,14399062,31530332263,0.018384043
20-06-1995,RELIANCE,271.25,274.25,271.25,272.05,272,867150,236326862.5,0.018382353
18-07-2018,RELIANCE,1098.4,1104.6,1077.3,1092.55,1092.35,4682099,5111167211,0.01830915
04-02-2003,RELIANCE,284.2,286.35,280.25,281.4,281.35,4478622,1266353375,0.017771459
27-06-2011,RELIANCE,866.7,881.8,861.85,871.55,871.4,3280025,2868096069,0.017213679
03-04-2023,RELIANCE,2345,2349,2315,2331.45,2331.05,4750238,11057879560,0.017159649
21-01-2022,RELIANCE,2452,2502.25,2452,2477.85,2477.45,6155759,15240631433,0.016145634
21-12-2001,RELIANCE,305,311.5,305,310.35,310.3,1007333,310940563.1,0.016113439
25-05-2000,RELIANCE,312.3,317.8,311.1,312.8,312.75,2617268,824215300.6,0.01598721
20-09-2022,RELIANCE,2522.45,2537.7,2494.7,2502.85,2502.45,3881882,9775496109,0.015984335
15-01-2018,RELIANCE,950,958.5,945.2,949.15,949,5084113,4842989337,0.015806112
09-10-2000,RELIANCE,341,346.5,339.05,340.45,340.4,2465985,844590134.2,0.014688602
22-10-2010,RELIANCE,1085.45,1093.8,1074.35,1081.8,1081.65,4486466,4870885413,0.013867702
16-07-2025,RELIANCE,1473,1491,1471.5,1485.6,1485.4,10409983,15421636575,0.013464387
22-01-2013,RELIANCE,920,930.7,915.55,920.05,919.95,4266371,3946847007,0.010870156
13-11-2006,RELIANCE,1288,1296,1282,1285.4,1285.3,1127083,1450657707,0.007780285
10-04-2007,RELIANCE,1389.5,1390,1370.6,1384.4,1384.3,1325433,1828667082,0.007223868
14-06-2012,RELIANCE,716,720.8,711.05,716.35,716.3,1709717,1223745756,0.006980316
06-05-2020,RELIANCE,1464,1484.95,1445.5,1460.75,1460.65,18510304,27183196663,0.006846267
01-12-2015,RELIANCE,964,978.8,961.25,965.9,965.85,2967325,2873866598,0.005176787
26-04-2016,RELIANCE,1015.4,1023.9,1007.5,1016.95,1016.9,6041279,6121324712,0.004916904
25-03-2010,RELIANCE,1096,1097,1077.4,1091.45,1091.4,5250073,5711236781,0.004581272
06-07-2007,RELIANCE,1714,1730.55,1685,1709.9,1709.85,1577879,2708573110,0.002924233
01-02-2024,RELIANCE,2870,2886.7,2836.1,2853.3,2853.25,6674681,19075409130,0.001752388
02-01-1995,RELIANCE,341,343,340.5,341.2,341.2,13600,4647010,0
23-11-2001,RELIANCE,292,296.5,284.75,291.9,291.9,2574077,748448073.7,0
14-07-1998,RELIANCE,147,148.75,145.75,147.7,147.7,3573550,526599927.5,0
16-08-1996,RELIANCE,206.5,207.9,204.55,206.4,206.4,5397550,1112138263,0
24-02-1998,RELIANCE,153.35,153.75,151.7,152.7,152.7,4780600,730311292.5,0
25-03-1997,RELIANCE,290.75,292,286.05,288.55,288.55,11376050,3287702565,0
11-08-2014,RELIANCE,985.15,987.25,977.4,980.5,980.5,1530775,1502340422,0
28-09-2011,RELIANCE,799.75,806.3,789.1,797.2,797.2,5722488,4561252870,0
19-09-1997,RELIANCE,347.95,351.5,346.5,347.05,347.05,5247400,1828998420,0
12-02-1999,RELIANCE,122.5,123.9,121.9,122.1,122.1,3262150,400476660,0
16-10-2001,RELIANCE,274.9,276.9,271.65,273.6,273.6,3240179,887195198.6,0
13-12-2001,RELIANCE,312.75,319,295.65,311,311,4118449,1280909042,0
18-07-1995,RELIANCE,269,269,265.65,267.4,267.4,750400,200377180,0
07-07-2004,RELIANCE,439,443,435,438.4,438.4,7283552,3199830502,0
12-04-1999,RELIANCE,120,121.9,118.05,120.6,120.6,2430670,291636897.7,0
08-08-1997,RELIANCE,370.1,374.2,370,372.65,372.65,6845200,2548998553,0
30-04-2019,RELIANCE,1396.4,1396.4,1366.8,1392.8,1392.8,10217019,14148587975,0
05-10-2023,RELIANCE,2319.25,2329.4,2309,2314.1,2314.15,5476841,12692181392,-0.002160621
09-03-2021,RELIANCE,2200,2213.8,2146.6,2191.05,2191.1,6993792,15256736216,-0.002281959
18-03-2025,RELIANCE,1244.7,1248.35,1235,1238.8,1238.85,15745877,19508893455,-0.004036001
25-02-2019,RELIANCE,1236,1243,1220.65,1232.3,1232.35,7852528,9676593047,-0.004057289
13-10-2023,RELIANCE,2340,2357.5,2329.15,2349.3,2349.4,5075158,11898999932,-0.004256406
10-12-2009,RELIANCE,1073.7,1082,1062,1071.8,1071.85,2958917,3172888176,-0.004664832
23-06-2016,RELIANCE,979.95,982,970,980.45,980.5,2248693,2193589013,-0.005099439
17-08-2012,RELIANCE,817.9,824.9,809.65,816.1,816.15,3275638,2678167275,-0.006126325
20-06-2012,RELIANCE,738,742.95,733,737.4,737.45,2357462,1740129803,-0.006780121
06-07-2017,RELIANCE,1448.7,1450,1438,1442.55,1442.65,3106517,4486436977,-0.006931688
19-01-2022,RELIANCE,2530,2542,2509,2521.6,2521.8,4502155,11357696262,-0.007930843
08-01-2019,RELIANCE,1105.1,1109.95,1096,1104.65,1104.75,5625153,6209150563,-0.009051822
20-02-2017,RELIANCE,1070.55,1078.85,1066.5,1075.4,1075.5,2663127,2861806843,-0.009298001
20-12-2010,RELIANCE,1045,1068,1044.6,1056.75,1056.85,3624895,3836299581,-0.009462081
28-12-2022,RELIANCE,2538,2549.8,2521.5,2544.45,2544.7,3442509,8735979366,-0.009824341
14-11-2014,RELIANCE,969,977.75,965.05,969.15,969.25,1925588,1868731233,-0.010317256
07-04-2014,RELIANCE,944,954.95,934.35,944.15,944.25,2949923,2780508378,-0.010590416
29-09-2014,RELIANCE,936.95,942.7,929.6,933.15,933.25,2852977,2671256141,-0.010715242
24-02-2009,RELIANCE,1235,1263.6,1201.35,1253.25,1253.4,4570169,5626253531,-0.011967449
25-05-2023,RELIANCE,2433.9,2449,2416.05,2439.95,2440.25,5301647,12883732875,-0.012293822
26-11-2012,RELIANCE,774.9,779.45,771,773.65,773.75,1038412,804394041.7,-0.012924071
29-12-1994,RELIANCE,339.5,339.75,338.75,339.2,339.25,3150,1068075,-0.014738394
01-12-2000,RELIANCE,327,330.25,324.5,328.1,328.15,3623292,1186848172,-0.015236934
03-11-2000,RELIANCE,318.4,320.75,314.8,315.65,315.7,4185175,1329155473,-0.015837821
29-04-1997,RELIANCE,304.05,305.7,303.1,305.15,305.2,5587550,1700684273,-0.0163827
20-05-1997,RELIANCE,297.25,298.8,296.2,297.1,297.15,2307100,685653292.5,-0.016826519
12-12-2005,RELIANCE,866.1,873.4,860.05,863.2,863.35,2668744,2316076158,-0.017374182
02-12-2005,RELIANCE,842,849.2,835,839.4,839.55,4049241,3416089213,-0.017866714
23-05-2023,RELIANCE,2460.65,2468,2451.45,2454.55,2455,2811473,6916583531,-0.018329939
22-01-2010,RELIANCE,1041,1071,1029.5,1053.85,1054.05,9113512,9597357853,-0.018974432
01-11-2016,RELIANCE,1051.3,1055.95,1047.4,1051,1051.2,2337011,2456355916,-0.019025875
23-07-2002,RELIANCE,254.6,259.8,252.7,256.75,256.8,2323311,595164392.2,-0.019470405
20-11-2006,RELIANCE,1225.25,1267.9,1225.25,1259,1259.25,2787002,3473323353,-0.019853087
25-01-2016,RELIANCE,1010,1018.75,1000,1003.95,1004.15,2994340,3026275942,-0.019917343
05-09-2005,RELIANCE,732,737.3,728.2,730.35,730.5,3729150,2733542657,-0.020533881
03-11-2023,RELIANCE,2327.2,2334.95,2315.75,2319.7,2320.2,4425078,10292487340,-0.021549866
28-07-2017,RELIANCE,1591.25,1605.95,1578,1594.45,1594.8,3276023,5216321536,-0.021946326
09-10-2003,RELIANCE,459,463,452.1,455.15,455.25,5438028,2489990742,-0.021965953
24-07-2013,RELIANCE,908,916.9,895.15,909.35,909.55,3151838,2864674653,-0.021988896
14-03-1996,RELIANCE,227,229.4,225.5,227.15,227.2,21336550,4865236908,-0.022007042
01-01-2019,RELIANCE,1125.25,1127.3,1110.1,1121,1121.25,4455850,4986129073,-0.022296544
10-01-2020,RELIANCE,1551.9,1557.95,1539.65,1547.65,1548,5704686,8838954165,-0.022609819
14-06-2006,RELIANCE,865,893,843.2,858.45,858.65,8583434,7424555514,-0.023292378
22-08-2023,RELIANCE,2516.9,2537.95,2499,2519.4,2520,3856522,9728035039,-0.023809524
12-08-1996,RELIANCE,209,210.55,207.1,208.05,208.1,6904900,1441663950,-0.02402691
05-09-2014,RELIANCE,1027.7,1033.45,1020.6,1025.65,1025.9,2075273,2129595976,-0.024368847
09-09-2019,RELIANCE,1220.65,1233,1213.15,1222.2,1222.5,5370758,6574555885,-0.024539877
26-06-2013,RELIANCE,809.45,814.45,801.1,803.6,803.8,3808494,3079950647,-0.024881811
24-06-2013,RELIANCE,790,796.15,778.5,792.65,792.85,3728564,2945325981,-0.025225452
28-08-2003,RELIANCE,394.05,397.5,388.5,393.7,393.8,5044335,1977628147,-0.025393601
31-07-2006,RELIANCE,988,998,976.1,978.8,979.05,3319820,3271455293,-0.025534957
30-05-2023,RELIANCE,2520.6,2537.7,2514.35,2519.95,2520.6,5234564,13216961279,-0.025787511
13-09-2005,RELIANCE,753,759.45,749.95,752.3,752.5,5456619,4120460896,-0.026578073
18-07-2025,RELIANCE,1484.8,1484.8,1469.1,1476,1476.4,10296318,15189104342,-0.027092929
24-05-2005,RELIANCE,533.15,535.75,526.6,531,531.15,3664809,1943533141,-0.02824061
05-02-2021,RELIANCE,1930.05,1944.65,1920,1923.75,1924.3,9344470,18028883268,-0.028581822
20-04-2021,RELIANCE,1910.5,1919,1890.45,1901.15,1901.7,7939490,15138541715,-0.028921491
13-02-2017,RELIANCE,1033,1034,1022,1029.85,1030.15,1957988,2009983985,-0.029121973
24-05-1999,RELIANCE,164.25,171,161.7,167.05,167.1,10612323,1761458195,-0.029922202
07-03-2017,RELIANCE,1318.85,1327,1296.15,1304.95,1305.35,9616850,12590518108,-0.030643123
02-05-2024,RELIANCE,2944,2954.65,2928.25,2933.1,2934,7256323,21342518419,-0.030674847
24-11-2011,RELIANCE,775,778,753.15,773.15,773.4,6367715,4872489627,-0.0323248
22-07-2008,RELIANCE,2125,2199,2125,2152.15,2152.85,2853219,6181033632,-0.032515038
16-07-2020,RELIANCE,1847,1869,1812.45,1843.4,1844,28133993,51879421166,-0.032537961
03-05-2017,RELIANCE,1376.9,1380.75,1365,1370.1,1370.55,2171549,2977965401,-0.032833534
05-04-2000,RELIANCE,303.4,312,278.25,302.25,302.35,25186375,7473067454,-0.033074252
27-03-1997,RELIANCE,290.5,292.7,288.5,291.6,291.7,7979500,2318104690,-0.034281796
20-07-2007,RELIANCE,1899,1915,1881,1892.15,1892.8,3610919,6867708237,-0.034340659
20-07-2007,RELIANCE,1899,1915,1881,1892.15,1892.8,3610919,6867708237,-0.034340659
20-06-2002,RELIANCE,286.9,288.3,283.4,286.55,286.65,1225916,351057760.7,-0.034885749
24-06-2002,RELIANCE,285,285,281.15,283.8,283.9,755322,213682942.7,-0.03522367
24-09-2009,RELIANCE,2090,2130,2058,2100.95,2101.7,4761898,9945424283,-0.035685398
22-01-2020,RELIANCE,1544,1546.75,1531.1,1533.35,1533.9,4719245,7258954216,-0.035856314
23-12-2021,RELIANCE,2374,2380,2358.05,2365.25,2366.1,4186912,9911598014,-0.035924095
19-01-2024,RELIANCE,2752,2752,2718,2734.9,2735.9,5211352,14238941783,-0.036551044
22-08-2024,RELIANCE,3006,3013,2981.3,2996.25,2997.35,5222891,15641935953,-0.036699084
05-05-2005,RELIANCE,542.75,547.4,539.2,541.15,541.35,1737052,944619845.3,-0.036944675
13-02-2025,RELIANCE,1217.05,1228,1212,1216.1,1216.55,8511216,10380276762,-0.036989848
18-08-2009,RELIANCE,1923.7,1956.2,1920.15,1941.2,1941.95,2973261,5771381636,-0.038620974
01-02-2025,RELIANCE,1265.1,1270.55,1241,1264.6,1265.1,7118453,8972248877,-0.039522567
14-02-2012,RELIANCE,846.9,856.4,843,848.9,849.25,3134221,2667990466,-0.041212835
02-12-2022,RELIANCE,2730,2748,2700.6,2722.15,2723.3,5348595,14575017228,-0.042228179
04-08-2003,RELIANCE,353.5,357.7,352.5,354.9,355.05,3691388,1311011036,-0.042247571
20-01-2006,RELIANCE,707,709.4,702,704.2,704.5,3859831,2722769023,-0.042583392
28-05-2018,RELIANCE,924.9,927,918.1,920.4,920.8,5197835,4793495121,-0.043440487
31-03-2006,RELIANCE,799.95,808,788,795.35,795.7,8352073,6689016335,-0.043986427
29-12-2022,RELIANCE,2527,2548.9,2525.5,2543.3,2544.45,3198493,8114144680,-0.045196408
20-04-2004,RELIANCE,554.5,554.5,548,552.35,552.6,3512801,1936036795,-0.04524068
25-01-2018,RELIANCE,967.9,972,956.15,965.9,966.35,6249419,6024404785,-0.046566979
10-04-1996,RELIANCE,215,215.95,211.4,212.25,212.35,10179050,2171881530,-0.047092065
26-05-2005,RELIANCE,531,533.5,526.55,530.4,530.65,7769559,4120265787,-0.047112032
08-12-2022,RELIANCE,2660,2665,2640.1,2649.25,2650.5,3579858,9492988489,-0.047160913
15-01-2013,RELIANCE,846.15,851.8,838,847.15,847.55,2374487,2005275790,-0.047194856
14-03-2024,RELIANCE,2879.4,2897.05,2851,2862.95,2864.35,9285551,26659495810,-0.048876709
05-05-2010,RELIANCE,1010,1023.55,1003.3,1020.65,1021.15,3423392,3476579151,-0.048964403
30-07-2010,RELIANCE,1014.95,1020.35,1007.25,1009.65,1010.15,4398414,4455351182,-0.049497599
01-01-2003,RELIANCE,300.8,301.5,297.1,297.8,297.95,3385535,1011712854,-0.050344017
03-04-2001,RELIANCE,390,395,386,390.85,391.05,1537797,603020278.8,-0.051144355
11-12-2009,RELIANCE,1080,1088,1064.5,1071.25,1071.8,3531678,3802794124,-0.051315544
28-06-2011,RELIANCE,878.9,878.9,862,871.1,871.55,2336039,2029689885,-0.05163215
08-12-2023,RELIANCE,2463.85,2476.7,2445,2455.75,2457.05,5102447,12539153829,-0.052908976
18-11-2022,RELIANCE,2606.75,2609,2571.1,2597.65,2599.05,2447425,6337149846,-0.053865836
14-12-2011,RELIANCE,738,753.9,733.4,741.9,742.3,5304706,3955503045,-0.053886569
06-04-1998,RELIANCE,185.75,186.7,184,184.85,184.95,5626300,1042589760,-0.054068667
20-08-2003,RELIANCE,372,374.7,367.55,368.9,369.1,3505892,1301272648,-0.054185857
10-05-2016,RELIANCE,983.1,984.7,978,982.55,983.1,1656840,1626181209,-0.055945479
27-03-2020,RELIANCE,1095,1107.3,1046.2,1065.6,1066.2,19044644,20378895931,-0.05627462
08-05-2014,RELIANCE,963.1,970.1,950.75,960.3,960.85,2731382,2624820061,-0.057240985
02-05-2001,RELIANCE,342,346.5,336.2,342.3,342.5,2262729,774855127.6,-0.058394161
25-09-2002,RELIANCE,254.1,255.95,252,255.35,255.5,1211786,307976826.8,-0.058708415
16-02-2001,RELIANCE,423.9,429.35,420,422.45,422.7,12684331,5387581334,-0.059143601
11-12-2020,RELIANCE,2013,2038,1974.25,2005.8,2007,12434745,25062187258,-0.059790732
12-12-2017,RELIANCE,915.95,929,908,915.6,916.15,7215014,6643269136,-0.060033837
05-07-2010,RELIANCE,1070,1073.15,1062.7,1068.3,1068.95,1462821,1562331610,-0.060807334
18-05-2024,RELIANCE,2875,2879,2865.4,2869.65,2871.4,213020,611660842,-0.06094588
02-07-2012,RELIANCE,735.5,740.8,730.15,737.4,737.85,1561673,1148393872,-0.060988006
24-01-2000,RELIANCE,325.5,331.85,322,326.15,326.35,13163301,4315881466,-0.061283898
23-04-2014,RELIANCE,969,982,964.25,967.15,967.75,3494693,3390452355,-0.061999483
14-09-2009,RELIANCE,2135,2159.1,2111.5,2139.5,2140.85,2176986,4652694187,-0.063059065
10-09-2024,RELIANCE,2921,2944.1,2915.15,2923.05,2924.9,5384130,15768777163,-0.063250026
25-02-2002,RELIANCE,315.2,316.75,313,314.7,314.9,864010,272213914.6,-0.063512226
12-11-2004,RELIANCE,550,551.95,541.5,545.55,545.9,1264067,692321615.5,-0.064114307
25-07-2023,RELIANCE,2494,2505.2,2480,2485.8,2487.4,6013010,14988681530,-0.064324194
16-04-2025,RELIANCE,1234.1,1240.9,1229,1239.3,1240.1,8248464,10191864642,-0.064510927
30-11-1994,RELIANCE,382,382,379,380.25,380.5,21950,8356250,-0.065703022
03-07-2025,RELIANCE,1520.8,1531.9,1513,1517.8,1518.8,11283291,17156979937,-0.065841454
21-03-2002,RELIANCE,302,304.65,301.1,303.55,303.75,1151936,348983609.1,-0.065843621
25-05-2005,RELIANCE,528,534,525.5,530.65,531,4031194,2139137560,-0.065913371
24-11-2023,RELIANCE,2391.6,2402.6,2391.05,2393.9,2395.5,3374743,8090226237,-0.066791901
26-07-2013,RELIANCE,892.2,903.7,885.45,890.15,890.75,2186491,1958348288,-0.067358967
28-02-2017,RELIANCE,1232,1248,1228.5,1238.05,1238.9,8254531,10241229539,-0.06860925
15-11-1994,RELIANCE,360,364,356.75,361.25,361.5,66900,24149512.5,-0.069156293
07-07-1998,RELIANCE,143.85,145.7,142.8,143.45,143.55,4833950,696743415,-0.069662139
02-03-2024,RELIANCE,2984,3000.9,2976,2982.15,2984.25,358150,1070743615,-0.07036944
11-08-2011,RELIANCE,768.35,784.95,765,772.2,772.75,2489305,1932277635,-0.071174377
01-04-2024,RELIANCE,2984.95,2987.95,2965,2969.55,2971.7,2506940,7455079986,-0.07234916
02-04-2008,RELIANCE,2395,2452.8,2330,2343.55,2345.25,3664625,8795666591,-0.072486942
04-05-2001,RELIANCE,343.15,346,341,343.7,343.95,1256387,431946645.5,-0.072684983
03-12-2009,RELIANCE,1104.9,1120,1092.1,1099.65,1100.45,3980841,4407611752,-0.072697533
23-09-1997,RELIANCE,336.1,339.5,335,336.95,337.2,4867500,1642736075,-0.074139976
01-02-2010,RELIANCE,1037.5,1055,1035.55,1045.4,1046.2,2773369,2902438209,-0.076467215
03-12-2015,RELIANCE,974.9,988.95,974.1,977.2,977.95,2597024,2547027061,-0.076691037
07-08-1998,RELIANCE,131,131.25,129.65,130.2,130.3,4566500,595946927.5,-0.076745971
18-06-2025,RELIANCE,1430,1442.8,1425.7,1430.1,1431.2,6681735,9563629434,-0.07685858
09-05-2006,RELIANCE,1160,1169.7,1136,1154.1,1155,7244226,8351284981,-0.077922078
16-02-2023,RELIANCE,2449.45,2463.8,2425.05,2430.05,2431.95,7967558,19483314958,-0.078126606
27-02-2007,RELIANCE,1305.1,1415.1,1305.1,1405.45,1406.55,2988590,4194271993,-0.078205538
03-03-2012,RELIANCE,811,815.05,811,813.45,814.1,118842,96694664.75,-0.079842771
20-03-2019,RELIANCE,1377.8,1388,1364,1375.45,1376.55,9892823,13614222090,-0.07990992
04-09-2023,RELIANCE,2412.65,2423.65,2405.3,2410.7,2412.65,4673813,11280512430,-0.08082399
30-11-2018,RELIANCE,1172.3,1186,1162.3,1167.55,1168.5,10717448,12554963387,-0.081300813
25-06-1997,RELIANCE,379,383.9,366,368.55,368.85,25120400,9379162528,-0.081333876
16-08-2023,RELIANCE,2551,2582.8,2551,2575.15,2577.25,5101556,13101545281,-0.0814822
07-06-1996,RELIANCE,241.1,245.5,240.75,244.35,244.55,7996100,1945656815,-0.081782866
28-04-1997,RELIANCE,305,307.6,303.5,305.2,305.45,6193600,1892165468,-0.081846456
12-07-2019,RELIANCE,1283,1300,1278.05,1280.5,1281.55,7174054,9271567813,-0.081932035
24-09-2014,RELIANCE,968.5,974.1,955.4,965.05,965.85,3518809,3402958890,-0.082828597
13-04-1999,RELIANCE,119.3,122.45,119.3,120.5,120.6,3788816,457691604.8,-0.08291874
15-04-2011,RELIANCE,1018.65,1024.85,1005,1020.95,1021.8,3240001,3289000051,-0.083186534
26-11-2019,RELIANCE,1568.1,1576.35,1556,1560.25,1561.55,16152137,25248383481,-0.083250616
31-12-2012,RELIANCE,840.3,849.8,836.8,839.55,840.25,2224287,1872356358,-0.083308539
06-10-2020,RELIANCE,2225.25,2233.9,2201.65,2210.35,2212.2,8497352,18810040908,-0.083627158
05-08-1999,RELIANCE,180,185.25,178.4,179.2,179.35,8532110,1554526036,-0.08363535
31-05-2006,RELIANCE,938,962.9,912,954.15,954.95,9106430,8518166041,-0.08377402
14-07-2023,RELIANCE,2750,2760.9,2725.1,2740.7,2743,6979790,19117813181,-0.083849799
29-04-2020,RELIANCE,1444.9,1453.65,1420,1426.95,1428.15,17141540,24622404116,-0.084024787
24-10-2016,RELIANCE,1070,1074,1060.65,1063.3,1064.2,2403099,2565001759,-0.084570569
01-03-2006,RELIANCE,708,713.9,702.1,708.25,708.85,4523549,3201963785,-0.084644142
13-05-1997,RELIANCE,292.5,294.5,291.6,292.65,292.9,5936350,1738374533,-0.085353363
16-09-2024,RELIANCE,2955.1,2961.8,2929.5,2942.7,2945.25,2740887,8070408900,-0.086580087
08-04-2016,RELIANCE,1035.9,1054.45,1031.2,1036.35,1037.25,3065701,3193915291,-0.086767896
06-11-2012,RELIANCE,804,807.4,796.25,805.45,806.15,3531643,2827045372,-0.086832475
28-03-2011,RELIANCE,1026.25,1036.35,1014.3,1025.7,1026.6,4361259,4465708133,-0.08766803
14-01-2025,RELIANCE,1244.1,1253.35,1227.25,1238.75,1239.85,13095266,16191765836,-0.08872041
01-12-1998,RELIANCE,111.7,112.9,111.2,112.15,112.25,6903500,773559787.5,-0.08908686
20-04-2009,RELIANCE,1720,1754.7,1688.3,1715.4,1716.95,4930249,8503054407,-0.090276362
05-12-2016,RELIANCE,995,999.7,986.5,993.85,994.75,911410,905170181.8,-0.090474994
11-08-2000,RELIANCE,329.5,332,327.7,329.25,329.55,1951207,643383255.7,-0.091033227
04-12-2006,RELIANCE,1265,1276,1255.6,1259.9,1261.05,2498187,3162661169,-0.091193846
06-04-2001,RELIANCE,383,392.95,381,382.75,383.1,1167280,451459256.8,-0.091359958
27-12-2007,RELIANCE,2900,2926,2875.1,2893.85,2896.5,3821936,11084041294,-0.091489729
27-12-2007,RELIANCE,2900,2926,2875.1,2893.85,2896.5,3821936,11084041294,-0.091489729
31-05-2012,RELIANCE,697,729.05,682.35,705.6,706.25,9024961,6297169280,-0.092035398
25-04-2025,RELIANCE,1303.5,1325.2,1288.1,1300.4,1301.6,14431012,18807907515,-0.092194222
17-04-2008,RELIANCE,2680.2,2718,2620.5,2640.05,2642.5,2506892,6657125796,-0.092715232
27-07-2022,RELIANCE,2419.95,2427,2402,2419.2,2421.5,3994321,9650459375,-0.094982449
30-08-2023,RELIANCE,2432,2443,2415,2418.05,2420.35,6084473,14764544104,-0.095027579
04-08-2016,RELIANCE,999,1000,983.4,993,993.95,2328716,2306189259,-0.095578248
28-08-2017,RELIANCE,1579.05,1581.95,1561.2,1566.55,1568.05,2815328,4414602361,-0.095660215
12-05-2003,RELIANCE,262,263,258.25,260.8,261.05,2117544,551561066.7,-0.095767094
28-01-2022,RELIANCE,2365,2375.9,2328.4,2335.85,2338.1,6769154,15893536412,-0.096231983
26-04-2007,RELIANCE,1610,1626.6,1584,1596.85,1598.4,6204641,9981022616,-0.096971972
18-04-2024,RELIANCE,2927,2972,2918.7,2928.65,2931.5,9502846,27941531144,-0.097219853
10-07-2019,RELIANCE,1280.05,1289.35,1268.7,1278.85,1280.1,5494315,7019145793,-0.097648621
08-06-2016,RELIANCE,958,958,949.15,954.1,955.05,2773975,2644278170,-0.099471232
09-11-2022,RELIANCE,2610.3,2621.95,2590.05,2604,2606.6,5193814,13558251214,-0.099746797
15-11-2018,RELIANCE,1096.95,1103,1086.5,1096.85,1097.95,6831740,7481565459,-0.100186712
05-05-1995,RELIANCE,250,253,245.75,246.9,247.15,848500,211306015,-0.101153146
18-06-2019,RELIANCE,1278.9,1287.95,1269.1,1281,1282.3,7679193,9828580500,-0.101380332
19-04-2017,RELIANCE,1369,1382.55,1357.55,1368.8,1370.2,2645292,3620655412,-0.102174865
10-02-2022,RELIANCE,2395.7,2395.7,2365.1,2381.05,2383.5,5752361,13702086540,-0.102790015
10-02-2022,RELIANCE,2395.7,2395.7,2365.1,2381.05,2383.5,5752361,13702086540,-0.102790015
13-12-2017,RELIANCE,916.9,924.95,910.7,914.65,915.6,4182097,3843490644,-0.103757099
09-02-2011,RELIANCE,908.4,937.2,903.65,914.3,915.25,8738283,8067078842,-0.103796777
31-08-2000,RELIANCE,338.5,340.8,335.05,336.55,336.9,2740898,927282815.5,-0.103888394
02-03-2015,RELIANCE,869,875.5,855.55,864.25,865.15,3332631,2873565098,-0.104028203
10-10-2013,RELIANCE,859,862.8,848.05,860,860.9,2142108,1832817786,-0.104541759
30-05-2006,RELIANCE,959.7,977.5,945,954.95,955.95,3546189,3428230307,-0.104607982
19-01-2023,RELIANCE,2472.9,2481.15,2456.65,2472.05,2474.7,5510333,13623898940,-0.107083687
27-12-2021,RELIANCE,2361.55,2378,2348.1,2370.25,2372.8,1853948,4388054040,-0.10746797
27-12-2021,RELIANCE,2361.55,2378,2348.1,2370.25,2372.8,1853948,4388054040,-0.10746797
23-04-2021,RELIANCE,1906,1918.9,1895.35,1904.35,1906.4,5459016,10412893970,-0.107532522
21-10-2009,RELIANCE,2179,2209,2168.65,2182.2,2184.55,2549442,5585439807,-0.107573642
19-02-2009,RELIANCE,1290,1309,1282.1,1293.75,1295.15,3004383,3892590209,-0.108095587
06-01-2006,RELIANCE,921.7,931.45,913.1,920.7,921.7,6359000,5866909705,-0.108495172
30-01-1997,RELIANCE,269,278.5,268.5,273.95,274.25,21161700,5789028005,-0.109389243
09-09-2010,RELIANCE,962.95,967.2,955.2,958.55,959.6,2311961,2220979970,-0.109420592
19-11-2012,RELIANCE,775.25,778.25,761.35,774.3,775.15,4737114,3645127335,-0.109656196
12-06-1995,RELIANCE,273.25,273.8,269.6,272.9,273.2,1624300,441527262.5,-0.109809663
21-05-2003,RELIANCE,272.7,273.8,269.3,271.8,272.1,2578727,700315590.9,-0.110253583
09-02-2010,RELIANCE,993.75,998,982.7,993.25,994.35,3266918,3240343415,-0.110625031
19-02-2014,RELIANCE,813,820,810,812.25,813.15,1401247,1141789088,-0.110680686
28-01-2002,RELIANCE,316,324,312.65,314.45,314.8,2349800,748372031,-0.111181703
28-04-2020,RELIANCE,1450,1455.45,1392.15,1428.15,1429.75,35866381,50974111341,-0.111907676
29-11-2006,RELIANCE,1255.1,1265.7,1246.15,1249.3,1250.7,1766782,2221217333,-0.111937315
27-02-2024,RELIANCE,2966.05,2999.9,2956.1,2971.3,2974.65,5413022,16100408444,-0.112618291
06-09-2002,RELIANCE,266,268.4,263.25,265.65,265.95,2514536,668234975.6,-0.112803158
07-10-2014,RELIANCE,927.25,934.9,923.45,926.15,927.2,2835389,2631947910,-0.113244176
14-01-2019,RELIANCE,1095,1100.5,1086.4,1096.8,1098.05,4111782,4496426169,-0.113838168
06-05-2009,RELIANCE,1889,1938.1,1860,1881.5,1883.65,4881911,9273725317,-0.1141401
06-11-1995,RELIANCE,263.05,266.95,260.2,261.6,261.9,7979350,2100048213,-0.114547537
01-10-2013,RELIANCE,826.3,829.9,817.7,821.45,822.4,2082088,1715658859,-0.115515564
02-04-2025,RELIANCE,1247.55,1255.55,1243.9,1251.15,1252.6,10142590,12688802512,-0.115759221
28-12-2001,RELIANCE,300,304.9,289.2,301.9,302.25,2118135,625400887.6,-0.11579818
25-01-2019,RELIANCE,1250.45,1264.7,1235.4,1246,1247.45,8550836,10718047747,-0.116237124
05-08-2014,RELIANCE,985.1,987.85,971,983.85,985,2796475,2738676718,-0.116751269
30-03-2015,RELIANCE,816.6,817.7,796.45,810.75,811.7,3961481,3200003964,-0.117038315
25-09-2018,RELIANCE,1235.5,1245,1195,1230.6,1232.05,9715020,11917120826,-0.117690029
06-06-2000,RELIANCE,338,342.85,336.1,338.8,339.2,3919322,1331881312,-0.117924528
10-07-2025,RELIANCE,1519.7,1524.7,1507.5,1517.2,1519,10047129,15233458376,-0.118499013
05-12-2019,RELIANCE,1574,1579.75,1544,1550.85,1552.7,9117022,14235446633,-0.119147292
05-01-2011,RELIANCE,1080,1090,1070,1075.8,1077.1,5930189,6413029432,-0.120694457
14-08-2024,RELIANCE,2927.1,2944,2907.4,2923.7,2927.25,3133733,9168616381,-0.121274233
18-04-2016,RELIANCE,1065.8,1066.8,1055.4,1064.75,1066.05,4358102,4624603232,-0.1219455
27-06-2003,RELIANCE,326.65,328,321.55,324.75,325.15,4646035,1507468802,-0.123020145
07-08-2002,RELIANCE,244,246.85,239.7,241.25,241.55,2468829,602081509.7,-0.124197889
21-07-2005,RELIANCE,676,686.3,670.65,678.25,679.1,4972401,3375369333,-0.12516566
05-12-2014,RELIANCE,961,967,955.1,957.35,958.55,2296865,2206122678,-0.125189088
21-11-1998,RELIANCE,119.8,120,119.1,119.55,119.7,1487550,177816730,-0.125313283
13-03-2003,RELIANCE,278,280.9,275.4,277.95,278.3,3577231,995218994.4,-0.125763564
17-03-2023,RELIANCE,2244.75,2251.95,2212.7,2223.1,2225.9,15697554,34943597050,-0.125791815
09-10-2004,RELIANCE,556.8,559,552.1,553.75,554.45,648975,360220696.9,-0.12625124
07-11-1994,RELIANCE,396,398.25,393,395.5,396,58700,23214812.5,-0.126262626
13-06-2013,RELIANCE,783,792.9,780.55,789.8,790.8,2223263,1750284424,-0.126454224
12-11-2012,RELIANCE,785.85,789.4,779,786.65,787.65,2894127,2265849690,-0.126959944
18-11-2008,RELIANCE,1102.05,1152,1070.35,1139.95,1141.4,7351488,8282346186,-0.127036972
18-02-2015,RELIANCE,900,908,894.4,901.65,902.8,2248124,2026211155,-0.12738148
17-01-2019,RELIANCE,1144.45,1147.9,1130,1134.45,1135.9,7487963,8531072687,-0.127652082
15-12-2010,RELIANCE,1054,1064,1036,1053.9,1055.25,4899915,5156206749,-0.12793177
11-10-1996,RELIANCE,196.25,198.5,193.1,195.1,195.35,7793850,1529275615,-0.127975429
12-10-2012,RELIANCE,818.8,826.4,816.05,818.9,819.95,2429045,1993579630,-0.128056589
16-11-2004,RELIANCE,547,547,537.5,544.85,545.55,4899923,2657853251,-0.128310879
16-11-2004,RELIANCE,547,547,537.5,544.85,545.55,4899923,2657853251,-0.128310879
14-09-2021,RELIANCE,2375,2394,2366,2368.45,2371.55,4111205,9774584168,-0.130716198
26-06-2019,RELIANCE,1291,1304.6,1286.35,1294.15,1295.85,5299942,6868096872,-0.131188023
02-06-2009,RELIANCE,2300.1,2308.45,2224.05,2279.2,2282.2,3299111,7456958915,-0.131452108
12-07-2002,RELIANCE,268.5,269.35,264.35,265.3,265.65,1557646,415060941.9,-0.131752306
12-07-2010,RELIANCE,1060,1067.95,1052.05,1056.25,1057.65,2871831,3041158534,-0.132368931
11-09-2012,RELIANCE,789.5,795.85,783.2,791,792.05,3122198,2470874947,-0.132567388
21-08-2000,RELIANCE,336.2,338.9,335.1,336.5,336.95,1448300,488397315.8,-0.133550972
21-05-2014,RELIANCE,1079.85,1102.95,1073.75,1078.4,1079.85,5026907,5447486809,-0.134277909
26-02-2015,RELIANCE,846.1,850,836.6,842,843.15,4905338,4129095106,-0.136393287
14-11-2018,RELIANCE,1105.05,1112.65,1085.5,1097.95,1099.45,7787530,8553487246,-0.136431852
10-05-2012,RELIANCE,697.25,708.4,690.55,694.15,695.1,3391819,2373884367,-0.136670983
27-08-2021,RELIANCE,2237,2242.75,2216.05,2227.4,2230.45,4836812,10777769128,-0.136743706
18-01-2005,RELIANCE,513.1,522.4,508.85,510.85,511.55,6375660,3284541779,-0.136839019
03-11-2017,RELIANCE,955.95,955.95,940.15,945.3,946.6,2193730,2073948027,-0.137333615
27-06-2012,RELIANCE,726.4,729.6,718,722.5,723.5,1761932,1272939741,-0.138217001
23-08-2016,RELIANCE,1012,1015,1005,1010.45,1011.85,1673328,1690268899,-0.138360429
17-07-2012,RELIANCE,724.8,727.95,717.3,719.35,720.35,2605134,1881587451,-0.138821406
30-04-2010,RELIANCE,1040,1047.2,1030,1033.6,1035.05,3616419,3746203311,-0.140089851
05-05-2004,RELIANCE,532,533.45,527.05,530,530.75,4266223,2261140109,-0.141309468
09-08-1999,RELIANCE,176.8,178.5,175.2,176.55,176.8,4709770,831919347.5,-0.141402715
22-07-1998,RELIANCE,142.5,143.85,140.1,140.85,141.05,4805450,682254387.5,-0.14179369
12-07-2022,RELIANCE,2404,2439.7,2404,2420.45,2423.9,4974502,12061561234,-0.142332604
03-07-2012,RELIANCE,739.95,742.65,731.3,736.35,737.4,2353246,1734081516,-0.142392189
28-08-2024,RELIANCE,3010,3014.95,2986,2996.6,3000.9,4805143,14413356126,-0.143290346
28-08-2024,RELIANCE,3010,3014.95,2986,2996.6,3000.9,4805143,14413356126,-0.143290346
17-06-2016,RELIANCE,977,978.65,970.1,974.9,976.3,2408096,2346137251,-0.143398546
27-03-2018,RELIANCE,907.2,910.75,897,899.8,901.1,6939577,6269986775,-0.144268117
18-08-2022,RELIANCE,2660,2669,2640.2,2661.3,2665.15,3419730,9077457998,-0.14445716
29-03-2012,RELIANCE,718,729.7,718,724.65,725.7,5480717,3974914110,-0.144687888
29-01-2018,RELIANCE,966.2,977.3,959.3,964.5,965.9,4524605,4382895108,-0.144942541
24-03-2000,RELIANCE,239.2,242.95,237.65,240.6,240.95,2637850,634281283.5,-0.145258352
17-06-2020,RELIANCE,1608.25,1635.45,1602.1,1615.35,1617.7,19282519,31211518938,-0.145267973
19-12-2001,RELIANCE,313.9,313.9,307,308.7,309.15,2548940,788611030.7,-0.145560408
25-04-2005,RELIANCE,545,548.8,539.55,546.7,547.5,3463076,1886675437,-0.146118721
08-09-2017,RELIANCE,820,823.25,812.1,816.9,818.1,6056729,4950161480,-0.146681335
19-06-1995,RELIANCE,275,275,271.3,272,272.4,651750,178058145,-0.146842878
30-05-2018,RELIANCE,914.85,923.2,906.6,916.1,917.45,5991222,5486773045,-0.147146983
25-05-2022,RELIANCE,2635,2656.7,2601.5,2612,2615.85,5867760,15407680360,-0.147179693
03-09-2007,RELIANCE,1960.9,1979,1940,1957.95,1960.9,1994257,3905251368,-0.150441124
15-03-2007,RELIANCE,1299,1309.9,1279,1283.4,1285.35,2859247,3696694229,-0.151709651
01-10-1997,RELIANCE,361,363.5,354.9,360.9,361.45,8612900,3088568208,-0.152164891
19-07-2004,RELIANCE,426,428.9,422.2,423.8,424.45,6175357,2628264106,-0.153139357
19-07-2004,RELIANCE,426,428.9,422.2,423.8,424.45,6175357,2628264106,-0.153139357
02-04-2019,RELIANCE,1398,1403.1,1380.1,1389.7,1391.85,8012636,11140373758,-0.154470669
22-12-2020,RELIANCE,1949,1958.9,1888.45,1936.7,1939.7,12986606,24957654770,-0.154663092
22-10-2019,RELIANCE,1425,1436.85,1403.35,1414.15,1416.35,12703054,18050195874,-0.155328838
27-09-2007,RELIANCE,2330.7,2370,2305.45,2318.3,2321.95,3494924,8153980030,-0.157195461
13-01-1997,RELIANCE,220,223,218.5,222.25,222.6,5972500,1317764350,-0.157232704
17-01-2014,RELIANCE,889.15,896.9,880.25,884.75,886.15,3534630,3146980529,-0.157986797
15-04-2024,RELIANCE,2922,2964.25,2892.65,2929.65,2934.3,6451031,18949808687,-0.158470504
16-10-1996,RELIANCE,192.05,192.95,187.85,188.5,188.8,4973450,945921365,-0.158898305
07-02-2000,RELIANCE,341.1,349.45,338.05,343.6,344.15,8193641,2834154146,-0.159814035
07-08-1997,RELIANCE,362.15,378,362.15,372.65,373.25,17387150,6477501718,-0.160750167
17-04-2015,RELIANCE,935.05,944.3,922.6,926.85,928.35,5476551,5115923406,-0.161576991
13-01-2023,RELIANCE,2458.4,2472.9,2434.6,2467.6,2471.6,9515473,23358292572,-0.161838485
07-01-2021,RELIANCE,1920.5,1945,1905.15,1911.15,1914.25,14918406,28641263321,-0.16194332
07-10-2016,RELIANCE,1114,1123.05,1106.5,1109,1110.8,3492838,3891447818,-0.162045373
07-10-2016,RELIANCE,1114,1123.05,1106.5,1109,1110.8,3492838,3891447818,-0.162045373
09-09-2024,RELIANCE,2933,2939.85,2911.2,2924.9,2929.65,4505149,13172342173,-0.162135409
24-04-2012,RELIANCE,739,740.5,723.7,735.1,736.3,3809316,2785465863,-0.162977047
09-12-1996,RELIANCE,182,184.55,181.85,182.85,183.15,2905650,532587337.5,-0.163800164
05-07-2023,RELIANCE,2609,2609,2575.8,2584.5,2588.75,4729479,12229954790,-0.164171898
07-12-2023,RELIANCE,2460,2460.95,2442,2457.05,2461.1,4071048,9988795871,-0.164560562
12-12-2007,RELIANCE,2871,2910,2840,2880.9,2885.65,3105727,8942537994,-0.164607627
13-01-2025,RELIANCE,1230,1245.25,1226.4,1239.85,1241.9,13764861,17042274860,-0.165069651
18-01-2023,RELIANCE,2473.5,2491.1,2460.35,2474.7,2478.8,6206382,15372236749,-0.165402614
25-03-2013,RELIANCE,820.6,823.35,802.25,809.25,810.6,3213575,2616770153,-0.166543301
14-09-2016,RELIANCE,1048,1059,1040.9,1044.75,1046.5,4252754,4461991599,-0.16722408
12-12-2016,RELIANCE,1020.5,1041.7,1020.5,1027.2,1028.95,2062700,2133530208,-0.170076291
06-02-2014,RELIANCE,820,824.1,808.15,815.85,817.25,2474757,2020001612,-0.17130621
07-02-2014,RELIANCE,822.1,823.8,810.6,814.45,815.85,1933597,1579390182,-0.171600172
28-11-2006,RELIANCE,1249.3,1269.7,1239.9,1250.7,1252.85,3116339,3911034932,-0.171608732
25-11-2005,RELIANCE,846,846,836.35,842.65,844.1,4698762,3951121565,-0.171780595
04-10-2023,RELIANCE,2309,2319,2295.1,2314.15,2318.15,5143193,11851141944,-0.172551388
11-06-2018,RELIANCE,987.1,999.95,979.05,982.65,984.35,6866053,6806007440,-0.172702799
28-04-2000,RELIANCE,347.5,351.9,340.3,345.05,345.65,13426369,4648158227,-0.173585997
22-06-2010,RELIANCE,1063,1074.8,1056.95,1063.8,1065.65,2950749,3140901660,-0.173602965
30-08-2010,RELIANCE,952.1,964.8,945,947.95,949.6,2722106,2590665281,-0.173757372
15-07-2021,RELIANCE,2095,2095,2078.5,2082.35,2086,4360415,9098550275,-0.174976031
31-10-2017,RELIANCE,944.95,945.75,932.2,940.85,942.5,4345360,4077373480,-0.175066313
12-06-2001,RELIANCE,369.9,371.3,367.5,370.05,370.7,1379191,509447509.2,-0.175343944
17-11-1999,RELIANCE,229.4,234.9,227.15,227.2,227.6,8788376,2033843141,-0.175746924
17-11-1999,RELIANCE,229.4,234.9,227.15,227.2,227.6,8788376,2033843141,-0.175746924
26-09-2017,RELIANCE,821.7,827.05,812.2,820.1,821.55,4829571,3956299338,-0.176495648
31-03-2016,RELIANCE,1041,1056,1032.7,1045.2,1047.05,7047985,7368811911,-0.176686882
21-10-2015,RELIANCE,955.5,974.8,953,955,956.7,3292615,3170968735,-0.177694157
05-01-2023,RELIANCE,2523.5,2536.4,2504,2514.05,2518.55,6293519,15837639744,-0.178674237
08-03-2022,RELIANCE,2211.5,2246,2180,2235.5,2239.55,9825043,21813021865,-0.180839901
11-07-2011,RELIANCE,854,859.95,847,853.3,854.85,2194126,1875022038,-0.18131836
21-09-2016,RELIANCE,1074,1084.9,1069,1072.25,1074.2,2501476,2690360398,-0.181530441
07-06-2002,RELIANCE,274,275.95,271.25,274.75,275.25,1637171,447812676.1,-0.181653043
05-05-2009,RELIANCE,1885,1894.7,1836,1883.65,1887.1,4878488,9096206569,-0.1828202
08-04-2004,RELIANCE,570,579.7,565.5,572.95,574,4639042,2658723816,-0.182926829
27-04-2009,RELIANCE,1791,1807,1761,1785.55,1788.85,4197673,7488985008,-0.18447606
02-02-2007,RELIANCE,1383.7,1393.7,1368.05,1375.05,1377.6,1631888,2252656254,-0.18510453
08-09-1997,RELIANCE,342,345.5,340,344.75,345.4,4743600,1627096300,-0.188187609
16-07-1999,RELIANCE,187.15,190.3,184,185.3,185.65,9658037,1808460791,-0.188526798
03-08-2001,RELIANCE,317.5,321.1,310.3,317.2,317.8,3430847,1078906974,-0.188797986
12-03-2007,RELIANCE,1329.9,1334.6,1307,1315.7,1318.2,2156009,2850889201,-0.189652557
15-12-2017,RELIANCE,931,932.95,917.7,919.75,921.5,11158706,10295851305,-0.189907759
26-09-2000,RELIANCE,344,344,338.05,341.3,341.95,2857067,972689113.7,-0.19008627
13-09-1995,RELIANCE,259,262.75,258.75,261,261.5,1253850,327044772.5,-0.191204589
13-01-2006,RELIANCE,889.95,897,883.05,885.15,886.85,10131698,9007968732,-0.191689688
16-04-2018,RELIANCE,934.45,940,928.5,937.05,938.85,4084450,3809041574,-0.191723918
10-01-2008,RELIANCE,3035,3097.5,3015,3027.8,3033.65,4107103,12584362347,-0.192837012
27-11-2024,RELIANCE,1293.5,1303.85,1286,1293.2,1295.7,9572746,12385614506,-0.192945898
22-11-2017,RELIANCE,937.45,938.65,923.45,930.75,932.55,5055490,4702768893,-0.193019141
05-04-2024,RELIANCE,2921.75,2941.6,2912,2920.2,2925.85,3721149,10884250028,-0.193106277
15-11-1999,RELIANCE,233.5,233.7,229.05,230.55,231,4377151,1013045528,-0.194805195
07-07-2023,RELIANCE,2635,2664.95,2628,2633.6,2638.75,6172684,16329164523,-0.195168167
21-10-2006,RELIANCE,1220,1220,1195.1,1201.2,1203.55,663569,799572023.2,-0.195255702
11-02-2022,RELIANCE,2373.25,2384.5,2344.1,2376.4,2381.05,7357863,17423186718,-0.195291993
17-07-2015,RELIANCE,1025.25,1031.15,1018,1021.7,1023.7,2330438,2390292947,-0.195369737
25-01-2022,RELIANCE,2349.55,2388.65,2305,2373.25,2377.9,11311456,26512743790,-0.195550696
03-04-2025,RELIANCE,1233.05,1251.8,1233.05,1248.7,1251.15,7434366,9265530671,-0.195819846
20-12-2012,RELIANCE,841.95,841.95,829.5,837.85,839.5,2189272,1829786991,-0.196545563
09-10-2015,RELIANCE,894.05,905.45,881.5,887.35,889.1,2132195,1902314415,-0.196828253
09-06-2015,RELIANCE,883.55,890.65,877.35,883.7,885.45,2092303,1849338135,-0.197639618
06-09-2005,RELIANCE,730,734.9,725.5,728.9,730.35,3100515,2263066288,-0.198534949
24-12-1996,RELIANCE,200.4,202,198.5,200.55,200.95,5456600,1090868368,-0.199054491
16-10-1995,RELIANCE,274.95,274.95,273.1,274.4,274.95,579400,158707712.5,-0.20003637
20-02-2024,RELIANCE,2950.05,2951,2923.6,2942.05,2948,3558748,10452264181,-0.20183175
17-11-2004,RELIANCE,546,548.85,541.25,543.75,544.85,3522004,1920333979,-0.201890429
30-12-2005,RELIANCE,898,900.85,885.25,889.3,891.1,4947825,4426732909,-0.201997531
10-11-1998,RELIANCE,122.4,123.45,120.7,122.3,122.55,8965400,1092777303,-0.203998368
22-01-2019,RELIANCE,1232.85,1246.95,1219.6,1235.15,1237.7,16552819,20426529562,-0.206027309
29-11-2001,RELIANCE,290,291.8,286,289.95,290.55,1742425,504022308.4,-0.206504904
16-02-2022,RELIANCE,2430,2433,2395.95,2412.95,2417.95,4796294,11596325561,-0.206786741
28-02-2011,RELIANCE,970.2,994.3,960,964.25,966.25,5140248,5032612710,-0.20698577
05-05-2008,RELIANCE,2675.1,2709,2650,2669.2,2674.75,2103808,5638695135,-0.207496028
02-05-2012,RELIANCE,747.9,751.4,740,743.55,745.1,2861902,2131083635,-0.208025768
11-04-2022,RELIANCE,2600,2638.55,2583,2610.2,2615.65,4270816,11131687285,-0.20836121
20-11-2000,RELIANCE,310.55,312.6,309.05,310.2,310.85,1679820,522219764.2,-0.209104069
22-04-2016,RELIANCE,1039,1047.5,1029.3,1038.95,1041.15,2675586,2780346365,-0.211304807
05-09-2019,RELIANCE,1206.8,1213.2,1193.3,1198.6,1201.15,10512763,12643724991,-0.212296549
19-09-2002,RELIANCE,259.45,259.45,255.5,258.1,258.65,1510321,388792397.8,-0.212642567
08-08-2001,RELIANCE,324.9,331,322.55,328.45,329.15,1784988,585092915.4,-0.212668996
24-12-1998,RELIANCE,116.1,117.1,115.65,116.35,116.6,4441800,516715575,-0.214408233
18-05-2023,RELIANCE,2449.55,2457,2427.15,2434.05,2439.3,4857531,11870219947,-0.215225679
09-05-1997,RELIANCE,302.5,302.9,300.5,301.2,301.85,3044550,917939395,-0.215338744
15-09-1997,RELIANCE,344.65,346.75,343.55,344.65,345.4,3031900,1046526163,-0.217139548
16-12-1994,RELIANCE,345,350,342.75,344,344.75,65750,22758182.5,-0.217548949
17-11-2023,RELIANCE,2352.9,2373.25,2352.05,2355.55,2360.7,3879317,9168751612,-0.218155632
17-11-2023,RELIANCE,2352.9,2373.25,2352.05,2355.55,2360.7,3879317,9168751612,-0.218155632
22-09-2009,RELIANCE,2128.7,2139.7,2088.1,2097.95,2102.55,2629983,5556165829,-0.218781955
15-04-2019,RELIANCE,1345,1348.95,1335,1340.15,1343.1,4245127,5694089312,-0.219641129
28-02-2003,RELIANCE,297,302.8,292.55,294.75,295.4,7407437,2213182637,-0.220040623
07-09-2016,RELIANCE,1022,1027.05,1013.05,1017.65,1019.9,2954995,3011590628,-0.220609864
25-07-2024,RELIANCE,2962,3000.95,2954.15,2984.8,2991.4,6259938,18659122151,-0.22063248
05-02-2016,RELIANCE,979.1,982,961.4,970.9,973.05,4799882,4658176118,-0.22095473
10-10-2006,RELIANCE,1160,1164.8,1147.05,1150.9,1153.45,1316925,1522896781,-0.221075903
25-02-2014,RELIANCE,814.3,816,807.55,810.55,812.35,1609074,1306981466,-0.221579368
05-11-2012,RELIANCE,803.65,808.95,801.85,806.15,807.95,1158128,933197184.1,-0.222786063
16-10-2023,RELIANCE,2345,2354.55,2336,2344.05,2349.3,2964518,6956522674,-0.223470821
28-06-2000,RELIANCE,335,336.95,332.5,333.75,334.5,1744726,584104051.3,-0.224215247
16-08-2010,RELIANCE,980,991.9,975,976.9,979.1,3206742,3149424577,-0.22469615
16-05-2016,RELIANCE,977,982.5,971.1,975.95,978.15,2132072,2081760479,-0.224914379
04-10-2019,RELIANCE,1319.9,1328.6,1303.85,1308.1,1311.05,6853954,9034653712,-0.225010488
14-12-2001,RELIANCE,311,312,305.25,310.3,311,1338554,414304487.2,-0.225080386
17-10-2002,RELIANCE,243.5,244.8,241.65,243.65,244.2,1207311,293495851.6,-0.225225225
11-07-2024,RELIANCE,3175,3208.5,3141,3161.3,3168.45,5970473,18924071475,-0.22566239
21-02-2024,RELIANCE,2948,2977.05,2915.1,2935.4,2942.05,6360146,18757966312,-0.226032868
21-08-2012,RELIANCE,816,823.9,812.3,814.25,816.1,2527532,2063779757,-0.226687906
09-01-1997,RELIANCE,218.75,221.9,217.35,219.85,220.35,7199100,1579229595,-0.226911731
17-04-2012,RELIANCE,754.8,754.8,740.35,746.4,748.1,3175927,2368218919,-0.227242347
06-01-2017,RELIANCE,1074.2,1085,1073.1,1074.95,1077.4,1793427,1934704005,-0.227399295
17-07-1997,RELIANCE,351,352.5,347.55,350,350.8,6988650,2447927268,-0.228050171
18-11-2011,RELIANCE,800.3,811.95,787,808.1,809.95,4958044,3951299005,-0.228409161
10-04-2019,RELIANCE,1337.95,1348,1326.5,1331.4,1334.45,7612711,10185730758,-0.228558582
17-04-2004,RELIANCE,566,567.9,563.55,564.85,566.15,814748,460830993,-0.229621125
16-08-2011,RELIANCE,760,772.3,754.7,759.15,760.9,2580004,1974240987,-0.2299908
25-10-2016,RELIANCE,1065,1065.25,1054.2,1060.85,1063.3,1750711,1855315528,-0.230414747
30-05-2007,RELIANCE,1750,1780,1742.1,1752.85,1756.9,3083875,5422980297,-0.230519665
12-04-2018,RELIANCE,929.85,936.65,924.2,928.7,930.85,4947725,4598362820,-0.230971693
11-12-2013,RELIANCE,882.5,884.95,872.5,882.6,884.65,1137789,1000544918,-0.231730063
25-10-2023,RELIANCE,2250.05,2281.2,2243,2257.95,2263.2,5810344,13140036000,-0.231972428
10-12-1999,RELIANCE,236.7,243.9,235,236.1,236.65,8889287,2126269175,-0.232410733
19-08-2008,RELIANCE,2225,2234,2195.4,2219.6,2224.8,2077098,4603410424,-0.233728875
06-10-2009,RELIANCE,2159.95,2159.95,2102,2134.1,2139.1,3669459,7813790312,-0.233743163
09-08-2017,RELIANCE,1601.5,1620,1585,1598.8,1602.55,2385643,3830853343,-0.234002059
24-03-1999,RELIANCE,129.55,135.8,123.1,127.65,127.95,8169250,1072394398,-0.234466589
04-03-2020,RELIANCE,1352,1353.8,1307.9,1339.7,1342.85,10105782,13453213012,-0.234575716
04-03-2020,RELIANCE,1352,1353.8,1307.9,1339.7,1342.85,10105782,13453213012,-0.234575716
04-03-2020,RELIANCE,1352,1353.8,1307.9,1339.7,1342.85,10105782,13453213012,-0.234575716
04-03-2020,RELIANCE,1352,1353.8,1307.9,1339.7,1342.85,10105782,13453213012,-0.234575716
04-03-2020,RELIANCE,1352,1353.8,1307.9,1339.7,1342.85,10105782,13453213012,-0.234575716
02-02-2012,RELIANCE,835,842.7,824.15,829.25,831.2,4901979,4086141509,-0.234600577
29-07-2019,RELIANCE,1216.9,1222,1205.1,1210.95,1213.8,8058035,9769288353,-0.234799802
17-05-2017,RELIANCE,1353,1365.95,1347.75,1353.1,1356.3,2250304,3047263294,-0.235936002
09-09-2021,RELIANCE,2427.9,2437.85,2416.1,2425.6,2431.35,4136538,10028369652,-0.236494129
18-08-2000,RELIANCE,337.05,339.85,335.65,336.95,337.75,1834008,619383913.2,-0.236861584
24-04-2000,RELIANCE,346,360.6,323,336.95,337.75,17618258,6147973672,-0.236861584
24-02-2005,RELIANCE,550.3,553.5,545.6,547,548.3,4971064,2737776091,-0.23709648
11-12-2002,RELIANCE,294.9,296.9,290.6,292.65,293.35,4144766,1218387702,-0.238622806
20-03-2015,RELIANCE,857.9,861.15,848.6,854.1,856.15,2378572,2032906712,-0.239444023
06-04-2010,RELIANCE,1128,1133,1120.2,1123.2,1125.9,2853138,3209361189,-0.239808153
24-09-2004,RELIANCE,500,506.75,495.05,498.85,500.05,5740455,2875685702,-0.239976002
07-02-2023,RELIANCE,2312,2327.4,2293,2305.9,2311.45,6985001,16151225520,-0.240109022
28-05-2007,RELIANCE,1739.9,1750,1716.3,1723.9,1728.05,1540056,2673255788,-0.240155088
05-04-2023,RELIANCE,2348,2348,2308.55,2325.85,2331.45,7505339,17454736440,-0.240193871
06-05-2003,RELIANCE,270,272.65,267.9,269.9,270.55,3081872,833131585.4,-0.24025134
28-03-2025,RELIANCE,1280,1295.75,1269,1275.1,1278.2,18147129,23194774031,-0.242528556
15-09-2017,RELIANCE,842,852.85,834.75,841.8,843.85,13072853,11007221826,-0.242934171
05-02-2018,RELIANCE,894,912.5,881.8,902.15,904.35,8773525,7913964633,-0.243268646
07-04-2004,RELIANCE,579.85,580.9,570,574,575.4,4157678,2388064970,-0.243309002
07-08-2025,RELIANCE,1387.7,1393.7,1366,1389.4,1392.8,9976705,13783047744,-0.244112579
05-01-2005,RELIANCE,526,533.45,516.15,529.95,531.25,8029644,4231352356,-0.244705882
20-07-2021,RELIANCE,2099.5,2108,2084,2093.8,2098.95,3111185,6524718783,-0.245360776
20-07-2021,RELIANCE,2099.5,2108,2084,2093.8,2098.95,3111185,6524718783,-0.245360776
26-08-2014,RELIANCE,996,996.95,983,993.35,995.8,2182560,2159858515,-0.24603334
22-03-2013,RELIANCE,808.3,821,804.35,810.6,812.6,2714879,2203241993,-0.246123554
22-03-2013,RELIANCE,808.3,821,804.35,810.6,812.6,2714879,2203241993,-0.246123554
22-07-1997,RELIANCE,347,347.4,342.75,344.3,345.15,5851100,2019170450,-0.246269738
04-08-1997,RELIANCE,365,366.45,361.8,362.85,363.75,7428300,2706940295,-0.24742268
22-09-2003,RELIANCE,411.9,411.9,400.1,403.05,404.05,5331483,2160543055,-0.247494122
15-09-1995,RELIANCE,262.55,262.85,261,261.5,262.15,291800,76440960,-0.247949647
08-03-2019,RELIANCE,1266.05,1274.45,1262,1267.1,1270.25,6040052,7654451409,-0.247982681
02-12-1996,RELIANCE,180.25,182.95,179.15,180.85,181.3,2612350,474493570,-0.248207391
17-12-2019,RELIANCE,1566.75,1579,1555.55,1562.7,1566.6,9291724,14538834628,-0.248946764
18-09-1998,RELIANCE,120,120.7,118.5,119.95,120.25,5553950,663816747.5,-0.249480249
31-01-2023,RELIANCE,2382,2387.65,2341,2353.85,2359.75,10472167,24656384337,-0.250026486
25-08-2014,RELIANCE,1000,1008.5,993.45,995.8,998.3,1704141,1708698204,-0.250425724
07-06-2000,RELIANCE,339.9,344.4,336.25,337.95,338.8,3752088,1276793790,-0.250885478
10-02-2017,RELIANCE,1035,1035.55,1025.55,1030.15,1032.75,2861531,2949922515,-0.251755023
10-02-2017,RELIANCE,1035,1035.55,1025.55,1030.15,1032.75,2861531,2949922515,-0.251755023
20-04-2023,RELIANCE,2354.1,2359,2332.1,2346.05,2352,3233882,7575782938,-0.25297619
08-07-2025,RELIANCE,1536,1544.9,1530.2,1537.6,1541.5,7171261,11016684352,-0.253000324
12-01-2017,RELIANCE,1087,1090.35,1079.8,1083.3,1086.05,999364,1083937776,-0.253211178
04-05-2010,RELIANCE,1024.2,1039,1013.5,1021.15,1023.75,3965640,4067215656,-0.253968254
14-01-2003,RELIANCE,292.9,295,291.5,294.5,295.25,2871917,842824149.4,-0.254022015
01-10-2007,RELIANCE,2310,2328.95,2262.25,2292.2,2298.05,4448285,10209853477,-0.254563652
23-04-2004,RELIANCE,568,574.8,565.15,567.3,568.75,3588442,2047206847,-0.254945055
13-01-2020,RELIANCE,1545.05,1558.7,1538.4,1543.7,1547.65,8358090,12946146807,-0.255225665
05-05-2023,RELIANCE,2441,2461.35,2436,2441.75,2448,4036548,9880900102,-0.255310458
03-06-2015,RELIANCE,899,910.45,888.5,896.35,898.65,3553618,3193398374,-0.255939465
17-11-2000,RELIANCE,311,311.45,307.5,310.85,311.65,3391993,1050406568,-0.256698219
11-08-2005,RELIANCE,722.65,729.5,713,717.6,719.45,6610025,4755454745,-0.257140871
10-10-2024,RELIANCE,2760.05,2772,2738.85,2742.1,2749.2,11179323,30739675825,-0.258256947
09-10-2020,RELIANCE,2235,2253,2217.1,2233.45,2239.25,8558747,19103582648,-0.259015295
22-12-2022,RELIANCE,2598,2604.65,2566.75,2577.8,2584.5,3438692,8880581066,-0.259237764
07-05-2014,RELIANCE,960.1,971.4,957.05,960.85,963.35,2416483,2329911071,-0.259511081
18-06-2013,RELIANCE,823.7,837.5,817.45,823.4,825.55,3579236,2964284343,-0.260432439
25-11-1999,RELIANCE,229.9,232.45,228.7,229.7,230.3,3982031,917269164.9,-0.260529744
13-08-2020,RELIANCE,2128,2138.9,2110,2122.05,2127.6,11459251,24324473969,-0.260857304
01-10-1996,RELIANCE,192,192.85,188.55,190.55,191.05,6648800,1269231803,-0.261711594
08-01-2010,RELIANCE,1108,1113.8,1096,1103.15,1106.05,3453926,3815856311,-0.262194295
22-08-2006,RELIANCE,1080,1084.9,1055.55,1064.8,1067.6,3095055,3327212314,-0.262270513
23-01-2006,RELIANCE,702,706,694,702.35,704.2,4174933,2923152878,-0.262709458
20-11-2023,RELIANCE,2348.55,2358.4,2336.4,2349.35,2355.55,2245093,5269153540,-0.263208168
02-06-2017,RELIANCE,1335,1338.7,1317,1324.75,1328.25,2627565,3484908658,-0.263504611
20-07-2017,RELIANCE,1539.75,1550,1523.7,1528.9,1532.95,3114686,4782481317,-0.264196484
20-07-2017,RELIANCE,1539.75,1550,1523.7,1528.9,1532.95,3114686,4782481317,-0.264196484
02-01-2015,RELIANCE,888.1,896.05,884.3,885.55,887.9,1675827,1490461120,-0.264669445
09-01-2024,RELIANCE,2600,2606.8,2577.2,2580.5,2587.35,2701537,7003571442,-0.264749647
13-06-2000,RELIANCE,339,346.45,337.05,338.5,339.4,6836937,2334910198,-0.265173836
23-02-2010,RELIANCE,974,983,970,975.35,977.95,2966309,2895405850,-0.265862263
29-05-2006,RELIANCE,962,978,951,955.95,958.5,3726526,3590425736,-0.266040689
24-08-2022,RELIANCE,2640.1,2670,2635.35,2639.75,2646.8,4785579,12676750456,-0.266359377
06-04-2022,RELIANCE,2587.1,2634.5,2587.1,2619.05,2626.05,5656703,14784387494,-0.266560043
06-04-2011,RELIANCE,1045,1054.25,1040,1044.85,1047.65,2076283,2169306189,-0.267264831
15-05-2024,RELIANCE,2841,2859.95,2826.05,2832.55,2840.15,2523267,7170975946,-0.2675915
17-03-2004,RELIANCE,545,552,535.15,540.4,541.85,8011049,4361001426,-0.267601735
21-05-2018,RELIANCE,930.75,935.7,922.1,931.35,933.85,6624893,6141603388,-0.267708947
24-09-2024,RELIANCE,2977,3001,2975.75,2978.75,2986.75,8568722,25587444695,-0.267849669
14-05-2018,RELIANCE,991.95,991.95,976.7,986.6,989.25,2579561,2538890944,-0.267879707
26-10-2011,RELIANCE,879,881.5,871.05,873.6,875.95,737231,644883206.9,-0.268280153
12-05-2000,RELIANCE,319.6,322.5,313.3,315.9,316.75,4135346,1315369929,-0.268350434
01-06-2023,RELIANCE,2480.15,2484.9,2458,2463.25,2469.9,6734525,16648139920,-0.26924167
19-06-2000,RELIANCE,333.75,336,330.2,331.35,332.25,3102806,1033713394,-0.270880361
11-10-2011,RELIANCE,835,841.4,822.5,827,829.25,3592510,2985158193,-0.271329515
21-03-2011,RELIANCE,999.05,1000,981.1,990.3,993,3553732,3522324975,-0.271903323
03-09-1999,RELIANCE,183.35,186,182.5,183.25,183.75,5120271,943730207.9,-0.272108844
23-08-2006,RELIANCE,1062,1073.9,1055.15,1061.9,1064.8,2384297,2540623720,-0.272351615
13-09-2013,RELIANCE,868,883.7,867.05,873,875.4,2246049,1966659576,-0.274160384
12-04-2019,RELIANCE,1350,1356.9,1336.65,1343.1,1346.8,5919742,7968461251,-0.274725275
27-06-2007,RELIANCE,1699,1719.9,1692.65,1698.55,1703.25,1571971,2678665080,-0.27594305
19-12-2002,RELIANCE,289.5,290.4,285.85,289.1,289.9,3871518,1115084918,-0.275957227
28-04-2012,RELIANCE,739.8,741.3,739,739.95,742,184780,136740845,-0.276280323
28-10-2015,RELIANCE,936.9,944.9,929.9,936.95,939.55,2733564,2561292472,-0.276728221
22-08-2022,RELIANCE,2617,2631.3,2586,2606.6,2613.85,4371179,11393340724,-0.277368632
25-06-2001,RELIANCE,340.7,343.1,335.55,341.45,342.4,1765526,601062012,-0.277453271
03-04-2020,RELIANCE,1134.45,1134.45,1056.3,1077.45,1080.45,18912044,20378095230,-0.277662085
22-08-2017,RELIANCE,1572,1579.9,1556.05,1560.05,1564.4,2179230,3418790348,-0.278061877
01-11-2010,RELIANCE,1121,1124.9,1089.25,1093.2,1096.25,6973910,7692002378,-0.278221209
20-03-2013,RELIANCE,829.4,829.8,813.35,822.7,825,4612611,3783073214,-0.278787879
17-10-2017,RELIANCE,878,884,867.2,874.35,876.8,6354084,5558696928,-0.279425182
08-09-2010,RELIANCE,955.1,964.7,952,959.6,962.3,2659076,2547582967,-0.280577782
15-05-2019,RELIANCE,1273,1278,1250.6,1256.9,1260.45,11163801,14172762818,-0.281645444
15-05-2002,RELIANCE,284.7,287,280.2,282.9,283.7,1085180,307148146.3,-0.281988016
30-07-1997,RELIANCE,356.85,358.75,352.55,353.4,354.4,4872200,1732231993,-0.282167043
07-04-2011,RELIANCE,1045.05,1047.55,1035.1,1041.9,1044.85,2323242,2416245539,-0.282337178
05-02-1997,RELIANCE,271.5,273.9,261.3,263.05,263.8,13124850,3524944023,-0.284306293
18-07-2007,RELIANCE,1835,1839,1803.55,1822.65,1827.85,3072600,5600110141,-0.284487239
19-06-2019,RELIANCE,1286.9,1302,1262.6,1277.35,1281,6625604,8509322280,-0.284933646
04-07-2012,RELIANCE,740,740,728.85,734.25,736.35,2136594,1566429822,-0.285190466
05-04-2011,RELIANCE,1052.5,1059,1040,1047.65,1050.65,2458823,2577084771,-0.285537524
13-10-2014,RELIANCE,961.8,964.75,948.05,957.9,960.65,3173161,3035475687,-0.286264508
23-07-2001,RELIANCE,310,316,300,313,313.9,139127,42955433,-0.286715514
01-03-2017,RELIANCE,1240.1,1244.4,1230,1234.5,1238.05,5574153,6902376076,-0.286741246
15-10-2013,RELIANCE,897.3,898.65,864,867.8,870.3,5266950,4615044364,-0.287257268
10-05-2021,RELIANCE,1939,1946.8,1920.95,1926.2,1931.75,6433879,12430361107,-0.287304258
29-03-2011,RELIANCE,1020,1032,1019.6,1022.75,1025.7,4137811,4249140969,-0.287608463
24-09-2021,RELIANCE,2503.55,2505.45,2472,2482.7,2489.9,7011181,17446321055,-0.28916824
29-08-2006,RELIANCE,1129.9,1139.9,1115,1118.85,1122.1,3949482,4437748027,-0.289635505
29-08-2006,RELIANCE,1129.9,1139.9,1115,1118.85,1122.1,3949482,4437748027,-0.289635505
25-07-2005,RELIANCE,691.4,695.7,684.6,687.55,689.55,5505138,3796881301,-0.290044232
15-10-1996,RELIANCE,188.15,191.5,185.75,188.8,189.35,5791200,1090360540,-0.290467388
12-08-2020,RELIANCE,2121,2145,2106.8,2127.6,2133.8,13967529,29747858193,-0.29056144
24-03-2011,RELIANCE,1015.9,1021.95,1003.85,1010.3,1013.25,2567887,2598459308,-0.291142364
19-10-2010,RELIANCE,1065,1068.7,1039.25,1044.4,1047.45,4246988,4483783627,-0.29118335
05-05-2016,RELIANCE,980,983.45,970.9,975.25,978.1,4952411,4837354465,-0.291381249
25-08-2022,RELIANCE,2648.95,2662.9,2622.6,2632.05,2639.75,3632902,9622300858,-0.291694289
15-12-2021,RELIANCE,2384,2405,2361.1,2373.2,2380.15,4322855,10287701639,-0.291998403
11-09-2013,RELIANCE,889,892.9,874.15,887.75,890.35,3396942,3004299361,-0.292019992
10-01-2019,RELIANCE,1107.75,1111,1103,1107.5,1110.75,4080283,4514020687,-0.292595093
07-08-2012,RELIANCE,786.05,795.95,777.75,783.75,786.05,4496299,3536311061,-0.292602252
03-08-2006,RELIANCE,995,1008,981.35,988,990.9,3973655,3960516523,-0.292663235
03-01-2011,RELIANCE,1065,1066.5,1052.6,1055.6,1058.7,2379838,2521990184,-0.292811939
20-07-2010,RELIANCE,1057,1065.9,1049.1,1052.95,1056.05,1564673,1656627812,-0.293546707
20-07-2010,RELIANCE,1057,1065.9,1049.1,1052.95,1056.05,1564673,1656627812,-0.293546707
01-01-2020,RELIANCE,1518,1527.1,1505.5,1509.6,1514.05,6402372,9701063103,-0.293913675
28-07-2025,RELIANCE,1392.3,1407.8,1385,1387.6,1391.7,7748361,10802552328,-0.294603722
01-12-2022,RELIANCE,2741.8,2755,2716,2723.3,2731.35,4377696,11990209636,-0.294726051
27-06-2022,RELIANCE,2544.95,2544.95,2481.55,2492.65,2500.05,7141493,17938104628,-0.29599408
09-11-2010,RELIANCE,1112.25,1120.5,1097.25,1108.55,1111.85,3522480,3906204893,-0.296802626
03-05-2013,RELIANCE,803,815.9,794.9,800.5,802.9,2952640,2381241877,-0.298916428
11-08-2015,RELIANCE,971,973.65,958,966,968.9,2002952,1935306220,-0.299308494
14-03-2018,RELIANCE,928.8,932.05,919.2,929.05,931.85,6731530,6214195309,-0.300477545
22-08-2016,RELIANCE,1012,1019.7,1007.2,1011.85,1014.9,1527904,1547496176,-0.300522219
02-12-2016,RELIANCE,995.9,1005,991.8,994.75,997.75,2853045,2851867040,-0.300676522
13-06-2008,RELIANCE,2287,2299.9,2235,2270.4,2277.3,3499671,7970639884,-0.302990383
20-12-2005,RELIANCE,859.8,866.7,852.25,854.55,857.15,3623424,3109435196,-0.303330806
18-11-2020,RELIANCE,1993.25,2006.5,1960.1,1987.2,1993.25,14030652,27780020120,-0.303524395
20-10-2014,RELIANCE,938.5,940.6,911.55,935.05,937.9,4843061,4522144788,-0.303870349
18-01-2011,RELIANCE,1004.85,1008,990,994.85,997.9,3399381,3387834901,-0.305641848
18-04-2022,RELIANCE,2533,2559.8,2521.8,2543.85,2551.65,4603103,11684440905,-0.305684557
20-10-2023,RELIANCE,2300,2314.7,2296.3,2299.1,2306.15,4456656,10261859219,-0.305704312
29-01-2009,RELIANCE,1285,1295,1241.25,1270.1,1274,6343343,8012369310,-0.306122449
29-09-2022,RELIANCE,2360,2367.5,2313,2325.3,2332.45,6771046,15807234116,-0.30654462
21-05-2013,RELIANCE,831.1,840,825.3,828.6,831.15,2421664,2016546278,-0.306803826
23-04-2015,RELIANCE,883.85,889.4,869.05,877.05,879.75,3048801,2679863364,-0.306905371
11-09-2009,RELIANCE,2165,2171.3,2105,2140.85,2147.45,3585424,7666219235,-0.307341265
22-11-2000,RELIANCE,310,311.5,307.6,308.15,309.1,1146693,354592682.3,-0.307343902
18-10-2002,RELIANCE,244.7,247.35,241.55,242.9,243.65,1421229,348035297.7,-0.307818592
18-02-2005,RELIANCE,536,542.8,531.1,534.2,535.85,4333745,2326687121,-0.307921993
14-12-2009,RELIANCE,1068,1084,1063,1067.95,1071.25,3182678,3419289898,-0.308051342
09-11-2007,RELIANCE,2790,2790,2690,2734.4,2742.85,681498,1874183051,-0.308073719
21-10-2002,RELIANCE,244,244.2,241.2,242.15,242.9,792887,192228648.3,-0.308769041
19-08-2016,RELIANCE,1018,1022,1007.1,1014.9,1018.05,1869308,1898300779,-0.309415058
07-10-2005,RELIANCE,794.95,794.95,775.7,788.4,790.85,7983593,6288746276,-0.30979326
13-12-2018,RELIANCE,1128,1128,1095.05,1107.05,1110.5,9297518,10328317507,-0.310670869
10-01-2013,RELIANCE,857.75,858.95,847,850.05,852.7,2112066,1797734740,-0.31077753
23-11-2022,RELIANCE,2575,2577.9,2552.25,2557.05,2565.05,2959787,7580660699,-0.311884759
30-03-2004,RELIANCE,530.1,536.7,526.05,527.15,528.8,6364178,3385835674,-0.312027231
21-06-2016,RELIANCE,994.1,994.15,979.7,987.1,990.2,3184865,3139971425,-0.313068067
07-02-2013,RELIANCE,871.6,882,868.35,872.9,875.65,1952688,1707424343,-0.314052418
04-01-2007,RELIANCE,1290,1300,1277,1280.5,1284.55,3022423,3883671061,-0.315285509
16-05-2011,RELIANCE,950,951.4,941.55,945,948,1601945,1516186578,-0.316455696
14-12-2000,RELIANCE,347.9,352.8,345,346.3,347.4,6316696,2208806870,-0.316637881
20-06-2000,RELIANCE,333.5,334,328.55,330.3,331.35,4148234,1371402737,-0.316885469
17-09-2007,RELIANCE,2030,2059.4,2021,2028.3,2034.75,1444760,2949156319,-0.316992259
07-07-2000,RELIANCE,364.4,365.9,360,361.2,362.35,7969212,2891899605,-0.317372706
29-05-2018,RELIANCE,921.5,928,914.4,917.45,920.4,8173396,7522151497,-0.320512821
18-12-1995,RELIANCE,201.5,204.5,200.25,201.9,202.55,7145650,1445805615,-0.320908418
12-08-2021,RELIANCE,2124.9,2126.2,2105,2110.5,2117.3,3755507,7943326100,-0.321163746
11-05-2005,RELIANCE,542,547.45,539.65,542.5,544.25,3128737,1700853424,-0.321543408
05-04-2007,RELIANCE,1363,1364.8,1352.2,1358.85,1363.25,1213467,1647808896,-0.322758115
07-09-2015,RELIANCE,838.25,844,827.7,833.2,835.9,2339465,1949570930,-0.323005144
13-10-2011,RELIANCE,850,858,842.1,846.9,849.65,4195352,3565107346,-0.323662685
24-12-2015,RELIANCE,1003.9,1007.2,996.3,1000.55,1003.8,2720569,2722049041,-0.323769675
22-03-2017,RELIANCE,1252,1265.9,1246.55,1259.7,1263.8,4638338,5830800371,-0.324418421
22-03-2017,RELIANCE,1252,1265.9,1246.55,1259.7,1263.8,4638338,5830800371,-0.324418421
21-08-2014,RELIANCE,1000,1004,990.1,995.1,998.35,3760015,3747858534,-0.325537136
06-02-2001,RELIANCE,400,402.5,396.25,397.85,399.15,6048694,2415787884,-0.325692096
05-03-2015,RELIANCE,892.5,898.75,878.15,884.95,887.85,2449658,2173892015,-0.326631751
02-06-2023,RELIANCE,2471,2482.85,2451,2455.2,2463.25,7291995,17933384336,-0.326804019
07-01-2002,RELIANCE,319,330.55,317.3,320,321.05,3036656,983982115.3,-0.327051861
19-02-2019,RELIANCE,1218,1239.7,1211.2,1216.1,1220.1,6244189,7670926659,-0.32784198
01-12-1994,RELIANCE,378.5,381.75,378,379,380.25,42800,16267050,-0.328731098
04-02-2021,RELIANCE,1924,1940,1905,1924.3,1930.65,11826848,22751381754,-0.328904773
18-12-2012,RELIANCE,834.5,839.45,826,831.4,834.15,1827793,1519277249,-0.329676917
01-02-2022,RELIANCE,2408,2420.6,2347.1,2378.7,2386.6,6092033,14589169630,-0.331014833
22-04-2025,RELIANCE,1300,1303.9,1286.3,1291.2,1295.5,13051707,16914900850,-0.331918178
16-05-1995,RELIANCE,239.95,240.9,235.25,237.95,238.75,578650,137627550,-0.335078534
01-07-2024,RELIANCE,3125.05,3158.8,3111.35,3120.3,3130.8,3862153,12075137299,-0.335377539
15-12-1999,RELIANCE,225,225,220.05,222.8,223.55,4413677,984528770.6,-0.335495415
13-05-2024,RELIANCE,2799.8,2813.95,2768,2805.4,2814.85,4228310,11819208708,-0.335719488
22-06-2011,RELIANCE,853.35,858.15,834.15,845.8,848.65,4596259,3873641072,-0.335827491
13-03-2013,RELIANCE,842.2,856.6,840.2,845,847.85,2149116,1826513774,-0.336144365
14-01-2002,RELIANCE,331,344,322.25,325.7,326.8,4686848,1560721491,-0.336597307
15-11-2017,RELIANCE,884.5,890.6,877.95,883.7,886.7,6981872,6175039788,-0.338333145
13-06-1997,RELIANCE,326,328.5,320.5,322.9,324,11054900,3594627173,-0.339506173
14-06-2000,RELIANCE,346.5,346.5,336.1,337.35,338.5,4483842,1529747321,-0.339734121
30-09-2021,RELIANCE,2525,2534.6,2500.35,2519.25,2527.85,6272085,15789702475,-0.34021006
03-12-2003,RELIANCE,505,505,492.85,497.9,499.6,8420259,4208631368,-0.340272218
24-01-2001,RELIANCE,384.4,384.5,378.5,380.35,381.65,5461105,2082029623,-0.340626228
29-12-2017,RELIANCE,926.5,932.3,918.5,921.05,924.2,5069838,4685185007,-0.340835317
28-04-2014,RELIANCE,949.8,956,941.35,945,948.25,3796899,3604370609,-0.34273662
15-07-2019,RELIANCE,1285,1289.5,1270.35,1276.1,1280.5,4873164,6221997658,-0.343615775
09-08-2004,RELIANCE,492,495.2,486.15,492.2,493.9,6018676,2954989408,-0.344199231
09-03-2017,RELIANCE,1290,1298,1281.5,1286.75,1291.2,7107670,9150874647,-0.344640644
26-06-2007,RELIANCE,1709,1720,1700,1703.25,1709.15,1442066,2466559648,-0.345200831
03-10-2022,RELIANCE,2391.5,2416.95,2363,2369.5,2377.75,5470030,13029923335,-0.34696667
24-01-2020,RELIANCE,1527,1536.35,1518.55,1521.55,1526.85,6687633,10203594713,-0.347119887
21-06-2000,RELIANCE,334,334,328.25,329.15,330.3,2071279,686673009.8,-0.348168332
11-01-2017,RELIANCE,1095,1095.7,1084,1086.05,1089.85,2623211,2852942524,-0.348671836
08-02-2000,RELIANCE,345.5,346.9,341.05,342.4,343.6,6430661,2212146592,-0.349243306
03-05-2000,RELIANCE,327,333.85,309.2,328,329.15,13760253,4463899653,-0.349384779
24-01-2002,RELIANCE,315.5,317,311.5,313.55,314.65,841987,264020746.4,-0.349594788
27-10-2015,RELIANCE,938.8,948.25,937.4,939.55,942.85,2651976,2496676187,-0.350002652
23-03-1999,RELIANCE,128.4,129,126.5,127.95,128.4,5845200,745976140,-0.35046729
21-05-1996,RELIANCE,240.9,244,239.5,241.5,242.35,16289200,3934996310,-0.350732412
02-05-2022,RELIANCE,2762,2805.5,2758.05,2780.45,2790.25,4369022,12160268320,-0.351223009
12-01-2001,RELIANCE,356.95,358.4,354,354.55,355.8,2402573,855377100.9,-0.351320967
30-06-1997,RELIANCE,365,369.9,361.55,368.35,369.65,14404300,5260758145,-0.351684025
21-10-2011,RELIANCE,840,849.2,831.1,835.75,838.7,2364175,1989523509,-0.351734828
07-08-1995,RELIANCE,271,272.5,266.05,267.15,268.1,2453450,661436040,-0.354345394
21-08-1995,RELIANCE,268.5,269.8,266.9,267.05,268,1207700,323800495,-0.354477612
21-11-2000,RELIANCE,312.75,312.75,307.6,309.1,310.2,3751462,1160598874,-0.354609929
30-10-2016,RELIANCE,1058.75,1058.75,1046.3,1051.2,1054.95,362170,381202360.2,-0.355467084
29-12-2006,RELIANCE,1280.05,1287,1265.2,1270.15,1274.7,2244378,2854518331,-0.356946733
17-12-1999,RELIANCE,224.45,227.9,222.2,223.05,223.85,4110380,925962881.2,-0.357382176
16-12-2024,RELIANCE,1275,1281,1266.55,1268.3,1272.85,9486781,12066629924,-0.35746553
07-08-2017,RELIANCE,1631.6,1631.6,1612.55,1616.35,1622.15,2180018,3533598682,-0.357550165
03-09-2002,RELIANCE,266.4,266.9,261.1,264.3,265.25,2146322,565095653.9,-0.358152686
14-07-2010,RELIANCE,1080,1094.45,1067.25,1070.45,1074.3,3650519,3925211737,-0.358372894
04-12-2018,RELIANCE,1158,1158,1142.2,1152.3,1156.45,5192825,5970662018,-0.358856846
23-10-2024,RELIANCE,2675,2714.95,2670,2677.05,2686.7,8607371,23139346660,-0.359176685
17-01-2011,RELIANCE,1003,1008,992.05,997.9,1001.5,3210798,3211223457,-0.359460809
25-03-2015,RELIANCE,849,849.5,841,844.9,847.95,2346393,1979696500,-0.35969102
28-06-2012,RELIANCE,724.4,727.8,716.65,719.9,722.5,2720915,1962944673,-0.359861592
03-07-2015,RELIANCE,1009.75,1013.8,1003.05,1007.2,1010.85,3161556,3188307415,-0.361082258
11-10-2017,RELIANCE,845.3,858.4,836,840.15,843.2,7049800,5984845576,-0.361717268
14-12-2022,RELIANCE,2637.65,2638.95,2611,2615.5,2625,3354618,8791939262,-0.361904762
14-02-2006,RELIANCE,715,724.35,712.1,714.2,716.8,6607308,4734217910,-0.362723214
18-10-1999,RELIANCE,236,238.2,232.05,233.4,234.25,8819782,2073494323,-0.362860192
15-01-2020,RELIANCE,1535.85,1539.9,1518.25,1523.85,1529.4,7231393,11040550715,-0.362887407
29-01-1997,RELIANCE,288,288,268.3,274.25,275.25,17977500,5026848210,-0.363306085
02-05-2003,RELIANCE,274.6,274.9,271.3,273.45,274.45,2318553,633362625.9,-0.364365094
06-10-1998,RELIANCE,108,110.8,106.05,109.35,109.75,7644600,830287815,-0.364464692
01-01-2015,RELIANCE,886.3,892,883.65,887.9,891.15,677439,601305852.4,-0.364697301
28-08-2002,RELIANCE,245.5,247,244.2,245.7,246.6,956877,234845703.2,-0.364963504
12-12-2003,RELIANCE,496.05,496.05,487.55,491.3,493.1,4966075,2436648141,-0.365037518
13-02-1997,RELIANCE,272.25,274.95,270.6,272.85,273.85,7228650,1970708685,-0.365163411
10-02-1997,RELIANCE,273.75,274.5,267.9,272.65,273.65,11531900,3137241390,-0.365430294
10-02-1997,RELIANCE,273.75,274.5,267.9,272.65,273.65,11531900,3137241390,-0.365430294
25-10-2019,RELIANCE,1441.1,1441.45,1411.25,1431.2,1436.45,6190013,8827068858,-0.365484354
25-01-2013,RELIANCE,916.25,917.35,905.1,912.2,915.55,3220389,2931351607,-0.365900279
12-03-2001,RELIANCE,409.1,412,402,408,409.5,3671174,1495817661,-0.366300366
16-09-2002,RELIANCE,260,261.2,257,258.05,259,2115338,547527892.4,-0.366795367
13-04-2022,RELIANCE,2574.5,2592.6,2545.5,2551.65,2561.05,4778478,12258158723,-0.367036957
19-08-2005,RELIANCE,750,750,703.15,705.75,708.35,6480313,4606791523,-0.367050187
04-07-1996,RELIANCE,187.25,195.8,184.2,189.95,190.65,28804350,5468234730,-0.367164962
13-06-2019,RELIANCE,1330,1334.7,1308.65,1327.25,1332.15,7171189,9483684625,-0.367826446
27-12-1994,RELIANCE,340,340,336.35,337.75,339,7450,2515897.5,-0.368731563
27-12-1994,RELIANCE,340,340,336.35,337.75,339,7450,2515897.5,-0.368731563
07-06-2001,RELIANCE,367,367.45,357.15,364.2,365.55,3763376,1367555157,-0.369306524
09-02-2016,RELIANCE,952.9,968.8,950,957.5,961.05,4481029,4306263438,-0.369387649
06-06-2008,RELIANCE,2299,2299,2212,2238.5,2246.8,4965105,11179795577,-0.369414278
20-07-2011,RELIANCE,886,886.8,868.8,876.2,879.45,2555594,2243566135,-0.36954915
20-07-2011,RELIANCE,886,886.8,868.8,876.2,879.45,2555594,2243566135,-0.36954915
28-10-2004,RELIANCE,542.95,548.5,536.6,538.6,540.6,8429951,4566252445,-0.369959304
19-08-2014,RELIANCE,1015,1023,1006.1,1009.3,1013.05,3328022,3371386222,-0.370169291
28-09-2015,RELIANCE,839.8,840.9,828.7,834.25,837.35,2657197,2217340373,-0.370215561
18-12-2001,RELIANCE,310,314.55,302.6,309.15,310.3,1545851,474695340.2,-0.370609088
20-12-2006,RELIANCE,1260,1275,1233.3,1248.9,1253.55,4201035,5261980596,-0.370946512
11-03-2015,RELIANCE,860.95,869.6,852.4,855.95,859.15,2659765,2289993803,-0.372461153
12-09-2014,RELIANCE,1018.5,1024,1011.45,1015.6,1019.4,2000076,2031095254,-0.372768295
12-11-2014,RELIANCE,981.95,983,968.7,974.05,977.7,2122642,2069811677,-0.373325151
14-03-2023,RELIANCE,2280,2304.95,2269.05,2275.95,2284.5,7396699,16904904241,-0.374261326
13-07-2012,RELIANCE,720,726.5,715,718.5,721.2,2599717,1874672194,-0.37437604
10-07-2014,RELIANCE,1000.25,1021.5,981.05,997.2,1000.95,4251670,4253871100,-0.374644088
09-02-2007,RELIANCE,1400.5,1406.8,1370,1391.8,1397.05,1538248,2147450902,-0.375791847
10-09-2003,RELIANCE,435,435.45,430.6,434.65,436.3,5081235,2202117700,-0.378180151
18-11-2005,RELIANCE,831.95,835,823.6,826.15,829.3,3716134,3084377470,-0.379838418
10-07-2024,RELIANCE,3190,3195,3126.3,3168.45,3180.55,3567289,11253968347,-0.380437346
01-07-2005,RELIANCE,643,645,637.55,640.1,642.55,3513766,2251949358,-0.381293285
14-07-2016,RELIANCE,1008.1,1014.1,998.25,1004.9,1008.75,2459183,2474605487,-0.381660471
12-02-1997,RELIANCE,275,278.25,271.6,273.85,274.9,8989150,2475830478,-0.381957075
31-12-2018,RELIANCE,1130.95,1133.85,1116.2,1121.25,1125.55,7222817,8106063425,-0.382035449
06-09-2012,RELIANCE,766.3,774.6,764,768.2,771.15,1212105,932278034,-0.382545549
26-06-2015,RELIANCE,999.9,1014.1,995.4,1000.7,1004.55,4792657,4806268084,-0.383256184
30-07-2002,RELIANCE,251.4,252.8,245.3,246.8,247.75,3108870,775463564.9,-0.38345106
26-05-1998,RELIANCE,182,182.6,180.8,181.85,182.55,3496800,635120182.5,-0.383456587
01-01-2004,RELIANCE,580,580,567.15,570.65,572.85,4071252,2337889090,-0.384044689
28-06-2007,RELIANCE,1709,1714.8,1686.35,1692,1698.55,2817089,4771956342,-0.385623031
21-12-1999,RELIANCE,220.3,222.45,218.6,219.55,220.4,3894875,858816866.5,-0.385662432
13-06-2017,RELIANCE,1320.6,1327,1311,1314.35,1319.45,1377291,1816467341,-0.386524688
10-06-2014,RELIANCE,1130.45,1130.45,1100.45,1118.3,1122.65,3602608,4007303863,-0.387476061
10-06-2014,RELIANCE,1130.45,1130.45,1100.45,1118.3,1122.65,3602608,4007303863,-0.387476061
30-11-2006,RELIANCE,1251,1261,1240.05,1244.45,1249.3,2691326,3358963343,-0.388217402
12-03-2014,RELIANCE,874,882.9,867.65,871.35,874.75,2155857,1883269554,-0.388682481
14-08-2020,RELIANCE,2122.55,2157,2089.25,2113.8,2122.05,15333759,32660268152,-0.388775005
30-12-2009,RELIANCE,1079.8,1085,1069.5,1076.05,1080.25,2121225,2284852465,-0.388798889
13-02-2006,RELIANCE,715,721,715,716.8,719.6,3170840,2274119053,-0.389105058
30-07-1999,RELIANCE,177.95,180.9,175.5,179.1,179.8,7697634,1371224258,-0.389321468
13-06-1996,RELIANCE,243.5,244.85,242.15,242.95,243.9,4175350,1017251048,-0.389503895
17-02-1995,RELIANCE,257,261.7,250,255.45,256.45,253000,64293800,-0.389939559
07-01-2012,RELIANCE,716.7,718.9,713.3,714.75,717.55,460231,329647099.1,-0.39021671
24-05-2024,RELIANCE,2967.25,2977,2952.2,2960.5,2972.1,3547388,10510170789,-0.390296423
19-03-2001,RELIANCE,381,388,375.6,382.5,384,2258808,860018562,-0.390625
28-11-2008,RELIANCE,1120,1169.7,1091,1134.45,1138.9,7291509,8313387506,-0.390727895
08-09-2021,RELIANCE,2452,2454,2406.65,2431.35,2440.9,6600210,16033248252,-0.391249129
27-02-2006,RELIANCE,703,705.85,697,700.1,702.85,5398936,3779982422,-0.391264139
15-06-1995,RELIANCE,267.5,268.45,264.5,267.2,268.25,721400,192442437.5,-0.391425909
22-09-2014,RELIANCE,993,996,987.7,991.55,995.45,1805858,1790519004,-0.391782611
21-08-2019,RELIANCE,1275.65,1278.65,1266.5,1270.95,1275.95,4881553,6206485612,-0.391864885
01-01-2002,RELIANCE,304.9,308.9,302.6,305,306.2,688738,210673123.8,-0.391900718
27-11-2013,RELIANCE,844.5,849.5,835.25,837.95,841.25,2610836,2194014197,-0.392273403
21-02-2025,RELIANCE,1228.7,1240,1222.15,1228.15,1233,6904025,8501382498,-0.393349554
16-03-2021,RELIANCE,2114,2126,2095.5,2100.6,2108.9,6402757,13491841405,-0.393570108
03-06-1997,RELIANCE,305,310.9,301,303.35,304.55,12898300,3948315500,-0.39402397
23-12-2002,RELIANCE,291.95,292,288.55,289.65,290.8,2523244,731709814,-0.395460798
10-03-2017,RELIANCE,1290.25,1296,1261.2,1281.65,1286.75,5665568,7264671760,-0.396347387
03-08-2000,RELIANCE,339.8,343.75,336.3,337.65,339,3333675,1135641837,-0.398230088
02-06-2015,RELIANCE,905.75,918.8,891.45,898.65,902.25,4612571,4167987317,-0.399002494
08-05-2018,RELIANCE,977.5,982,965.2,967.1,971,4934036,4797914834,-0.401647786
15-12-2014,RELIANCE,877.95,881.8,872,878.8,882.35,2891112,2536297668,-0.402334674
22-06-1995,RELIANCE,271.5,273.35,270.15,271.95,273.05,597350,162273300,-0.40285662
10-01-2007,RELIANCE,1275,1290.9,1264.1,1273.15,1278.3,4813168,6152193942,-0.402878823
13-06-1995,RELIANCE,273.25,277,267,271.8,272.9,2078500,566793425,-0.403078051
26-07-2018,RELIANCE,1110.1,1121.5,1107.8,1110.65,1115.15,6424867,7156685848,-0.403533157
05-01-1999,RELIANCE,123.75,124,122.3,123,123.5,6178050,760250115,-0.4048583
17-12-2003,RELIANCE,506,507.4,500.1,502.75,504.8,6225689,3135811613,-0.406101426
01-03-2019,RELIANCE,1237,1242.35,1222.25,1226.05,1231.05,7922513,9737413570,-0.406157345
01-10-2020,RELIANCE,2263.8,2263.8,2214,2225.25,2234.35,9591467,21462014628,-0.407277284
27-04-2012,RELIANCE,741.3,747.15,736.5,742,745.05,2857701,2117110226,-0.409368499
27-04-2015,RELIANCE,880.05,887.5,871.45,875.3,878.9,2524227,2220088766,-0.409602913
16-02-2004,RELIANCE,598,602,590.25,592.95,595.4,5692413,3399616277,-0.411488075
24-06-2025,RELIANCE,1465,1475,1443.1,1450.8,1456.8,16402744,23893522923,-0.411861614
24-06-2015,RELIANCE,995,1006.45,986.65,990.9,995,4252334,4244061960,-0.412060302
27-02-2020,RELIANCE,1388,1393.8,1369,1386.25,1392,11454300,15822175752,-0.413074713
05-03-2010,RELIANCE,1022,1026,1005.1,1009.8,1014,2691454,2725101110,-0.414201183
29-06-2017,RELIANCE,1400,1410,1390.1,1392.7,1398.5,2948322,4120928819,-0.414730068
09-07-2012,RELIANCE,729,733.8,726.1,731.8,734.85,1782674,1302688943,-0.415050691
10-03-2021,RELIANCE,2207,2215.1,2170.25,2181.95,2191.05,5316182,11630074902,-0.415325985
22-09-2023,RELIANCE,2376,2382.45,2350,2354.95,2364.8,9588393,22661897562,-0.41652571
06-04-2021,RELIANCE,2004,2004.95,1969,1984.3,1992.6,6465241,12833469592,-0.416541202
06-12-2005,RELIANCE,842,846.8,830,836.75,840.25,5034572,4221101938,-0.416542696
17-09-2013,RELIANCE,856.35,864,852.6,858.15,861.75,2498437,2144437029,-0.417754569
12-08-2025,RELIANCE,1381.9,1401.9,1375.2,1380.4,1386.2,12244664,16980368560,-0.418410042
28-08-2000,RELIANCE,333.5,335,331.6,332.2,333.6,1190817,396755844.5,-0.419664269
28-08-2000,RELIANCE,333.5,335,331.6,332.2,333.6,1190817,396755844.5,-0.419664269
31-12-2007,RELIANCE,2903.5,2930,2870,2882.7,2894.85,1281379,3709323830,-0.419710866
27-12-2010,RELIANCE,1058.3,1068.8,1051.15,1055.25,1059.7,1321679,1401659669,-0.419930169
27-12-2010,RELIANCE,1058.3,1068.8,1051.15,1055.25,1059.7,1321679,1401659669,-0.419930169
26-03-2003,RELIANCE,286.5,288.15,282.6,284.5,285.7,2791345,795395487.4,-0.420021001
03-08-2023,RELIANCE,2475.3,2500.9,2458.05,2475.9,2486.35,5084175,12579630763,-0.42029481
05-09-2007,RELIANCE,1987,1994,1951,1964.6,1972.9,2495169,4915867306,-0.420700492
16-12-2002,RELIANCE,302,302,295,295.7,296.95,6677302,1992002364,-0.420946287
26-02-2024,RELIANCE,2987.1,2989.05,2965,2974.65,2987.25,3756553,11173163736,-0.421792619
10-05-2019,RELIANCE,1265,1277.7,1245,1251.15,1256.45,11226831,14185772329,-0.421823391
08-09-2004,RELIANCE,487,487,481.1,482.7,484.75,4137602,2001465712,-0.422898401
16-12-2009,RELIANCE,1049.9,1055,1038.1,1047.15,1051.6,3376882,3531421575,-0.423164701
30-06-2000,RELIANCE,344,344.7,336,340.8,342.25,6345573,2164110654,-0.42366691
23-01-2020,RELIANCE,1536.5,1541.95,1520.7,1526.85,1533.35,5142088,7861187151,-0.423908436
01-03-2013,RELIANCE,816,818.5,805.5,810.4,813.85,3178835,2579339960,-0.42391104
17-08-2021,RELIANCE,2168.85,2185.2,2147.85,2164.25,2173.5,5841743,12659986994,-0.42558086
24-11-1998,RELIANCE,118,118.85,116.85,116.85,117.35,7120750,837659990,-0.426075841
21-10-1997,RELIANCE,411,419.8,405,408.55,410.3,17575000,7264832460,-0.426517183
08-09-1998,RELIANCE,117.7,117.7,114.4,116.7,117.2,7071900,818877225,-0.42662116
14-03-2019,RELIANCE,1349.75,1362,1336.1,1341.55,1347.3,10402048,14067556296,-0.426779485
02-11-1995,RELIANCE,261.9,268,256.05,256.6,257.7,11013050,2879372518,-0.42685293
28-03-2017,RELIANCE,1258,1264,1242.1,1245.75,1251.1,4961934,6200976653,-0.427623691
06-12-2000,RELIANCE,344.7,344.7,336.6,337.25,338.7,3121812,1058840589,-0.42810747
20-01-2005,RELIANCE,510.1,515,504.2,511.5,513.7,3663190,1866312127,-0.428265525
27-09-2006,RELIANCE,1186,1196.8,1170.25,1174.05,1179.1,2420909,2864592445,-0.428292766
04-07-2002,RELIANCE,269,270.95,266.5,267,268.15,1034747,277917527,-0.428864442
04-04-1997,RELIANCE,263.9,267.75,262.05,266.75,267.9,6981150,1853043798,-0.429264651
01-06-2007,RELIANCE,1772.8,1779.9,1747.35,1751.25,1758.8,1504954,2651927101,-0.429269957
06-06-2022,RELIANCE,2780,2814,2751.8,2767.55,2779.5,5119488,14210599850,-0.429933441
19-04-1995,RELIANCE,276,282,274.25,276.8,278,380750,105436332.5,-0.431654676
20-02-2007,RELIANCE,1429,1444.4,1410.25,1414.6,1420.75,3280207,4689380495,-0.432869963
09-11-2004,RELIANCE,544.9,545.55,538.55,540,542.35,3224197,1747344141,-0.43329953
04-09-2019,RELIANCE,1200.55,1205.25,1186.05,1201.15,1206.4,15063355,18015841145,-0.435179045
03-09-2012,RELIANCE,768,769.95,760.05,763.05,766.4,2237861,1710012641,-0.437108559
07-11-2016,RELIANCE,1014,1016.55,999.05,1001.15,1005.55,2172921,2183786373,-0.437571478
20-12-2016,RELIANCE,1054.7,1061,1053.15,1057.9,1062.55,2671719,2828402959,-0.437626465
18-03-2002,RELIANCE,310.7,312.8,305.1,306.7,308.05,2059788,636569262.2,-0.438240545
14-09-2010,RELIANCE,995.5,1003,984.35,988.15,992.5,4451190,4416345679,-0.438287154
31-07-1998,RELIANCE,136.95,138.5,135.5,135.95,136.55,2339000,319609937.5,-0.439399487
21-05-2010,RELIANCE,989.9,999.85,976.1,995.55,999.95,4381347,4330979408,-0.440022001
28-03-2006,RELIANCE,795,797,787.6,790.85,794.35,1832302,1450441616,-0.440611821
15-02-2021,RELIANCE,2048.05,2061.3,2025,2032.6,2041.6,7287590,14889502308,-0.440830721
16-08-2017,RELIANCE,1572,1576,1550.2,1566.1,1573.05,3103394,4847251821,-0.441816853
01-10-2012,RELIANCE,840,842.3,829.25,833.5,837.2,1991469,1662860189,-0.441949355
12-02-2003,RELIANCE,281.55,282.9,278.55,281.2,282.45,2632766,738302146.9,-0.442556205
10-02-1998,RELIANCE,157.55,158.25,156.4,157.35,158.05,3069300,483245117.5,-0.442897817
10-02-1998,RELIANCE,157.55,158.25,156.4,157.35,158.05,3069300,483245117.5,-0.442897817
13-08-2008,RELIANCE,2329.8,2376,2307.35,2336.85,2347.25,3252519,7612534437,-0.44307168
01-06-2016,RELIANCE,957.95,966.1,951.8,953.6,957.85,2067034,1982696122,-0.443702041
13-02-1995,RELIANCE,270,270,262,268.65,269.85,210700,56009110,-0.444691495
25-10-2004,RELIANCE,540,544,534.2,536.8,539.2,8526352,4592500622,-0.445103858
03-10-1996,RELIANCE,192.5,194.9,188.3,189.7,190.55,5450600,1043106678,-0.446077145
05-01-2010,RELIANCE,1149.9,1149.9,1065.4,1070.7,1075.5,4890040,5271634145,-0.446304045
07-06-1995,RELIANCE,282.5,283,277,277.75,279,1736500,485514407.5,-0.448028674
08-02-1995,RELIANCE,267.75,268.7,264,266.6,267.8,140300,37405362.5,-0.448095594
15-11-2022,RELIANCE,2622.3,2626.4,2590,2607.3,2619.05,3270388,8514100481,-0.448635956
23-05-2016,RELIANCE,937.35,940.7,925.65,930,934.2,4198098,3914538268,-0.449582531
02-06-1995,RELIANCE,279,284,275,276.6,277.85,2837600,793868262.5,-0.44988303
03-12-2008,RELIANCE,1100.55,1114,1050,1069.1,1073.95,6566724,7016921134,-0.451603892
17-11-2020,RELIANCE,2085,2085,1985,1993.25,2002.3,21479385,43241364015,-0.451980223
09-09-2014,RELIANCE,1032.1,1041.3,1028.2,1033,1037.7,2095351,2167433082,-0.452924737
14-08-1997,RELIANCE,373.5,375.85,372.05,372.8,374.5,5319400,1986652995,-0.453938585
22-02-2022,RELIANCE,2352.9,2395.9,2347.15,2389,2399.9,6227901,14773584971,-0.454185591
22-11-2013,RELIANCE,851,856.45,839.1,843.75,847.6,1710289,1451097285,-0.45422369
15-12-2006,RELIANCE,1266,1270,1245.5,1253.7,1259.45,2415209,3036809467,-0.456548493
17-08-1998,RELIANCE,121.9,123,119.4,119.9,120.45,4116050,499007715,-0.456621005
31-08-2023,RELIANCE,2423,2425,2399.9,2407,2418.05,10819300,26077096814,-0.456979798
30-07-2024,RELIANCE,3034.05,3050,3020,3026.3,3040.2,4114104,12479637390,-0.457206763
17-01-2005,RELIANCE,515,518,504.4,511.55,513.9,5042715,2570865479,-0.45728741
26-05-2016,RELIANCE,950,952.4,944.1,946.85,951.2,3243601,3073707523,-0.457317073
27-01-2016,RELIANCE,1008.1,1010,996.95,999.35,1003.95,3943295,3959581189,-0.458190149
02-01-2002,RELIANCE,304.05,306,301,303.6,305,684042,207720185.1,-0.459016393
17-06-2025,RELIANCE,1448,1448,1425.8,1431.2,1437.8,10366599,14846517402,-0.459034636
16-04-2012,RELIANCE,747.1,753.45,736,748.1,751.55,2404246,1792909602,-0.459051294
07-07-2014,RELIANCE,1033,1037,1021,1027.2,1031.95,3204529,3290842891,-0.460293619
24-08-2010,RELIANCE,976.9,981,967.3,972.4,976.9,4406206,4289648811,-0.460640803
25-08-2023,RELIANCE,2456,2505,2442.6,2468.35,2479.8,11111200,27503665769,-0.461730785
27-05-2002,RELIANCE,274.7,274.7,265.1,269.35,270.6,1792360,482909597.4,-0.461936438
15-11-2007,RELIANCE,2880,2910,2850,2875.1,2888.45,2639340,7599871031,-0.462185601
16-11-2000,RELIANCE,315,315.4,309.35,311.65,313.1,3259405,1018141031,-0.463110827
16-11-2000,RELIANCE,315,315.4,309.35,311.65,313.1,3259405,1018141031,-0.463110827
27-05-2022,RELIANCE,2593.05,2605.15,2540.1,2575.1,2587.1,7624888,19627294688,-0.463839821
25-06-2006,RELIANCE,1010,1024,1002.1,1007.2,1011.9,835543,842881018.8,-0.464472774
17-11-2008,RELIANCE,1150,1169.9,1078.35,1141.4,1146.75,7437912,8281652004,-0.466535862
14-11-2006,RELIANCE,1290.4,1295.9,1272.45,1279.4,1285.4,1624814,2082711111,-0.466780769
30-12-2002,RELIANCE,297,299.15,294.1,297.5,298.9,4170639,1237595175,-0.468384075
28-03-2024,RELIANCE,2985.75,3011.9,2957.3,2971.7,2985.7,10927182,32659243942,-0.468901765
03-09-2024,RELIANCE,3042.5,3046,3015,3018.25,3032.5,5461900,16528193207,-0.469909316
15-05-2017,RELIANCE,1356.4,1356.4,1333.5,1344.1,1350.45,1540213,2070378803,-0.470213632
11-08-2010,RELIANCE,989.8,994.9,980.1,983.25,987.9,5009919,4939958503,-0.470695415
30-03-2010,RELIANCE,1096,1105.7,1083,1088.15,1093.3,4329090,4745375960,-0.471050947
01-11-2018,RELIANCE,1067.9,1067.9,1050,1056.25,1061.25,9396027,9950642966,-0.471142521
08-05-1998,RELIANCE,190.15,191.2,189.1,190,190.9,3780450,718386732.5,-0.471451021
25-08-2010,RELIANCE,970,977.85,965.5,967.8,972.4,4256327,4135206536,-0.473056355
05-08-2005,RELIANCE,730,739.9,722.35,725.75,729.2,8039641,5857358944,-0.473121229
17-10-1995,RELIANCE,274.1,277,272.5,273.1,274.4,1732900,476143257.5,-0.473760933
26-02-2007,RELIANCE,1420,1429.8,1372.5,1406.55,1413.25,7248366,10105793705,-0.474084557
11-06-2013,RELIANCE,783.5,791.5,775.3,785.6,789.35,3026936,2375370241,-0.475074428
07-04-1999,RELIANCE,125.25,127.7,123.55,125.45,126.05,4030672,507154164.4,-0.476001587
11-11-2003,RELIANCE,480.15,485,475.6,480.65,482.95,4570877,2195569903,-0.476239776
30-09-2020,RELIANCE,2260,2267,2225,2234.35,2245.05,11291280,25416740704,-0.476604085
12-12-2000,RELIANCE,347,347.2,343.5,344.3,345.95,2380095,821112387.3,-0.476947536
05-03-2024,RELIANCE,3011.55,3014.8,2972.1,3000.4,3014.8,3553834,10634836948,-0.477643625
30-04-2014,RELIANCE,943.9,960,929.1,935.8,940.3,3289582,3107378166,-0.478570669
03-12-2019,RELIANCE,1592.75,1594,1572.6,1578.9,1586.5,5938786,9383687343,-0.479041916
23-02-2023,RELIANCE,2378,2394.75,2361.35,2367.5,2378.9,4546655,10807833964,-0.479213082
23-06-2010,RELIANCE,1059.7,1067.5,1054,1058.7,1063.8,2665095,2825205980,-0.479413424
05-06-2001,RELIANCE,372.75,377.8,370.5,372.95,374.75,2025266,757817445.4,-0.480320213
16-06-1998,RELIANCE,145,145.65,138.3,145,145.7,7631900,1091155890,-0.480439259
07-09-2000,RELIANCE,361.15,370.9,360.1,361.85,363.6,7549126,2759779831,-0.48129813
10-07-2007,RELIANCE,1715.05,1715.05,1695,1702.7,1710.95,1126790,1923784242,-0.482188258
11-07-1995,RELIANCE,258.3,259.75,256.75,257.65,258.9,963350,248414560,-0.482811896
20-03-2009,RELIANCE,1339,1359.9,1322,1339.2,1345.7,5105940,6821629681,-0.48301999
10-08-2009,RELIANCE,2030.45,2034.75,1973,1988.1,1997.75,3013118,6025752031,-0.483043424
05-07-2007,RELIANCE,1718,1725,1680.5,1709.85,1718.15,1759660,2988061671,-0.483077729
22-12-2015,RELIANCE,992.8,1002.6,984,987.3,992.1,2646828,2627900435,-0.483822195
15-05-2015,RELIANCE,881.9,886.95,870.1,873.95,878.2,1904490,1669800163,-0.483944432
17-01-2002,RELIANCE,317,322.95,315.55,318.7,320.25,1953116,624326857.6,-0.483996877
14-11-2022,RELIANCE,2630.75,2642,2605.15,2619.05,2631.8,4173395,10952068322,-0.484459305
13-09-2024,RELIANCE,2952.8,2966.3,2939,2945.25,2959.6,4355664,12856398758,-0.484862819
12-08-2009,RELIANCE,1974.95,2000,1943.3,1990.7,2000.4,3424032,6751593708,-0.484903019
23-05-2019,RELIANCE,1372,1392,1325,1333.9,1340.4,17722514,24181412650,-0.484929872
23-11-2006,RELIANCE,1280,1289.8,1269,1271.95,1278.15,1840998,2351918934,-0.485076087
23-07-2015,RELIANCE,1053.5,1067.85,1041.2,1045.3,1050.4,4261457,4482564298,-0.485529322
15-04-2014,RELIANCE,950,954,936.6,949.1,953.75,2117715,2001067225,-0.487549148
11-01-2018,RELIANCE,941.8,942.65,935,937.75,942.35,3588727,3372263779,-0.488141349
22-12-2005,RELIANCE,864,869.75,853.2,855.95,860.15,5728800,4930866615,-0.488286927
02-09-2009,RELIANCE,1969,1997.9,1960,1971.15,1980.85,2725762,5387296349,-0.48968877
06-10-1995,RELIANCE,287.55,289.95,283,284.4,285.8,2240800,640928395,-0.489853044
12-07-2004,RELIANCE,437,440,432.1,436.75,438.9,2875397,1253877488,-0.489861016
27-04-2017,RELIANCE,1417,1424.15,1402.2,1409.5,1416.45,2873655,4047372599,-0.490663278
14-07-2014,RELIANCE,968.6,974.9,958.5,961.75,966.5,3146395,3044843665,-0.491464046
22-07-2003,RELIANCE,335.85,335.85,329.35,334.05,335.7,5254420,1749809939,-0.491510277
01-02-2016,RELIANCE,1039.95,1041.8,1025.55,1030.3,1035.4,2267273,2341781935,-0.492563261
13-11-2014,RELIANCE,974,979.8,963.4,969.25,974.05,1609576,1562049724,-0.492787845
18-07-2012,RELIANCE,718,721.85,712.2,715.8,719.35,1955014,1398647506,-0.493501077
06-12-2013,RELIANCE,870.15,874.65,861.2,866.7,871,1668901,1447403412,-0.493685419
22-05-2018,RELIANCE,933.15,934,925,926.75,931.35,5170585,4809925289,-0.493906695
30-07-2025,RELIANCE,1418.1,1423.3,1401.3,1410.1,1417.1,7209849,10176719971,-0.493966551
14-06-2016,RELIANCE,980.95,985.4,969.3,976.25,981.1,2497008,2440817299,-0.494343084
14-08-1995,RELIANCE,262.25,262.75,259.6,261.6,262.9,1153800,301194765,-0.494484595
16-12-2022,RELIANCE,2571,2618.8,2558.15,2565.6,2578.35,7308934,18882367676,-0.494502298
22-07-1999,RELIANCE,181.85,184.2,179.6,180.55,181.45,5882127,1071027174,-0.496004409
10-09-2012,RELIANCE,800,803.35,789.15,792.05,796,2006068,1591042435,-0.496231156
19-09-2011,RELIANCE,825,829.15,815.6,821.55,825.65,2924971,2405905847,-0.496578453
22-06-2015,RELIANCE,996.95,1008.7,986.5,991.7,996.65,4433185,4403980457,-0.496663824
29-04-2014,RELIANCE,946.05,951.75,938,940.3,945,1919298,1808054294,-0.497354497
16-03-2023,RELIANCE,2243,2254,2202.2,2225.9,2237.05,8474595,18894758462,-0.498424264
05-09-2006,RELIANCE,1125,1135,1116,1125.95,1131.6,1488628,1676120286,-0.499293036
20-02-2003,RELIANCE,290,290.9,287.05,288.9,290.35,1547297,446668854.2,-0.499397279
29-07-2013,RELIANCE,887.05,898.65,882.55,885.7,890.15,2091846,1861467311,-0.499915745
20-08-2025,RELIANCE,1413,1424.9,1410,1413,1420.1,8725641,12377983950,-0.499964791
09-10-2012,RELIANCE,825.5,826.7,813.1,815.3,819.4,2651961,2172855724,-0.500366122
09-12-2014,RELIANCE,941,950.7,931,939.85,944.6,2422696,2278633640,-0.502858353
19-10-2017,RELIANCE,915.8,921.9,903,909.9,914.5,3664082,3352403287,-0.503007108
12-06-2025,RELIANCE,1453.5,1457,1434.4,1441.6,1448.9,8828114,12750612321,-0.503830492
23-07-2012,RELIANCE,715,725.8,713.3,719,722.65,2336356,1681321599,-0.505085449
06-06-2016,RELIANCE,961,963,952.55,954.8,959.65,1982466,1897147293,-0.505392591
19-03-2018,RELIANCE,901,906.9,892,895.5,900.05,5774392,5185519992,-0.505527471
23-01-2023,RELIANCE,2449,2466.2,2425,2430.3,2442.65,5055324,12336710127,-0.505598428
02-06-2025,RELIANCE,1412.1,1417.5,1395.6,1413.7,1420.9,8098668,11400864785,-0.506721092
26-12-2024,RELIANCE,1224.25,1227.7,1214.25,1216.55,1222.75,10016178,12217176987,-0.507053772
26-12-2024,RELIANCE,1224.25,1227.7,1214.25,1216.55,1222.75,10016178,12217176987,-0.507053772
15-02-2010,RELIANCE,1027,1027,1007.6,1010,1015.15,3085557,3135328369,-0.50731419
27-10-2016,RELIANCE,1051.1,1053.9,1043.4,1048.7,1054.05,2935574,3078514158,-0.507566055
14-10-2022,RELIANCE,2415,2416.35,2369.1,2370.7,2382.8,4202459,10054822904,-0.507805943
06-03-1995,RELIANCE,286,286.5,279.5,284.05,285.5,295750,83909347.5,-0.507880911
26-04-2024,RELIANCE,2927.9,2930,2900,2905.1,2919.95,4706924,13705873643,-0.508570352
01-11-2019,RELIANCE,1455,1461.8,1441,1456.9,1464.35,6356579,9227241717,-0.508758152
20-10-2011,RELIANCE,834.85,840.9,822,838.7,843,2279371,1891171978,-0.510083037
31-07-2024,RELIANCE,3008,3020.9,3002.3,3010.85,3026.3,5028673,15140471170,-0.510524403
31-12-2020,RELIANCE,1993.5,2011.9,1978.6,1985.3,1995.5,8667516,17297504921,-0.511150088
23-02-2006,RELIANCE,705,706.85,695.05,700.35,703.95,6211541,4346528780,-0.511399957
09-08-2005,RELIANCE,714,724.8,702.6,707.65,711.3,8903267,6357115271,-0.513144946
17-11-2006,RELIANCE,1270,1272,1252.35,1259.25,1265.75,1255215,1582560834,-0.513529528
17-11-2006,RELIANCE,1270,1272,1252.35,1259.25,1265.75,1255215,1582560834,-0.513529528
22-06-2021,RELIANCE,2254,2261,2219.35,2225.75,2237.25,5940386,13338860847,-0.514023913
09-06-1998,RELIANCE,156.5,158.25,153.3,154.8,155.6,7230000,1122427913,-0.514138817
19-05-1999,RELIANCE,182,188.45,180,183.5,184.45,15945074,2949496620,-0.515044728
28-09-2006,RELIANCE,1171.2,1180,1163,1168,1174.05,3831187,4483012340,-0.515310251
08-05-2017,RELIANCE,1330,1339.5,1318.35,1321.4,1328.25,3672585,4877180992,-0.515716168
02-06-2000,RELIANCE,343,346,334.1,337.45,339.2,5846405,1997291964,-0.515919811
24-08-2011,RELIANCE,764,769.5,756,761.3,765.25,2968791,2262733043,-0.516171186
04-04-2018,RELIANCE,904.7,911.8,892.05,894.9,899.55,6498407,5858765070,-0.516925129
11-12-2024,RELIANCE,1285,1290,1276.05,1278.2,1284.85,11724373,15034457833,-0.517570144
21-04-2020,RELIANCE,1210,1252,1164,1237.35,1243.8,28057706,33783478000,-0.518572118
04-09-2014,RELIANCE,1029,1033.9,1018.1,1025.9,1031.25,2136513,2191044427,-0.518787879
18-01-2018,RELIANCE,929,929.6,915.1,919.7,924.5,4289053,3955927032,-0.519199567
03-12-2010,RELIANCE,1014,1024,998,1005.9,1011.15,4489664,4543885526,-0.5192108
13-05-2005,RELIANCE,538.5,539,534,536.25,539.05,1774336,951262501.6,-0.519432335
20-05-2013,RELIANCE,837.4,855,828.75,831.15,835.5,3025949,2549453117,-0.52064632
06-07-2012,RELIANCE,738,738,729.5,734.85,738.7,2116579,1552105077,-0.521185867
08-03-1996,RELIANCE,217.5,220,214.75,219.15,220.3,23093700,5016162663,-0.522015433
06-06-2005,RELIANCE,554,566.1,549,552.3,555.2,6259593,3500288432,-0.522334294
25-07-2007,RELIANCE,1895,1912,1875,1902.6,1912.6,2253970,4273996857,-0.522848479
28-11-1996,RELIANCE,182,183.95,179.5,180.65,181.6,4642150,843045672.5,-0.523127753
05-02-2014,RELIANCE,820.1,821.5,806.9,817.25,821.55,2582636,2104992138,-0.523400889
07-07-2016,RELIANCE,992.5,1000.5,986.15,987.9,993.1,2749648,2728683065,-0.523612929
26-05-2020,RELIANCE,1448.15,1449.7,1416.3,1424.05,1431.55,15330793,21903166112,-0.523907653
07-03-2011,RELIANCE,974.1,983.3,964,977.05,982.2,2702156,2629527224,-0.52433313
19-03-1999,RELIANCE,133.5,139,131.85,132.5,133.2,7716050,1043069598,-0.525525526
19-09-2018,RELIANCE,1224,1224,1201,1210.75,1217.15,11265786,13683609850,-0.52581851
11-12-2017,RELIANCE,922.45,926,913.55,916.15,921,4933853,4527638393,-0.52660152
12-06-2000,RELIANCE,342.4,345.7,338.55,339.4,341.2,4122051,1410815625,-0.527549824
26-10-2005,RELIANCE,769.9,774.9,761.35,763.55,767.6,4221317,3240375401,-0.527618551
11-08-1995,RELIANCE,265,265,262.55,262.9,264.3,883000,232336542.5,-0.529701097
09-02-2012,RELIANCE,856.75,859.9,842.6,853.85,858.4,4309191,3670060334,-0.530055918
01-06-2011,RELIANCE,952,958.65,943.65,946.8,951.85,1838452,1742538443,-0.530545779
08-11-2012,RELIANCE,793,798.3,789.75,796.6,800.85,2837737,2252496361,-0.530686146
04-06-2007,RELIANCE,1769,1769,1738.55,1741.95,1751.25,1394408,2441485252,-0.531049251
01-08-2016,RELIANCE,1018,1020.3,1005.05,1009.5,1014.9,1823694,1846202182,-0.532072125
24-04-2002,RELIANCE,293,319.8,289,289.65,291.2,1200688,350398802.4,-0.53228022
27-12-2002,RELIANCE,302.5,306.4,297.2,298.9,300.5,10349750,3133216486,-0.532445923
27-12-2002,RELIANCE,302.5,306.4,297.2,298.9,300.5,10349750,3133216486,-0.532445923
31-08-2021,RELIANCE,2276.9,2283.75,2242.25,2258.15,2270.25,12223037,27595093541,-0.532980949
29-05-2020,RELIANCE,1468,1472,1452.65,1464.4,1472.25,18471770,27020285851,-0.533197487
26-08-2022,RELIANCE,2633,2650,2607,2618,2632.05,4957449,12999929106,-0.533804449
22-02-2010,RELIANCE,995.3,1000,970,977.95,983.2,2901188,2860048067,-0.533970708
20-06-2014,RELIANCE,1045.9,1049.4,1034.25,1036.5,1042.1,2938456,3057529276,-0.537376451
10-07-1995,RELIANCE,261.7,262.5,258.5,258.9,260.3,542550,141427877.5,-0.537840953
22-02-2018,RELIANCE,922,931,920,924.35,929.35,5118850,4734779151,-0.538010437
15-03-2001,RELIANCE,393,401.45,388.1,397.25,399.4,2484258,984931981.2,-0.538307461
30-04-2004,RELIANCE,565,625.1,522.2,526.45,529.3,7435287,3957140271,-0.538447005
30-04-2004,RELIANCE,565,625.1,522.2,526.45,529.3,7435287,3957140271,-0.538447005
18-11-2024,RELIANCE,1267.6,1272.9,1243.9,1260.75,1267.6,13620611,17143501436,-0.540391291
17-12-2002,RELIANCE,296.3,297.8,292.05,294.1,295.7,4945501,1455448422,-0.541088941
29-08-2000,RELIANCE,331.3,334.5,329.3,330.4,332.2,2165046,717844289.4,-0.541842264
21-04-2009,RELIANCE,1695,1733.65,1684.7,1706.1,1715.4,5002628,8548339425,-0.542147604
05-06-2015,RELIANCE,909.9,916.95,904.45,907.75,912.7,2986745,2718413370,-0.542346883
27-08-2004,RELIANCE,461.25,463.4,453.65,458.2,460.7,4769921,2186455787,-0.542652485
23-07-2019,RELIANCE,1285,1293.9,1260.4,1273.55,1280.5,9287951,11903864962,-0.542756736
18-06-2002,RELIANCE,286,289,282.3,283.35,284.9,830006,237380766.5,-0.544050544
05-02-2025,RELIANCE,1282.65,1290.5,1276.7,1278.2,1285.2,10112028,12963336513,-0.544662309
08-06-2017,RELIANCE,1340,1344.8,1328.05,1331.7,1339,1806521,2406881915,-0.545182972
07-09-1995,RELIANCE,268,269.5,263.5,264.2,265.65,2539400,676906902.5,-0.545830981
17-08-2011,RELIANCE,760.5,774.4,751,755,759.15,3096352,2352885823,-0.546664032
02-04-1998,RELIANCE,183.5,186,181.35,181.85,182.85,5859700,1073416428,-0.546896363
05-05-2000,RELIANCE,338.5,341.55,328.1,335.35,337.2,11144621,3736927460,-0.548635824
05-02-2015,RELIANCE,936,939.9,917.6,923.7,928.8,2826578,2629035298,-0.549095607
09-03-2005,RELIANCE,595.1,600.75,584.05,587.85,591.1,7616622,4527696522,-0.549822365
11-08-2003,RELIANCE,358.5,365,358.5,361.3,363.3,4667303,1690652672,-0.550509221
24-12-2012,RELIANCE,825.6,827.35,815.6,820.7,825.25,1303847,1068741338,-0.551348076
18-10-2006,RELIANCE,1202.2,1220.5,1202.2,1208.5,1215.2,2466134,2995338801,-0.551349572
05-11-2001,RELIANCE,263.4,263.4,257.25,261.5,262.95,2452036,637809143.8,-0.551435634
20-04-1998,RELIANCE,199.7,202.2,196.5,197.8,198.9,7282700,1455086240,-0.55304173
02-02-2023,RELIANCE,2318,2348,2311,2326.95,2339.9,6305317,14659321464,-0.553442455
21-02-2007,RELIANCE,1391,1425,1391,1406.75,1414.6,1527424,2164974921,-0.554927188
07-10-2010,RELIANCE,1044.95,1055.75,1032.5,1039.15,1044.95,7211287,7552768173,-0.555050481
16-10-2007,RELIANCE,2655,2699.95,2619,2651.55,2666.35,5638322,15003096105,-0.555065914
27-10-2010,RELIANCE,1098,1110,1083.25,1092.75,1098.85,5016615,5518700973,-0.555125813
20-09-1996,RELIANCE,197.6,200.95,196,196.85,197.95,5679200,1123209335,-0.555695883
19-12-2000,RELIANCE,343.25,344.6,338.1,339.4,341.3,3520914,1201901406,-0.55669499
08-02-2017,RELIANCE,1030.9,1038.25,1022,1025.15,1030.9,3710094,3812874885,-0.55776506
16-03-2017,RELIANCE,1310,1310.4,1293.6,1297.65,1304.95,3639964,4732822404,-0.559408406
17-02-2006,RELIANCE,703,707.5,690,693.15,697.05,4632076,3223266663,-0.559500753
30-04-2013,RELIANCE,793.65,796.65,777.15,788.2,792.65,4011397,3151569263,-0.561407935
08-02-2006,RELIANCE,719.95,722,714,716.5,720.55,6750630,4842775482,-0.56207064
17-03-2016,RELIANCE,1027,1036.9,1012,1016,1021.75,3847740,3949732218,-0.562759971
08-03-2010,RELIANCE,1021.2,1027,1002,1004.1,1009.8,2729580,2764946236,-0.564468212
21-12-2017,RELIANCE,918.45,923.95,910,912.95,918.15,4147162,3804108015,-0.56635626
13-02-2023,RELIANCE,2340.2,2350,2313.55,2323.35,2336.65,4777674,11100881220,-0.569190936
09-08-2021,RELIANCE,2081,2089.8,2066.5,2077.15,2089.05,3458546,7179873286,-0.569636916
25-08-2008,RELIANCE,2205.35,2285,2205.35,2232,2244.8,1391259,3133577694,-0.5702067
05-10-2005,RELIANCE,808,809.9,798.05,802.05,806.65,3850439,3091973819,-0.570259716
07-11-2012,RELIANCE,802,805.3,798,800.85,805.45,2381384,1910689470,-0.571109318
13-04-2010,RELIANCE,1128,1134,1111.3,1120.9,1127.35,3193600,3579441829,-0.5721382
10-11-2010,RELIANCE,1106.7,1116.9,1099.2,1102.2,1108.55,2719925,3014824367,-0.572820351
16-11-2022,RELIANCE,2610,2615.95,2581.35,2592.35,2607.3,4484007,11666807298,-0.573390097
10-08-2010,RELIANCE,991,1002.4,986.3,987.9,993.6,4569314,4537774786,-0.573671498
13-04-2005,RELIANCE,551,552.8,543,545.55,548.7,2069914,1132643573,-0.574084199
12-03-2004,RELIANCE,564.5,569,555.05,562.6,565.85,5410580,3032771687,-0.574357162
08-06-2021,RELIANCE,2226.6,2227.15,2198.15,2214.6,2227.4,4464889,9882332306,-0.57466104
12-02-2024,RELIANCE,2921.5,2922,2884.7,2904.7,2921.5,3337215,9680050428,-0.575047065
13-09-2002,RELIANCE,261.15,264.95,257.7,259,260.5,3702270,968042828.4,-0.575815739
25-06-2020,RELIANCE,1727,1749,1713.05,1717.9,1727.85,18312705,31651803893,-0.575860173
21-03-2022,RELIANCE,2444,2484,2439,2467.4,2481.7,5537752,13651502305,-0.576217915
30-11-2012,RELIANCE,796.05,808,790,793.7,798.3,4170481,3325718678,-0.576224477
20-06-2001,RELIANCE,335,351,335,344.85,346.85,1863287,641011554,-0.576618135
03-04-2014,RELIANCE,956.8,962.95,940.4,952.65,958.2,6069088,5771857878,-0.579211021
28-02-2025,RELIANCE,1202,1217.35,1193.3,1200.1,1207.1,23007298,27738125738,-0.579902245
03-06-2025,RELIANCE,1422.3,1426.5,1403.4,1405.5,1413.7,11252626,15892572174,-0.580038198
28-11-1998,RELIANCE,112.2,112.95,109.75,111.3,111.95,5449450,607090710,-0.580616347
15-10-2009,RELIANCE,2199,2221.8,2165,2171.5,2184.2,3250759,7119344880,-0.581448585
07-09-2022,RELIANCE,2575,2594.9,2570,2581.75,2596.85,3455942,8919602471,-0.581473709
24-05-2023,RELIANCE,2445.9,2464,2433.45,2440.25,2454.55,3743804,9163984989,-0.582591514
20-05-2021,RELIANCE,1997.9,2010.9,1981,1985.4,1997.05,5271497,10499527490,-0.583360457
24-08-2001,RELIANCE,318,318.25,314.2,315.15,317,1494388,472017209.3,-0.583596215
01-10-1999,RELIANCE,239.7,241.7,231,238.35,239.75,15035664,3550252984,-0.583941606
12-01-2016,RELIANCE,1055,1065.4,1041.1,1045.45,1051.6,5342761,5626465576,-0.584823127
18-07-2014,RELIANCE,980,983.55,969.3,976.75,982.5,2133298,2085318604,-0.58524173
24-10-2017,RELIANCE,947.7,947.7,928.2,934.25,939.75,6335308,5934642216,-0.585262038
02-02-2017,RELIANCE,1050,1050.8,1038.25,1043.5,1049.65,2079908,2167729582,-0.585909589
05-10-2020,RELIANCE,2244,2249.15,2206,2212.2,2225.25,8732890,19412649756,-0.586450961
16-03-2004,RELIANCE,540,554.85,535.5,541.85,545.05,8512242,4644212200,-0.587102101
26-04-2023,RELIANCE,2379,2386.1,2354.05,2362.1,2376.05,3977129,9399318934,-0.587108857
18-07-2016,RELIANCE,1028,1038.75,1001.75,1006.25,1012.2,7339086,7518309445,-0.587828492
27-06-1995,RELIANCE,263,264.45,260.4,261.85,263.4,937150,245665090,-0.588458618
04-04-2024,RELIANCE,2959.5,2959.5,2900,2925.85,2943.2,7245136,21187769930,-0.589494428
25-05-2012,RELIANCE,695,695.3,688.55,691.2,695.3,3085023,2133111344,-0.589673522
15-11-2021,RELIANCE,2600,2602.2,2570,2577.8,2593.1,2216708,5722594257,-0.59002738
05-11-2003,RELIANCE,487,494.1,480.5,488.6,491.5,6506879,3170677603,-0.590030519
14-07-2006,RELIANCE,1065,1083,1050.75,1069.1,1075.45,3247287,3447993508,-0.590450509
24-01-2023,RELIANCE,2440,2443.65,2387.35,2415.95,2430.3,7609558,18371644661,-0.590462083
17-05-2023,RELIANCE,2463,2465,2429,2439.3,2453.8,4060722,9926961637,-0.590920205
16-04-2010,RELIANCE,1086.1,1095,1071.15,1084.25,1090.7,4158779,4507262537,-0.591363345
29-03-2023,RELIANCE,2239,2244.8,2211.1,2234.7,2248,8678073,19340293217,-0.591637011
01-02-2023,RELIANCE,2379.95,2379.95,2305,2339.9,2353.85,8929007,20995229704,-0.59264609
25-03-1996,RELIANCE,204.95,206.1,198.25,201.15,202.35,16322250,3320485973,-0.593031875
07-11-2002,RELIANCE,263.5,271.35,257.6,259.65,261.2,8984720,2375637260,-0.593415008
23-08-2001,RELIANCE,319.9,338,316.1,317,318.9,1741427,556179142.7,-0.595798056
25-08-2000,RELIANCE,336.5,338.4,331.25,333.6,335.6,1655254,553614468,-0.595947557
05-10-2011,RELIANCE,772.55,777.9,761.75,767,771.6,4739596,3644422850,-0.596163815
26-11-2014,RELIANCE,991.95,993,982.6,987.05,993,3007076,2969019228,-0.599194361
20-02-2001,RELIANCE,424,426.55,421,422.8,425.35,7155885,3033937844,-0.599506289
06-03-1998,RELIANCE,166.1,167.4,164,165.75,166.75,5907250,978419675,-0.59970015
31-08-2016,RELIANCE,1064.9,1074,1047,1060,1066.4,5324960,5665324907,-0.600150038
21-09-2010,RELIANCE,1042,1048.5,1025.05,1035.15,1041.4,4880691,5057211063,-0.600153639
18-09-2024,RELIANCE,2940,2964,2921.1,2926.9,2944.6,4287357,12604650689,-0.601100319
24-05-2017,RELIANCE,1307.5,1313.7,1295.1,1297.7,1305.55,3274804,4266122162,-0.601279154
01-07-2021,RELIANCE,2118,2123.15,2095,2097.95,2110.65,5784627,12201907893,-0.601710374
07-12-2016,RELIANCE,1004,1007.6,996.35,999.15,1005.2,1127113,1130270449,-0.601870275
08-08-2023,RELIANCE,2528,2534.45,2499.55,2508.65,2523.85,4922036,12377291186,-0.602254492
22-04-1998,RELIANCE,202,206.75,197,198.05,199.25,11597550,2348193758,-0.602258469
12-11-2009,RELIANCE,2125,2146,2084,2101.25,2114,3808929,8030245703,-0.603122044
23-06-2005,RELIANCE,654.2,655.05,646.7,650.6,654.55,6411276,4170508497,-0.603468031
14-05-2013,RELIANCE,800.55,809,795.6,798.15,803,2017950,1620984023,-0.603985056
12-09-1997,RELIANCE,345.4,346.8,343.8,345.4,347.5,5003150,1727051645,-0.604316547
24-06-1999,RELIANCE,180.1,183.85,171.6,180.65,181.75,11752660,2130066520,-0.60522696
13-01-2003,RELIANCE,297,297.3,294.5,295.25,297.05,2639730,780755651.6,-0.605958593
14-09-2017,RELIANCE,855.8,861.5,842,843.85,849,5425486,4613369237,-0.606595995
09-07-1999,RELIANCE,180.1,182.4,175.6,180.1,181.2,12926697,2315619516,-0.607064018
17-12-2012,RELIANCE,834.5,844.4,831,834.15,839.25,1656401,1388610973,-0.607685433
07-02-2022,RELIANCE,2342,2356.8,2305,2317.1,2331.3,4944725,11525587392,-0.609102218
07-01-2013,RELIANCE,865.7,871,851.8,856.6,861.85,3498964,3012297918,-0.609154725
21-10-2014,RELIANCE,934.25,937,927.1,929.35,935.05,4028045,3749418243,-0.60959307
13-06-2002,RELIANCE,287,288.95,284,284.55,286.3,830285,237231334.7,-0.611246944
23-10-2006,RELIANCE,1200,1200.9,1191.7,1193.85,1201.2,1779594,2128654601,-0.611888112
18-06-2007,RELIANCE,1697.8,1697.8,1666.5,1671.6,1681.9,1424616,2396522933,-0.61240264
21-02-2006,RELIANCE,702.05,706,694.3,697.75,702.05,3360389,2359316889,-0.612491988
17-05-2013,RELIANCE,840.65,844.7,823.3,835.5,840.65,2853857,2377877271,-0.612621186
12-07-2012,RELIANCE,721.9,729.8,717.1,721.2,725.65,2301028,1663571898,-0.613243299
23-05-2012,RELIANCE,685.2,689.95,679.55,686.85,691.1,2583348,1772290371,-0.614961655
30-05-2016,RELIANCE,976.4,981.5,965,968.7,974.7,2202091,2140805461,-0.615574023
25-09-2023,RELIANCE,2350.4,2360.7,2335.1,2340.45,2354.95,7127442,16703285186,-0.615724325
15-07-2003,RELIANCE,341,344.9,334.7,337.65,339.75,6006878,2035827574,-0.618101545
15-12-2016,RELIANCE,1052.4,1067.6,1048.65,1052.95,1059.5,4418967,4681049111,-0.61821614
17-07-2025,RELIANCE,1487.4,1489.6,1473.9,1476.4,1485.6,11854613,17542205686,-0.619278406
26-03-2008,RELIANCE,2334,2336.05,2270.55,2299.45,2313.8,2331754,5363352538,-0.620191892
09-09-2022,RELIANCE,2610,2610,2564,2569.3,2585.4,3837302,9891379843,-0.622727624
18-08-2010,RELIANCE,973,977,958.35,964.6,970.65,5682424,5487898398,-0.623293669
02-11-2017,RELIANCE,952.8,956.5,944.25,946.6,952.55,4698609,4466520209,-0.624639127
09-01-2001,RELIANCE,359.4,361.8,357.1,357.95,360.2,4513682,1620910181,-0.624652971
16-08-2005,RELIANCE,704.5,710,697.1,699.8,704.2,5203768,3650934198,-0.624822494
04-01-2001,RELIANCE,359.1,366.9,356.2,357.8,360.05,5982701,2159052028,-0.624913206
23-02-2022,RELIANCE,2401.1,2406.55,2368,2374.05,2389,3373615,8067102258,-0.625784847
18-09-2006,RELIANCE,1145,1150.65,1125.15,1133.45,1140.6,2757594,3140155764,-0.626863055
24-04-2024,RELIANCE,2927,2937.1,2899,2900.35,2918.65,5231388,15264581699,-0.62700221
16-04-2021,RELIANCE,1936.6,1949.9,1926.45,1932.1,1944.3,7225679,13983364355,-0.627475184
02-07-2025,RELIANCE,1528.4,1530,1508.7,1518.8,1528.4,6361002,9657844399,-0.628107825
24-06-2010,RELIANCE,1059,1065.8,1047.3,1052.05,1058.7,4298567,4544415051,-0.628128837
17-02-2020,RELIANCE,1489,1506.15,1474.3,1478.25,1487.6,6011340,8942610639,-0.628529175
04-06-2019,RELIANCE,1357.45,1374.25,1348.1,1351.65,1360.2,7059911,9588561365,-0.628584032
10-10-2002,RELIANCE,237,239.4,235.25,236.9,238.4,1495105,355027299.6,-0.629194631
10-05-2013,RELIANCE,814.7,820.5,809.2,812.95,818.1,2075931,1691177385,-0.629507395
30-03-1995,RELIANCE,268,270.9,266.65,267.55,269.25,249450,66942595,-0.631383473
13-12-2013,RELIANCE,867,868.1,857.65,864.7,870.2,2040359,1762583954,-0.632038612
03-05-2012,RELIANCE,738.5,744.45,735.15,738.85,743.55,1897162,1403823529,-0.63210275
06-02-2012,RELIANCE,845.9,849.5,824.1,833,838.3,3984412,3326803746,-0.632231898
22-05-2012,RELIANCE,704.6,704.6,688.75,691.1,695.5,2938047,2044992993,-0.63263839
05-06-1995,RELIANCE,275,277.75,273.1,274.85,276.6,1579800,434968280,-0.632682574
22-06-2004,RELIANCE,432.8,440.5,430,431.75,434.5,5392890,2347731154,-0.632911392
15-11-2012,RELIANCE,788.85,788.85,777.05,784.6,789.6,3486440,2725325556,-0.633232016
05-10-2016,RELIANCE,1104,1106.5,1085.8,1089.4,1096.35,2466397,2701225312,-0.633921649
24-05-2000,RELIANCE,313.65,317.9,310,312.75,314.75,4041968,1270933058,-0.63542494
08-11-2002,RELIANCE,254,262.15,254,258,259.65,6836817,1772871598,-0.635470826
12-05-2005,RELIANCE,539.9,541.4,534.65,539.05,542.5,3689457,1986270618,-0.6359447
20-02-2018,RELIANCE,929,929.55,918.8,921.1,927,3866919,3569595828,-0.636461704
14-08-2025,RELIANCE,1377.3,1380.7,1370.1,1373.8,1382.6,7126128,9799629520,-0.63648199
20-03-2018,RELIANCE,893.3,904,887.05,889.8,895.5,6945721,6216141684,-0.636515913
19-07-2021,RELIANCE,2100,2124,2092.25,2098.95,2112.4,3855577,8129763378,-0.636716531
04-03-2016,RELIANCE,1014,1015,1003.5,1006.4,1012.85,2054428,2070143079,-0.636816903
23-05-1995,RELIANCE,265,268.4,263.1,265.25,266.95,1368650,363416042.5,-0.636823375
17-08-2010,RELIANCE,980,984.95,970,970.65,976.9,3380458,3296177032,-0.639778892
05-06-1996,RELIANCE,245,245,238.45,240.6,242.15,11917700,2873739670,-0.640099112
19-05-2017,RELIANCE,1333,1335.7,1310,1318.85,1327.35,2928883,3871939701,-0.640373677
26-10-2016,RELIANCE,1056.05,1059.45,1052.1,1054.05,1060.85,2502055,2638835504,-0.640995428
23-06-2025,RELIANCE,1453,1463.8,1442,1456.8,1466.2,5989078,8705005212,-0.641113081
18-07-2011,RELIANCE,871.9,873.9,864.2,867.6,873.2,1504709,1307591717,-0.641319285
15-05-1997,RELIANCE,294.25,296.5,293.25,294.15,296.05,6991100,2061370668,-0.641783483
24-06-2009,RELIANCE,2025,2035.75,1972.05,2002.35,2015.3,4710244,9446491054,-0.642584231
22-01-2007,RELIANCE,1385,1394.95,1371.05,1373.85,1382.75,1567523,2159112253,-0.643644911
30-10-2000,RELIANCE,304.5,309.4,300.1,301,302.95,2922970,889740565.3,-0.643670573
01-03-2018,RELIANCE,949.75,959.9,945.95,948.4,954.55,4094652,3895948304,-0.644282646
21-06-2013,RELIANCE,799.9,810.35,783.6,792.85,798,4682806,3746200439,-0.645363409
06-05-2016,RELIANCE,973,976.8,967,968.95,975.25,3371220,3273738349,-0.645988208
06-01-1997,RELIANCE,218,219,214.5,215.3,216.7,4696700,1016801390,-0.646054453
26-03-1996,RELIANCE,200,204,193.5,199.85,201.15,19007600,3772440953,-0.646283868
01-04-1997,RELIANCE,242.35,265.95,240,261.1,262.8,17109400,4419888615,-0.646879756
28-05-2025,RELIANCE,1420.1,1422.6,1410.7,1412.9,1422.1,5944611,8411575746,-0.646930596
14-11-2019,RELIANCE,1476,1481.6,1455.8,1462.75,1472.3,6518339,9561881077,-0.648644977
19-07-2010,RELIANCE,1058.1,1065.9,1053.8,1056.05,1062.95,2242066,2375101359,-0.649136836
09-04-2012,RELIANCE,740.05,748,734.1,742.15,747,2608520,1934514220,-0.649263722
31-08-1998,RELIANCE,108,109.4,105.8,107.1,107.8,4725550,508739645,-0.649350649
21-11-2019,RELIANCE,1545,1556,1528.55,1537.6,1547.65,6810577,10477684602,-0.649371628
29-03-2010,RELIANCE,1103.7,1109.95,1091,1093.3,1100.45,4628760,5099702171,-0.6497342
07-11-2023,RELIANCE,2334.05,2339.1,2319.55,2323.8,2339,3480102,8102678736,-0.649850363
09-08-2010,RELIANCE,1000,1006,992,993.6,1000.1,5086803,5071842812,-0.649935006
12-07-2011,RELIANCE,847.5,857.4,845.7,847.75,853.3,2986757,2537904917,-0.650416032
27-12-2017,RELIANCE,933,937.5,919,923.75,929.8,4352384,4048927002,-0.650677565
27-12-2017,RELIANCE,933,937.5,919,923.75,929.8,4352384,4048927002,-0.650677565
14-08-2003,RELIANCE,362,365.45,357.15,358.6,360.95,4802977,1738030260,-0.651059704
10-12-2007,RELIANCE,2850,2868.8,2801.3,2822.95,2841.45,1845761,5218248437,-0.651076035
25-08-2020,RELIANCE,2106,2111.3,2078,2082.1,2095.75,8947709,18695434041,-0.651318144
11-04-2017,RELIANCE,1387.85,1400.45,1370.1,1372.35,1381.35,7371727,10194385221,-0.65153654
24-04-1997,RELIANCE,307.85,308.75,303.1,304.6,306.6,10028900,3065340388,-0.652315721
14-07-2021,RELIANCE,2100.35,2106.85,2081.25,2086,2099.7,3937768,8230064622,-0.652474163
05-12-2011,RELIANCE,808.35,812.2,798.35,806.75,812.05,3160834,2545989624,-0.652669171
29-11-1994,RELIANCE,385,387,380,380.5,383,77400,29635562.5,-0.652741514
11-05-2023,RELIANCE,2498.95,2509.5,2476.55,2480.3,2496.6,4872451,12151966094,-0.652887928
16-05-2000,RELIANCE,320,321.9,315,317.4,319.5,3133472,994783194.2,-0.657276995
19-11-2008,RELIANCE,1151.25,1221.85,1115,1132.45,1139.95,10156564,11981253110,-0.657923593
24-05-1995,RELIANCE,271,272,262.05,263.5,265.25,1263900,336727897.5,-0.659754948
11-10-2006,RELIANCE,1155,1161.9,1138.5,1143.3,1150.9,2707855,3108754758,-0.660352767
07-05-1997,RELIANCE,304,304,300.2,300.8,302.8,4934700,1489847430,-0.660501982
04-07-1995,RELIANCE,253,259.05,253,255.35,257.05,1036400,265460855,-0.661349932
29-12-2020,RELIANCE,2009,2012.3,1982.55,1990.05,2003.3,8589407,17118416326,-0.661408676
18-04-2018,RELIANCE,945.25,948.2,935.05,938,944.25,3365196,3167484001,-0.66190098
08-07-2015,RELIANCE,995.85,1008.7,991.65,996.6,1003.25,3472328,3468431724,-0.662845751
09-07-2024,RELIANCE,3195.2,3201,3161,3180.55,3201.8,3480001,11061403125,-0.663689175
14-03-2012,RELIANCE,828,830,806.7,814.5,819.95,4028509,3289830232,-0.664674675
27-02-2023,RELIANCE,2382,2389.65,2351.7,2367.85,2383.7,5168667,12230093429,-0.664932668
21-07-2022,RELIANCE,2494,2500,2467.3,2486.3,2503,7625468,18933428050,-0.667199361
07-04-1995,RELIANCE,285,287.4,282.25,282.75,284.65,327400,93034440,-0.667486387
22-06-2016,RELIANCE,985,985.9,977.1,980.5,987.1,2923284,2866888654,-0.668625266
23-05-2022,RELIANCE,2631.5,2653.55,2593,2606.9,2624.45,7039144,18427794861,-0.66871154
12-05-2017,RELIANCE,1360.05,1364,1344.05,1350.45,1359.55,1719729,2324243177,-0.66933912
31-05-2004,RELIANCE,431.5,438.9,412.5,429.8,432.7,9652900,4140252050,-0.670210307
04-11-2011,RELIANCE,905,905,872.65,879.95,885.9,4171957,3685797137,-0.671633367
08-01-2002,RELIANCE,321.05,325,315.6,317.85,320,1644880,526889023.4,-0.671875
23-04-1996,RELIANCE,235.55,238.75,232.5,236.15,237.75,20359900,4788077693,-0.672975815
22-05-2020,RELIANCE,1451.8,1458,1426.5,1431.55,1441.25,17458503,25180593225,-0.673026886
15-11-2010,RELIANCE,1067.1,1067.9,1038.2,1054.7,1061.85,3676745,3861634014,-0.67335311
20-12-2019,RELIANCE,1615,1617.55,1596.1,1599.1,1609.95,9724619,15604131779,-0.673933973
23-09-2004,RELIANCE,501,503.8,498,500.05,503.45,4947611,2477253563,-0.675340153
05-08-1998,RELIANCE,132,133.45,130.1,132.35,133.25,4319850,567574370,-0.675422139
16-02-2006,RELIANCE,701.8,709.4,694.05,697.05,701.8,4058936,2845868849,-0.676831006
10-12-2019,RELIANCE,1572.05,1573.6,1554.15,1561.95,1572.6,4650906,7263249188,-0.677222434
02-07-2010,RELIANCE,1076,1083.95,1065.3,1068.95,1076.25,2502708,2690105282,-0.678281069
04-12-2013,RELIANCE,860.9,867.5,853.2,856.05,861.9,2002635,1722548066,-0.678733032
22-04-2003,RELIANCE,278.65,278.8,273.75,277.4,279.3,3876796,1073276498,-0.680272109
16-02-2024,RELIANCE,2952.95,2954,2917.1,2921.15,2941.2,4883749,14319775078,-0.681694546
21-09-2017,RELIANCE,847,851.7,836.25,841.35,847.15,5920552,4983709462,-0.684648527
28-05-2024,RELIANCE,2936,2957,2905.5,2912.4,2932.5,3910081,11459272720,-0.685421995
12-02-2021,RELIANCE,2055.5,2078,2015.4,2041.6,2055.7,14074374,28851163932,-0.685897748
11-09-2024,RELIANCE,2926.1,2937.5,2895.1,2903,2923.05,4880101,14235732813,-0.68592737
19-12-2013,RELIANCE,864.4,864.4,843.7,854.05,859.95,3074567,2627155096,-0.6860864
05-01-1996,RELIANCE,203,203,200.65,202.4,203.8,5952000,1202586930,-0.686947988
09-01-2008,RELIANCE,3047.65,3070,3012.35,3033.65,3054.65,2522299,7664943658,-0.68747647
10-06-2004,RELIANCE,448.9,452,445,447.7,450.8,3516835,1576300987,-0.687666371
03-11-2021,RELIANCE,2506.05,2520,2461,2483.6,2500.8,5533120,13764733320,-0.68777991
13-11-2023,RELIANCE,2322.9,2324.6,2311.7,2314.6,2330.65,1927405,4464162629,-0.688649089
10-11-2005,RELIANCE,793.4,795.35,783.1,785.7,791.15,3218286,2534062147,-0.688870631
06-08-2010,RELIANCE,1008.9,1010.1,998.5,1000.1,1007.05,4561587,4574641468,-0.690134551
20-01-2010,RELIANCE,1095,1097.1,1072,1077.5,1085,4418747,4791307049,-0.69124424
10-10-2005,RELIANCE,789,792.9,780.3,782.95,788.4,3714985,2919590443,-0.691273465
27-09-2004,RELIANCE,496,497.35,491.7,495.4,498.85,3535910,1748438173,-0.691590659
13-01-2012,RELIANCE,742,750.95,728.1,731.8,736.9,4692930,3467552024,-0.692088479
17-12-2013,RELIANCE,848.7,852.9,836.75,839.2,845.05,2306272,1948332865,-0.69226673
23-10-2012,RELIANCE,813.5,814.8,804.8,809.95,815.6,2170107,1756533282,-0.69274154
26-07-2010,RELIANCE,1063.5,1067.4,1050.25,1053.1,1060.45,2083245,2204270606,-0.693101985
22-11-2012,RELIANCE,773.05,773.7,761.4,765.85,771.2,2397131,1837640885,-0.693724066
07-07-2021,RELIANCE,2127.75,2127.75,2098,2110.05,2124.8,4824931,10179875557,-0.694182982
18-08-2015,RELIANCE,956,956,942.2,944.1,950.7,1515583,1434225062,-0.694225308
08-01-2013,RELIANCE,855.1,858.1,847.9,850.65,856.6,3194175,2721909998,-0.694606584
11-10-2021,RELIANCE,2701.4,2720,2645.35,2652.65,2671.25,6815737,18281209273,-0.696303229
28-12-2010,RELIANCE,1056.3,1059.7,1042.25,1047.9,1055.25,2024641,2125662391,-0.696517413
17-05-2016,RELIANCE,980.25,983.1,966.35,969.15,975.95,2779023,2706668840,-0.696757006
11-09-2015,RELIANCE,872,876.1,856.2,860.95,867,2430944,2098282315,-0.697808535
29-11-2000,RELIANCE,328,332.4,324,327.2,329.5,5186104,1703697562,-0.698027314
30-05-2011,RELIANCE,948.95,953,934.25,938.85,945.45,1729109,1630030086,-0.698080279
21-08-2017,RELIANCE,1577,1584.15,1560.25,1564.4,1575.4,1731188,2719841501,-0.698235369
17-11-2015,RELIANCE,938.05,938.9,926.2,927.75,934.3,1963105,1828573751,-0.701059617
17-11-2015,RELIANCE,938.05,938.9,926.2,927.75,934.3,1963105,1828573751,-0.701059617
04-02-2005,RELIANCE,544,545,532.4,537.15,540.95,3977210,2137165570,-0.702467881
14-02-2005,RELIANCE,551.9,553.25,538.85,543.55,547.4,3844535,2110290160,-0.703324808
07-08-2018,RELIANCE,1194.9,1201.4,1177,1184.2,1192.6,4059460,4815955315,-0.704343451
16-09-1998,RELIANCE,122.5,122.7,119.3,119.8,120.65,6103750,740396655,-0.704517199
01-11-2013,RELIANCE,910.1,926.55,903.35,908.25,914.7,2718063,2481548684,-0.705149229
29-09-2017,RELIANCE,791.75,793.4,779.1,780.9,786.45,7619230,5984977307,-0.705702842
20-10-2015,RELIANCE,965,966.7,953,956.7,963.5,4135503,3959605692,-0.705760249
19-11-2020,RELIANCE,1987.2,2010.45,1968.2,1973.15,1987.2,12828008,25492281433,-0.70702496
23-07-2021,RELIANCE,2134.45,2134.45,2102.05,2105.7,2120.7,4585938,9717885501,-0.707313623
20-07-2012,RELIANCE,722.3,728.85,717.05,722.65,727.8,2836027,2051900727,-0.707611981
06-01-2005,RELIANCE,528,536.5,522.25,526.2,529.95,6567799,3486845536,-0.707613926
09-06-2023,RELIANCE,2507,2508.55,2478,2481.95,2499.65,2712243,6764300004,-0.708099134
09-03-2000,RELIANCE,235.9,242.4,224.15,231.3,232.95,5545792,1289447887,-0.708306504
07-03-2007,RELIANCE,1311,1329,1261.1,1288.65,1297.85,3450264,4459719080,-0.708864661
10-04-2023,RELIANCE,2350,2350.4,2321.55,2324.85,2341.45,5981688,13980969369,-0.708962395
26-08-2019,RELIANCE,1294,1294,1259,1266.8,1275.85,8778739,11185873443,-0.709331034
28-11-2016,RELIANCE,993,1000.6,984.1,986.65,993.7,1900161,1884801099,-0.709469659
05-11-2019,RELIANCE,1463.1,1468.95,1441,1447.3,1457.65,5799318,8404412066,-0.710046993
10-06-2025,RELIANCE,1450,1453.9,1436,1438.5,1448.8,7913181,11415476581,-0.710933186
10-06-2025,RELIANCE,1450,1453.9,1436,1438.5,1448.8,7913181,11415476581,-0.710933186
13-05-2002,RELIANCE,290,290,285.3,286,288.05,852981,245125120.3,-0.711682
19-08-1999,RELIANCE,176.5,179.4,173.55,174.35,175.6,5670403,1002667509,-0.711845103
19-12-2008,RELIANCE,1360.25,1377.5,1322.5,1351.3,1361,8237002,11183109546,-0.712711242
18-09-2018,RELIANCE,1226,1239.4,1214.35,1217.15,1225.9,7616412,9356664028,-0.713761318
01-01-2014,RELIANCE,897.45,898.25,887.6,888.8,895.2,1337074,1191892428,-0.714924039
27-08-2010,RELIANCE,958.9,960.9,946.55,949.6,956.45,5558199,5292477370,-0.716190078
23-01-2019,RELIANCE,1233.3,1244.2,1222,1226.3,1235.15,8829502,10893762274,-0.716512165
01-08-2017,RELIANCE,1622.75,1622.75,1591.5,1603.6,1615.2,2814298,4516958842,-0.718177316
19-12-1995,RELIANCE,200.75,201.65,198.05,200.45,201.9,7539950,1506820180,-0.718177316
06-05-2008,RELIANCE,2600,2682,2600,2650,2669.2,2103076,5586217611,-0.719316649
01-07-1997,RELIANCE,372,373.8,362,365.7,368.35,15785650,5813927083,-0.71942446
21-07-2009,RELIANCE,2088.7,2088.7,2007.35,2018.65,2033.3,3083413,6248573041,-0.720503615
12-06-2014,RELIANCE,1098.55,1113.5,1084.1,1094.15,1102.1,2689818,2956218468,-0.72135015
22-02-1995,RELIANCE,243.5,245,237.25,240.75,242.5,249500,60214355,-0.721649485
14-12-2020,RELIANCE,2007.95,2015,1986.35,1991.3,2005.8,7989830,15959361790,-0.72290358
26-05-1997,RELIANCE,289.25,291.2,287.5,288.15,290.25,5089150,1472006473,-0.723514212
25-07-2012,RELIANCE,720.4,724.55,712.15,719.25,724.5,1999696,1434568638,-0.724637681
21-08-2020,RELIANCE,2118,2122,2077,2081.85,2097.05,11667281,24466208120,-0.724827734
08-06-2007,RELIANCE,1664,1697.85,1647.1,1657.05,1669.15,3453696,5760591389,-0.724919869
17-03-2025,RELIANCE,1242.15,1257.4,1233.1,1238.85,1247.9,16640952,20630843725,-0.725218367
06-05-2025,RELIANCE,1431,1432,1410.6,1420.9,1431.3,14084117,19985559677,-0.726612171
15-02-2024,RELIANCE,2966.7,2969.45,2933.05,2941.2,2962.75,5003391,14740128066,-0.727364779
17-07-2014,RELIANCE,988,998.2,980.3,982.5,989.7,2154828,2124332964,-0.72749318
18-07-2005,RELIANCE,667,672.85,658.2,661.8,666.65,7839312,5199078037,-0.727518188
11-05-2016,RELIANCE,971.8,980.75,970,975.4,982.55,2820699,2754314214,-0.727698336
13-03-2025,RELIANCE,1260.05,1264.15,1243.85,1247.9,1257.05,9505270,11921766654,-0.727894674
25-01-2006,RELIANCE,696,699.8,685,688.4,693.45,13377596,9250059264,-0.728242844
21-09-2023,RELIANCE,2374.95,2390.1,2360,2364.8,2382.15,6113091,14492294095,-0.728333648
01-07-2014,RELIANCE,1017.2,1020.55,1006.95,1008,1015.4,2206576,2231983026,-0.728776837
29-01-2004,RELIANCE,581,585.9,565.3,571.5,575.7,14791246,8547504458,-0.729546639
11-06-2009,RELIANCE,2320,2325,2282.5,2303.25,2320.2,2541401,5849708511,-0.730540471
14-06-2019,RELIANCE,1321.9,1325,1309.4,1317.55,1327.25,6831331,8990093262,-0.730834432
18-06-1999,RELIANCE,184.95,186,182.5,183.15,184.5,8670252,1596042768,-0.731707317
11-02-1999,RELIANCE,123.5,124.5,121.85,122.1,123,4469350,551668480,-0.731707317
03-01-2023,RELIANCE,2565.05,2573,2547.8,2557.05,2575.9,3534596,9043199291,-0.731783066
28-03-2012,RELIANCE,730,735.9,720.5,725.7,731.05,4131114,3008574654,-0.731824089
05-03-2014,RELIANCE,815.55,818,805.15,807,812.95,2703603,2189299347,-0.731902331
18-02-2020,RELIANCE,1475.9,1475.9,1457.4,1467.4,1478.25,5086964,7455603061,-0.733975985
20-05-2005,RELIANCE,525,526.9,515.6,520.45,524.3,4235432,2205474245,-0.734312417
20-12-2018,RELIANCE,1121,1132.5,1116.15,1128.45,1136.8,5764731,6485603201,-0.734517945
18-02-2003,RELIANCE,293,293.8,288.8,289.65,291.8,2327667,678181408.1,-0.736806032
28-05-1997,RELIANCE,286,287.85,281.85,282.55,284.65,5179250,1474126628,-0.737748112
12-09-1996,RELIANCE,202,203.2,198.5,201.8,203.3,9699950,1947165103,-0.737825873
23-07-2018,RELIANCE,1129.8,1129.8,1113.1,1120.3,1128.65,5842496,6539660893,-0.739821911
09-02-2018,RELIANCE,889,902,886,897.85,904.55,5294279,4743532840,-0.740699795
07-02-1995,RELIANCE,270,270,262,267.8,269.8,323800,85776395,-0.741289844
14-09-2020,RELIANCE,2325,2360,2282,2302.55,2319.75,20335480,47250941267,-0.741459209
30-08-2024,RELIANCE,3068,3079.45,3006.65,3019.25,3041.85,20810365,62987009676,-0.742968917
09-06-1995,RELIANCE,277,278,272,273.2,275.25,1855900,507815812.5,-0.744777475
11-10-2019,RELIANCE,1363.7,1365.6,1336.55,1352.6,1362.75,7587648,10260367695,-0.744817465
18-02-2021,RELIANCE,2085,2108.4,2059.1,2067.7,2083.25,8605531,17944045241,-0.746429857
23-10-2018,RELIANCE,1052.75,1064.7,1043.65,1054.7,1062.65,10573730,11137009298,-0.748129676
06-02-2002,RELIANCE,295,297.5,290.35,291.7,293.9,4391361,1285437780,-0.74855393
08-01-2020,RELIANCE,1515,1534.45,1510,1513.15,1524.6,7336561,11138643618,-0.75101666
27-11-2006,RELIANCE,1262,1269,1250.65,1252.85,1262.35,1812379,2278144574,-0.752564661
22-06-2020,RELIANCE,1773.4,1804.2,1735,1746.15,1759.4,27781772,49206651889,-0.753097647
06-02-2023,RELIANCE,2315,2321,2305.8,2311.45,2329,6847679,15831318495,-0.753542293
24-11-2006,RELIANCE,1270,1274.4,1258.3,1262.35,1271.95,2104153,2666328434,-0.754746649
10-12-2012,RELIANCE,834.6,837.95,821.25,828.3,834.6,1869316,1548040186,-0.754852624
03-09-2020,RELIANCE,2128,2138.75,2103,2112.1,2128.2,8577741,18123586030,-0.756507847
04-04-2012,RELIANCE,745,757,743.45,747,752.7,2700412,2019507256,-0.757273814
20-09-2016,RELIANCE,1084,1084.75,1069.05,1074.2,1082.4,2635854,2836524443,-0.757575758
17-03-2020,RELIANCE,1047.25,1060,1003.2,1008,1015.7,20777442,21497994559,-0.758097864
08-07-2003,RELIANCE,329.1,331,324.65,326.25,328.75,3532013,1161131609,-0.760456274
02-03-2023,RELIANCE,2337,2351.65,2321.6,2326.05,2343.9,4307425,10051732049,-0.761551261
23-01-2014,RELIANCE,860.6,871.3,860.6,865.8,872.45,3146981,2726544717,-0.762221331
26-06-2023,RELIANCE,2507,2515.4,2488.7,2495.55,2514.75,5833893,14584960043,-0.763495377
20-01-2017,RELIANCE,1033.95,1037.45,1023.9,1025.8,1033.7,2008082,2067168054,-0.764244945
25-08-2016,RELIANCE,1021.2,1029,1009,1012.7,1020.5,3419775,3481068525,-0.76433121
16-06-2010,RELIANCE,1070,1072.65,1055.1,1057.95,1066.1,2704841,2871688371,-0.764468624
09-10-2017,RELIANCE,839,839.8,828,830.65,837.05,4046109,3367411681,-0.764589929
01-08-1995,RELIANCE,266,270,264.5,265.95,268,2355700,629399820,-0.764925373
09-09-1996,RELIANCE,208.9,209,206.5,207.35,208.95,3857850,800185840,-0.765733429
30-11-2016,RELIANCE,999.95,999.95,986.65,990.05,997.7,6308004,6245953461,-0.766763556
06-05-2022,RELIANCE,2612.2,2659,2593.55,2620.65,2640.9,9068448,23758282133,-0.766784051
19-10-2023,RELIANCE,2312,2321.8,2301,2306.15,2324,6016278,13898102711,-0.768072289
16-01-1995,RELIANCE,288,294,282,284.1,286.3,149800,43253980,-0.768424729
14-07-2025,RELIANCE,1492.2,1500,1479.1,1483.7,1495.2,10311846,15341529535,-0.769127876
16-02-2005,RELIANCE,539.05,543.9,532.1,535.05,539.2,3589822,1934865666,-0.769658754
21-01-2014,RELIANCE,872.65,873.6,862,863.05,869.75,2241570,1940428294,-0.770336304
25-10-2001,RELIANCE,269,269.5,261.75,263.9,265.95,1980720,526602101.5,-0.770821583
08-06-2020,RELIANCE,1618.4,1618.4,1565,1569.5,1581.7,14498055,23026897487,-0.771321995
24-11-2003,RELIANCE,461.85,463,454.1,455.9,459.45,3139596,1436760252,-0.772662967
19-11-2009,RELIANCE,2098.75,2109.9,2072.9,2083.8,2100.05,2313331,4839232655,-0.7737911
16-01-2002,RELIANCE,325.1,326.5,316.1,320.25,322.75,1298119,416161400.6,-0.774593338
01-11-2022,RELIANCE,2600,2600,2508,2529.85,2549.6,6443999,16391994976,-0.774631315
11-11-2002,RELIANCE,258,258.4,254.55,256,258,2908551,744923689.9,-0.775193798
15-05-2018,RELIANCE,983.05,1000,976.65,978.95,986.6,4800923,4746908410,-0.775390229
28-10-2014,RELIANCE,941.1,942,926.1,934.05,941.35,5034195,4692271387,-0.775482021
10-12-2014,RELIANCE,931.45,940.95,930,932.55,939.85,3027071,2828739700,-0.776719689
28-08-2001,RELIANCE,313.9,317.7,312.2,312.85,315.3,1031974,324829881.2,-0.777037742
29-08-2022,RELIANCE,2585,2655,2578.05,2597.65,2618,9155684,23936068092,-0.777310924
29-08-2022,RELIANCE,2585,2655,2578.05,2597.65,2618,9155684,23936068092,-0.777310924
02-01-1996,RELIANCE,205.25,206.25,202.65,204.15,205.75,6024650,1229789050,-0.77764277
08-10-2004,RELIANCE,560,562.5,552.15,554.45,558.8,4085150,2269927125,-0.77845383
22-09-2008,RELIANCE,2100,2110,2016.3,2039.1,2055.1,5798887,11961252163,-0.778550922
05-11-2002,RELIANCE,265,265,259.7,261.2,263.25,5126794,1342289750,-0.778727445
08-08-2013,RELIANCE,867.35,872.45,857.15,865.65,872.45,2598354,2248350018,-0.779414293
14-05-2015,RELIANCE,886,886.2,870.3,878.2,885.1,2818365,2474730439,-0.77957293
06-02-2024,RELIANCE,2883.7,2883.7,2839.65,2855.6,2878.05,4523992,12936328248,-0.780042042
19-08-2013,RELIANCE,823,834,807.55,820.25,826.7,3691650,3020368386,-0.780210475
08-01-2024,RELIANCE,2610,2631.95,2568.95,2587.35,2607.7,3867326,10057168474,-0.780381179
18-02-2022,RELIANCE,2444.4,2456.4,2420.15,2424.4,2443.5,3126873,7630367400,-0.781665644
05-04-2016,RELIANCE,1031.35,1042.4,1022.2,1026.95,1035.05,2345148,2417937240,-0.78257089
11-06-1996,RELIANCE,241,242.5,238.9,240.25,242.15,8772050,2111450825,-0.784637621
31-03-1995,RELIANCE,267.5,267.75,262,265.45,267.55,408100,107687747.5,-0.784900019
02-02-2015,RELIANCE,916.05,919.9,905.7,908.05,915.25,4412275,4026871185,-0.786670309
09-12-2009,RELIANCE,1070,1078,1062.15,1071.85,1080.35,2555542,2738039729,-0.786782061
20-01-2024,RELIANCE,2730,2766.95,2700,2713.3,2734.9,3641697,9957110929,-0.789791217
29-10-1998,RELIANCE,112.8,113.6,111.25,113.05,113.95,6010950,675948755,-0.789820097
04-07-2000,RELIANCE,348.6,349.6,344.05,345.4,348.15,5380769,1863334595,-0.789889415
29-12-2023,RELIANCE,2611.1,2614,2579.3,2584.95,2605.55,5432292,14067490671,-0.790620023
18-11-2019,RELIANCE,1472.65,1486,1455.4,1459.2,1470.85,6435097,9449287322,-0.792059013
22-08-2012,RELIANCE,809.2,815.5,805.7,807.8,814.25,1999746,1619395159,-0.792140006
17-09-2003,RELIANCE,418,418,402.15,406.9,410.15,7204975,2964488362,-0.792393027
29-09-2021,RELIANCE,2570,2570,2520.05,2527.85,2548.05,4485721,11379866281,-0.792763093
18-02-1998,RELIANCE,151.1,151.75,149.4,150.1,151.3,2373100,356714225,-0.793126239
06-12-2024,RELIANCE,1323.9,1323.9,1310,1311.55,1322.05,9037514,11879701934,-0.794221096
25-06-2018,RELIANCE,1011.4,1016.5,1002.3,1004.45,1012.5,5197694,5252204246,-0.795061728
05-07-2004,RELIANCE,434.4,439.95,429.25,430.45,433.9,7218450,3132911672,-0.795114082
10-12-2024,RELIANCE,1289.25,1294.9,1280.2,1284.85,1295.15,16043729,20639594557,-0.795274679
04-05-2018,RELIANCE,962.85,964.7,950,953.95,961.6,3795692,3623686170,-0.795549085
16-08-2019,RELIANCE,1291.2,1291.8,1273,1278,1288.25,10047496,12868358694,-0.795653018
01-10-2024,RELIANCE,2961.3,2975.9,2925.65,2929.65,2953.15,8215821,24142992537,-0.795760459
08-05-2009,RELIANCE,1920,1932,1875,1900.3,1915.55,3985320,7587812298,-0.796115998
01-08-2003,RELIANCE,359.7,359.7,353.6,355.05,357.9,5331971,1899304338,-0.796311819
22-09-2004,RELIANCE,506,506.5,500.15,503.45,507.5,5758326,2899991204,-0.798029557
23-11-2004,RELIANCE,533,535.4,522.1,528.3,532.55,8365725,4433013309,-0.798047132
04-03-2025,RELIANCE,1162.2,1174,1159.55,1161.9,1171.25,11377373,13253711939,-0.798292423
25-07-2025,RELIANCE,1398.9,1401,1384.1,1391.7,1402.9,11854722,16528044234,-0.798346283
11-03-2013,RELIANCE,852.1,860.6,840.05,844.5,851.3,2415898,2058416677,-0.798778339
16-03-1995,RELIANCE,265.05,270,252,266.95,269.1,1025750,269478892.5,-0.798959495
15-02-2005,RELIANCE,543.65,543.65,535.5,539.2,543.55,3379078,1824242714,-0.800294361
16-03-2000,RELIANCE,239.5,247.8,230.1,234.85,236.75,10564295,2520034828,-0.802534319
10-09-1999,RELIANCE,199.3,200.25,196.2,197.75,199.35,10495794,2078204586,-0.802608478
27-08-2024,RELIANCE,3021,3026.95,2998.9,3000.9,3025.2,3125578,9402108149,-0.803252678
14-05-2002,RELIANCE,287.8,288.9,283,283.7,286,901414,256440817.6,-0.804195804
30-01-2002,RELIANCE,314.9,318,309.2,314.05,316.6,1422524,445128561.2,-0.805432723
07-06-2005,RELIANCE,552,555.8,545,547.85,552.3,4210618,2315987758,-0.805721528
01-06-1999,RELIANCE,168.1,175.45,165.5,166.05,167.4,13514263,2305240828,-0.806451613
10-09-2015,RELIANCE,861,870.5,855.5,867,874.05,2531423,2186106317,-0.806590012
08-05-2008,RELIANCE,2680,2686,2652.6,2667.25,2688.95,1894271,5058544763,-0.807006452
23-02-2001,RELIANCE,415.05,420.6,409.6,411.3,414.65,7727518,3207527495,-0.807910286
16-12-2004,RELIANCE,495,496.95,488.05,491.1,495.1,7070852,3481989472,-0.807917592
15-01-1999,RELIANCE,138,138.2,133.5,135.05,136.15,7780350,1058240333,-0.807932427
29-05-2019,RELIANCE,1321,1333.3,1304.15,1313.05,1323.75,7112830,9396655635,-0.808309726
09-10-2006,RELIANCE,1155,1167,1150.1,1153.45,1162.85,1653865,1914800449,-0.808358774
08-10-2020,RELIANCE,2259,2268,2222.1,2239.25,2257.5,9727508,21811437285,-0.80841639
24-11-2009,RELIANCE,2192,2205,2168.1,2177.2,2194.95,3472510,7564586591,-0.808674457
16-08-2018,RELIANCE,1203.25,1216,1195.5,1200.8,1210.6,5982490,7207048818,-0.809515943
12-01-2006,RELIANCE,863.1,897,863.1,886.85,894.1,19677679,17394948347,-0.810871267
19-07-2001,RELIANCE,325,326.45,321,324.1,326.75,1207297,390994517.1,-0.811017598
25-07-2017,RELIANCE,1624.7,1624.95,1597.6,1602.15,1615.25,4586079,7384713585,-0.811019966
06-01-1998,RELIANCE,171.3,172.5,168.8,171.05,172.45,4902800,834764982.5,-0.811829516
25-08-2003,RELIANCE,386,424.7,367.1,378.6,381.7,9454459,3577152851,-0.812156144
26-04-2011,RELIANCE,1009,1009,997.55,1001.15,1009.35,4035044,4042949929,-0.812404022
27-08-1996,RELIANCE,209,210.25,206,207.55,209.25,10775300,2241550600,-0.812425329
24-01-2013,RELIANCE,925,928.35,907,915.55,923.05,3071712,2813581980,-0.812523699
16-05-2012,RELIANCE,675,682.8,673.05,676.1,681.65,3101760,2099692886,-0.814200836
03-07-2024,RELIANCE,3132.65,3150,3085.55,3104.85,3130.35,4524810,14049406823,-0.814605396
07-05-2001,RELIANCE,343,347.4,339.55,340.9,343.7,1124575,386410576.7,-0.814663951
03-06-2003,RELIANCE,292.4,295,291.25,292.15,294.55,1322619,387268442.7,-0.814802241
27-05-2008,RELIANCE,2560,2589.8,2480,2495.1,2515.6,1747866,4414667640,-0.814914931
04-02-2013,RELIANCE,896.05,901,884.1,886.7,894,3130914,2795787588,-0.81655481
29-04-1996,RELIANCE,242,243.25,237.75,242.45,244.45,15034000,3616998970,-0.818163224
23-06-2023,RELIANCE,2528.9,2533.4,2512,2514.75,2535.5,3059084,7713644596,-0.818379018
10-02-2010,RELIANCE,999.9,999.9,982,985.1,993.25,4174214,4130005663,-0.820538636
10-02-2010,RELIANCE,999.9,999.9,982,985.1,993.25,4174214,4130005663,-0.820538636
31-10-2006,RELIANCE,1235,1239,1218.25,1226,1236.15,2048330,2512798840,-0.821097763
16-04-2014,RELIANCE,946.5,959,938.1,941.3,949.1,2830152,2683006479,-0.821831209
19-09-2017,RELIANCE,848.7,848.75,837,838.6,845.55,3528729,2963055860,-0.82195021
02-05-2014,RELIANCE,940,947.4,926,928.1,935.8,2073376,1935770461,-0.82282539
10-02-2023,RELIANCE,2354.9,2354.9,2321.3,2336.65,2356.05,4979789,11611724209,-0.823412067
10-02-2023,RELIANCE,2354.9,2354.9,2321.3,2336.65,2356.05,4979789,11611724209,-0.823412067
23-05-1996,RELIANCE,241.2,242.2,239.6,240.8,242.8,10521250,2533093103,-0.823723229
23-10-2013,RELIANCE,905.2,909.2,887.65,896.75,904.2,2044698,1835108268,-0.823932758
30-05-2014,RELIANCE,1085,1089.7,1060,1064.7,1073.55,3953091,4237115199,-0.824367752
30-04-2001,RELIANCE,348.7,353.4,334,342.5,345.35,3325738,1146052055,-0.825249747
08-07-2021,RELIANCE,2116.95,2116.95,2081,2092.6,2110.05,5162088,10827897142,-0.826994621
25-11-2020,RELIANCE,1980,1992.95,1942.2,1947.8,1964.05,15062376,29658744016,-0.827372012
06-09-1996,RELIANCE,211.55,211.85,208.1,208.95,210.7,3993450,836912360,-0.830564784
22-10-2020,RELIANCE,2127.4,2132.5,2091,2106.95,2124.6,14215255,29952115115,-0.830744611
08-05-2007,RELIANCE,1608.5,1614.4,1590,1593.15,1606.5,2145696,3440216358,-0.830999066
12-10-1995,RELIANCE,276.55,281,273.25,274.25,276.55,2132700,590479122.5,-0.831676008
13-02-2019,RELIANCE,1261,1273.95,1235.75,1245.95,1256.4,6964042,8767311289,-0.831741484
24-03-1998,RELIANCE,184,184.9,177.5,178.7,180.2,8838650,1595177963,-0.832408435
11-03-2024,RELIANCE,2978,2978,2927,2933.2,2957.85,5638565,16634894693,-0.833375594
15-06-2007,RELIANCE,1700,1710,1668.15,1681.9,1696.05,1996976,3391096121,-0.834291442
24-07-2018,RELIANCE,1122,1126.75,1107.4,1110.95,1120.3,4469144,4985132840,-0.834597876
21-05-2004,RELIANCE,441.9,442,430.05,439.5,443.2,6745232,2941747138,-0.834837545
25-06-2014,RELIANCE,1057.65,1059.35,1048.15,1051,1059.85,2414935,2542557757,-0.835023824
11-02-2002,RELIANCE,314,317,307.1,308.6,311.2,2429376,756255619.6,-0.835475578
18-01-2017,RELIANCE,1042.6,1048,1028.75,1032.55,1041.25,3627071,3759369531,-0.835534214
26-03-2007,RELIANCE,1383,1383,1350,1364.55,1376.05,1473727,2022803473,-0.835725446
21-02-2002,RELIANCE,318.4,321,312.5,314.4,317.05,1412393,447211836.9,-0.835830311
06-06-1997,RELIANCE,312,313.25,307.5,308.15,310.75,9691350,3005102685,-0.836685438
20-02-2014,RELIANCE,811.3,813.7,803.1,805.45,812.25,1838151,1485198578,-0.837180671
22-04-2022,RELIANCE,2758.9,2802,2744.2,2758.8,2782.1,6947490,19234486953,-0.837496855
30-05-2005,RELIANCE,531.5,534.7,525,526.8,531.25,2282045,1205612254,-0.837647059
07-04-2006,RELIANCE,844.5,846.3,829.65,833.45,840.5,4241119,3557451349,-0.838786437
15-05-1998,RELIANCE,180.45,182.9,176.4,177.2,178.7,8297500,1487664758,-0.839395635
12-04-2024,RELIANCE,2951.75,2972.95,2926.15,2934.3,2959.15,7775506,22944647361,-0.839768177
10-09-1997,RELIANCE,342.15,344,340.05,342.2,345.1,4982100,1706049353,-0.840336134
13-01-2015,RELIANCE,853,854.95,840.5,843.15,850.3,2274108,1921106779,-0.84087969
28-11-2017,RELIANCE,949.85,951.35,938.1,943.35,951.35,4641893,4382634300,-0.840910285
20-12-2017,RELIANCE,925.9,927.4,917,918.15,925.95,4774414,4395253600,-0.842378098
16-06-2016,RELIANCE,981,983.65,967.05,976.3,984.6,2142329,2089779295,-0.842981922
24-05-2021,RELIANCE,2008,2009.8,1982,1985.65,2002.55,3946636,7869936695,-0.843923997
03-03-2022,RELIANCE,2400,2414.85,2370.05,2378.3,2398.55,4701183,11246476349,-0.844260074
08-06-2009,RELIANCE,2207,2261.8,2176,2194,2212.75,3778012,8371815296,-0.84736188
30-12-2024,RELIANCE,1216.4,1223.2,1208.1,1210.7,1221.05,8818766,10712229378,-0.847631137
24-10-2018,RELIANCE,1074.9,1075.95,1031.4,1045.75,1054.7,13655337,14342542137,-0.848582535
03-10-2006,RELIANCE,1165.25,1176.35,1160,1161.8,1171.75,1039522,1213042537,-0.849157243
22-11-2001,RELIANCE,295,298.4,290.1,291.9,294.4,2249544,661502455.7,-0.849184783
09-01-2025,RELIANCE,1267,1269.75,1248.05,1254.75,1265.5,12794704,16088882554,-0.849466614
04-02-2016,RELIANCE,988,1001,965.7,973.05,981.4,4161079,4090669618,-0.850825352
02-09-2004,RELIANCE,475,478,470.7,471.95,476,3740681,1774792365,-0.850840336
27-10-2000,RELIANCE,306.95,308.5,300.1,302.95,305.55,3479544,1058854820,-0.850924562
15-12-2020,RELIANCE,1989.7,1989.7,1961.1,1974.35,1991.3,8561406,16896273509,-0.851202732
23-07-2024,RELIANCE,3002,3011.5,2926,2975.8,3001.35,9026022,26803649946,-0.851283589
25-02-1999,RELIANCE,140.1,143.75,138.25,139.7,140.9,14000700,1988288668,-0.85166785
09-10-2023,RELIANCE,2308.1,2311.95,2295,2298.25,2318,3788439,8724597410,-0.85202761
24-06-1996,RELIANCE,221.1,223,217.6,221,222.9,10982100,2411585025,-0.852400179
28-01-2004,RELIANCE,588,589.25,569.55,575.7,580.65,8354537,4844405115,-0.852492896
11-01-2019,RELIANCE,1107.6,1113.8,1088.6,1098.05,1107.5,6463903,7105842454,-0.853273138
08-08-2017,RELIANCE,1618,1621.05,1586.8,1602.55,1616.35,2505568,4022476841,-0.853775482
28-03-2016,RELIANCE,1030,1031.7,1015.65,1020.4,1029.2,4130553,4224624949,-0.855033035
20-01-2003,RELIANCE,292.55,293.95,288.75,289.85,292.35,1480731,431647364,-0.855139388
21-04-2010,RELIANCE,1070,1073.7,1048.15,1054.1,1063.2,4385951,4643573228,-0.855906697
11-11-2016,RELIANCE,997.85,1017.5,995.1,1001.75,1010.4,3377392,3390025727,-0.856096595
23-09-2013,RELIANCE,872.05,881,865,874.35,881.9,2028677,1768750841,-0.856106134
06-11-2019,RELIANCE,1442.7,1446.45,1428.5,1434.9,1447.3,6686289,9603195009,-0.856767774
03-05-2023,RELIANCE,2445,2445,2413.05,2420.1,2441.05,3259053,7896775125,-0.858237234
28-07-2021,RELIANCE,2058,2058,2016.25,2037.35,2055,5952355,12106241436,-0.858880779
11-11-2024,RELIANCE,1278.95,1286,1267,1272.7,1283.75,9056552,11551068873,-0.860759494
12-11-2020,RELIANCE,1981,2008.45,1965,1980,1997.2,18481466,36725218563,-0.861205688
20-02-1995,RELIANCE,255,258,252,253.25,255.45,119450,30340845,-0.861225289
17-07-2019,RELIANCE,1294.3,1297,1280,1281.85,1293,4334958,5579597026,-0.862335654
19-08-1997,RELIANCE,365.95,367.75,360,362.1,365.25,6195750,2256505688,-0.862422998
28-06-2002,RELIANCE,272,272,267.55,269.4,271.75,1805866,486303380.8,-0.864765409
04-06-2021,RELIANCE,2214.8,2216.45,2184.25,2190.5,2209.65,6677278,14674474226,-0.86665309
13-09-1996,RELIANCE,202.95,203.35,199.55,200.05,201.8,6495950,1307154245,-0.867195243
11-10-1999,RELIANCE,241.9,244.35,237.05,239.85,241.95,11036867,2655814896,-0.867947923
25-02-2025,RELIANCE,1211,1221,1201.5,1204,1214.55,11552182,13973492940,-0.868634474
18-09-2023,RELIANCE,2440.05,2451,2432.05,2436.45,2457.85,3758150,9178715239,-0.870679659
19-12-2007,RELIANCE,2680.05,2784.9,2651.55,2703.8,2727.55,3792872,10305925234,-0.870744808
28-09-2007,RELIANCE,2350,2350,2265,2298.05,2318.3,3454315,7943889622,-0.873484881
30-07-2021,RELIANCE,2058,2067.95,2031.1,2035.3,2053.25,5238304,10733444605,-0.874223792
22-12-1994,RELIANCE,342,342,339,340,343,15700,5341605,-0.874635569
24-06-2024,RELIANCE,2891.05,2899,2875,2882.95,2908.4,4439193,12809105424,-0.875051575
05-01-2006,RELIANCE,933,936,920,921.7,929.85,5308620,4914332738,-0.876485455
28-06-2021,RELIANCE,2122,2126.5,2081,2086,2104.45,9357852,19654379828,-0.876713631
08-01-2007,RELIANCE,1294,1294,1266.6,1276.85,1288.15,2191355,2796739065,-0.877227031
19-04-2005,RELIANCE,524,530.5,512,514,518.55,3618427,1887704761,-0.877446726
17-03-1998,RELIANCE,175.75,176.5,172.7,174.8,176.35,8410350,1464585765,-0.878933938
06-07-2022,RELIANCE,2420.1,2441.95,2388,2411.85,2433.25,11050026,26637248724,-0.879482174
05-01-2004,RELIANCE,585,589.9,572,580.05,585.2,6100815,3544980033,-0.880041012
04-12-2020,RELIANCE,1969,1969,1940,1946.75,1964.05,8521388,16605763759,-0.880832973
04-04-2014,RELIANCE,952,953.25,941.55,944.25,952.65,2860462,2705035429,-0.881750905
31-10-2024,RELIANCE,1340,1343,1326.15,1332.05,1343.9,9331650,12449744607,-0.881762036
08-04-2002,RELIANCE,307.25,308.2,302.05,303,305.7,1721676,524981874,-0.883218842
03-05-1999,RELIANCE,136.45,137.85,134.25,134.45,135.65,4957385,673579822,-0.884629561
24-08-2017,RELIANCE,1590,1593.1,1564.5,1568.05,1582.05,2892571,4558488606,-0.884927784
27-05-2025,RELIANCE,1426.1,1437,1413.9,1422.1,1434.8,12640414,17972211282,-0.885140786
05-08-2010,RELIANCE,1019.95,1023.7,1005.05,1007.05,1016.05,4184906,4237337323,-0.88578318
04-05-2017,RELIANCE,1375,1379.6,1354.05,1357.95,1370.1,3283811,4480138684,-0.886796584
23-09-2005,RELIANCE,768,768,739.1,747.75,754.45,10567094,7947220213,-0.888064153
03-11-2010,RELIANCE,1082,1084.9,1062.65,1065.3,1074.85,4557947,4890089431,-0.888496069
08-08-2014,RELIANCE,979.55,983.5,973.1,980.5,989.3,2084325,2039926963,-0.889517841
06-08-2015,RELIANCE,991,992,977.5,978.95,987.75,1990511,1956690353,-0.890913693
10-05-2011,RELIANCE,959.3,963.9,946.55,950.75,959.3,1861439,1782546004,-0.891274888
25-10-2024,RELIANCE,2687,2688.7,2644,2655.7,2679.6,9298748,24732826126,-0.891924168
17-11-2016,RELIANCE,986,998.15,974.4,977.75,986.55,2886635,2849709344,-0.891997365
10-09-1996,RELIANCE,207.15,207.15,204.25,205.5,207.35,5161700,1061216785,-0.892211237
12-10-2000,RELIANCE,327.5,334.5,322.55,327.35,330.3,4932887,1619631819,-0.89312746
13-07-2023,RELIANCE,2783.9,2799,2737.25,2743,2767.75,6776172,18798357651,-0.894228164
08-07-2019,RELIANCE,1258,1268.1,1248.2,1252.05,1263.35,6404544,8047480742,-0.894447303
12-04-2006,RELIANCE,835.1,858.7,821.1,828.75,836.25,9379270,7920836732,-0.896860987
29-09-2000,RELIANCE,347.8,349.9,341.05,342.5,345.6,2713333,933320068.2,-0.896990741
25-02-2016,RELIANCE,954.2,956.55,940.85,944.1,952.65,5675025,5371391774,-0.897496457
02-08-2002,RELIANCE,242.1,244.5,239.05,242.85,245.05,1987066,481066276.8,-0.897775964
08-11-2019,RELIANCE,1449,1459.65,1441.3,1445.5,1458.6,5494844,7959284446,-0.898121486
17-10-2012,RELIANCE,816.05,817.4,801.55,805.15,812.45,4780912,3851399586,-0.898516832
08-06-1995,RELIANCE,273,277.1,269,275.25,277.75,1627750,448588145,-0.900090009
10-06-1996,RELIANCE,243.5,244.5,241,242.15,244.35,6481300,1574278485,-0.900347862
30-11-1999,RELIANCE,222.45,223.45,218.15,219.9,221.9,4564570,1009292401,-0.901306895
22-11-2018,RELIANCE,1114.5,1125.35,1100.1,1102.85,1112.9,5792568,6449393379,-0.903046096
10-08-2017,RELIANCE,1593.05,1606.65,1577.95,1584.35,1598.8,2328843,3704143392,-0.903802852
28-11-2001,RELIANCE,293.2,294.25,285.3,290.55,293.2,2312724,669801794.1,-0.903819918
11-12-2003,RELIANCE,501.1,504,489.2,493.1,497.6,7431704,3688201647,-0.904340836
01-07-1998,RELIANCE,141,143.9,139.75,142.25,143.55,4017300,568208685,-0.905607802
15-01-2002,RELIANCE,324.9,328.9,320.35,322.75,325.7,1655750,536640900.8,-0.90574148
22-05-1997,RELIANCE,293.1,293.5,287.5,289.85,292.5,8790600,2545496295,-0.905982906
28-08-2019,RELIANCE,1273.75,1281,1256.05,1263.3,1274.85,5305639,6718393215,-0.90598894
22-10-2002,RELIANCE,243.1,243.3,239.05,239.95,242.15,1114776,268641641,-0.908527772
21-08-2015,RELIANCE,910,911.9,897,907.95,916.3,4583212,4148894277,-0.9112736
04-02-2022,RELIANCE,2341,2348.45,2321.1,2331.3,2352.75,5104761,11915365723,-0.911699076
30-06-2017,RELIANCE,1392,1392.4,1375.05,1380,1392.7,1786211,2467964901,-0.911897753
10-03-2025,RELIANCE,1245,1258,1235.4,1238.4,1249.8,11931051,14864340066,-0.912145943
14-07-2015,RELIANCE,1008.9,1011.5,995.2,997.8,1007,2272786,2277523578,-0.913604767
22-08-2005,RELIANCE,709.7,713.6,694.6,699.3,705.75,5069105,3567350982,-0.91392136
25-04-2002,RELIANCE,290.5,290.9,285.2,287,289.65,1689884,486687550.8,-0.91489729
08-08-2008,RELIANCE,2249.7,2284,2231.05,2251.8,2272.6,3303349,7441176120,-0.915251254
10-03-2011,RELIANCE,992.7,993,982,984.75,993.85,2252418,2222475686,-0.915631131
10-08-2006,RELIANCE,988,990,967.2,978.95,988,2701869,2642206102,-0.915991903
27-06-2005,RELIANCE,648,675,645.25,648.65,654.65,12441700,8245115588,-0.916520278
23-06-2021,RELIANCE,2250,2250.6,2201.7,2205.35,2225.75,7685796,17042762229,-0.916544985
08-04-1999,RELIANCE,125.7,127.85,123.55,124.3,125.45,4219574,530799150.4,-0.91669988
12-10-1999,RELIANCE,239,242.5,236.05,237.65,239.85,12032902,2881818994,-0.917239942
13-06-2012,RELIANCE,722.25,723.95,712.4,716.3,722.95,2274408,1630059931,-0.919842313
11-08-1999,RELIANCE,171,173.95,169.5,171.8,173.4,4320621,745022543,-0.92272203
09-07-2015,RELIANCE,996,1001,983.15,987.4,996.6,3713532,3688073859,-0.923138671
18-08-2005,RELIANCE,720,744,705.25,708.35,714.95,8674278,6201523594,-0.923141478
04-01-1996,RELIANCE,203.75,204.4,201.05,203.8,205.7,7744000,1567965148,-0.923675255
26-03-2024,RELIANCE,2890,2904.8,2878,2883.15,2910.05,5707953,16480430505,-0.924382743
21-06-2002,RELIANCE,287,287,281.95,283.9,286.55,826145,234778328.1,-0.924794975
15-03-2024,RELIANCE,2851.9,2866.45,2825.8,2836.45,2862.95,9611909,27294538071,-0.92561868
14-01-2020,RELIANCE,1540,1550,1521.85,1529.4,1543.7,7230788,11090262628,-0.926345793
12-08-2024,RELIANCE,2940,2946,2915.5,2921.25,2948.6,4092292,11989680026,-0.927558841
19-04-2012,RELIANCE,753.9,753.9,738.5,741.65,748.6,4205746,3133582454,-0.928399679
01-06-2017,RELIANCE,1332.7,1340,1323,1328.25,1340.7,2179328,2896998252,-0.928619378
03-12-1998,RELIANCE,113.2,113.25,111.8,112,113.05,5029900,565391047.5,-0.92879257
22-06-1999,RELIANCE,189.65,191.55,184.55,186.45,188.2,10081801,1889291225,-0.929861849
14-07-2020,RELIANCE,1934,1941.7,1887.3,1917,1935,31073591,59597787129,-0.930232558
27-07-2023,RELIANCE,2534.05,2537.65,2490.35,2502.7,2526.2,8613449,21612819117,-0.93025097
22-12-2016,RELIANCE,1058,1062.65,1050.95,1053.35,1063.25,6604416,6990846841,-0.931107454
26-12-2016,RELIANCE,1054.35,1066,1044.65,1047.45,1057.3,3502299,3700130720,-0.931618273
26-12-2016,RELIANCE,1054.35,1066,1044.65,1047.45,1057.3,3502299,3700130720,-0.931618273
20-06-2006,RELIANCE,930,936,916,925,933.7,4529902,4194812229,-0.931776802
13-01-2021,RELIANCE,1963.55,1974.95,1918.45,1938.8,1957.05,12284876,23934034448,-0.932525996
20-10-2020,RELIANCE,2179,2193,2152.25,2155.9,2176.2,8529621,18479742688,-0.932818675
27-04-2010,RELIANCE,1063,1068,1055,1061.25,1071.25,3193352,3385768925,-0.933488915
04-12-2017,RELIANCE,913.5,913.8,897.35,901.6,910.1,4618847,4170229646,-0.933963301
06-11-2000,RELIANCE,316.95,319.9,312,312.7,315.65,3987985,1261607246,-0.934579439
14-09-2004,RELIANCE,491.5,492.85,483.75,486.35,490.95,3581496,1743006354,-0.936958957
29-08-1996,RELIANCE,213.95,214.45,210.9,211.35,213.35,6219600,1322877580,-0.937426764
07-06-2019,RELIANCE,1325.95,1327.25,1305.6,1314.9,1327.35,6730595,8847672553,-0.937959091
24-01-2005,RELIANCE,513.5,521.35,505.6,506.7,511.5,6705592,3436927775,-0.938416422
04-02-2015,RELIANCE,939.1,943.8,925.9,928.8,937.6,3216827,3013388329,-0.938566553
09-10-2009,RELIANCE,2128.65,2131.6,2090,2099.75,2119.65,3162237,6665709633,-0.938834242
19-09-2014,RELIANCE,1006,1015.8,991,995.45,1004.9,3924732,3922003285,-0.940392079
09-04-2002,RELIANCE,303.5,304.15,299.2,300.15,303,1413186,425750542.2,-0.940594059
02-03-2020,RELIANCE,1355.1,1369,1301.1,1316.15,1328.65,13486634,18117990645,-0.940804576
16-03-2015,RELIANCE,851.5,853.95,840.3,842.1,850.1,3163589,2667804475,-0.941065757
22-03-2021,RELIANCE,2071,2074,2033.2,2062.4,2082,8571196,17578960666,-0.941402498
22-03-2021,RELIANCE,2071,2074,2033.2,2062.4,2082,8571196,17578960666,-0.941402498
22-09-2022,RELIANCE,2486,2503,2472.1,2486.1,2509.75,4757219,11839611958,-0.942324933
19-10-2006,RELIANCE,1214,1214,1186.6,1197.1,1208.5,3684154,4424597825,-0.943318163
09-03-2001,RELIANCE,411.1,411.1,398.65,409.5,413.4,3926498,1597557201,-0.943396226
03-02-2017,RELIANCE,1046,1050.45,1030.1,1033.65,1043.5,3021751,3137286044,-0.943938668
10-05-2000,RELIANCE,330,334.9,323.3,325.25,328.35,6652614,2191905562,-0.944114512
19-11-2003,RELIANCE,464.15,466.75,458.6,461.6,466,5303106,2457946498,-0.944206009
08-06-2011,RELIANCE,955.25,955.95,943.95,949.2,958.25,3247038,3079088742,-0.94442995
27-05-2024,RELIANCE,2960.45,2969.8,2923.1,2932.5,2960.5,3314505,9758927331,-0.945786185
14-06-2002,RELIANCE,283.9,284,279.4,281.85,284.55,1292335,363915840.9,-0.948866632
17-01-2024,RELIANCE,2719,2772.55,2710.05,2723.15,2749.25,6098691,16702784158,-0.949349823
26-10-1999,RELIANCE,257.6,259.2,254.6,255.4,257.85,7997287,2050100226,-0.950164825
13-06-2025,RELIANCE,1424,1435.5,1414.3,1427.9,1441.6,9757276,13893905321,-0.950332963
03-12-2018,RELIANCE,1174.9,1174.9,1148.5,1156.45,1167.55,5569578,6453718882,-0.950708749
03-08-2004,RELIANCE,494.25,499.85,487.4,489.4,494.1,8322408,4118076917,-0.951224448
06-12-2007,RELIANCE,2950,2988,2865.25,2873.8,2901.4,2480173,7192654591,-0.951264907
16-01-2023,RELIANCE,2472.7,2479.65,2427,2444.1,2467.6,6287407,15373325639,-0.952342357
03-05-2010,RELIANCE,1026,1032.6,1018.1,1023.75,1033.6,2865346,2936728836,-0.952979876
26-05-2022,RELIANCE,2624.4,2634.9,2548,2587.1,2612,8252551,21351851440,-0.953292496
02-07-2007,RELIANCE,1704,1712,1679.05,1684.3,1700.55,2737732,4637579657,-0.955573197
25-02-2013,RELIANCE,864,864.95,851,854.35,862.6,2258056,1930616727,-0.956410851
18-08-2006,RELIANCE,1068,1078.5,1049,1055.9,1066.1,2157694,2285451342,-0.956758278
29-08-2023,RELIANCE,2452.05,2453.45,2408.15,2420.35,2443.75,8438322,20464839388,-0.957544757
29-08-2023,RELIANCE,2452.05,2453.45,2408.15,2420.35,2443.75,8438322,20464839388,-0.957544757
01-06-1998,RELIANCE,169,178,163.6,165.25,166.85,17442900,2988721483,-0.95894516
08-07-2016,RELIANCE,987,989,976.35,978.4,987.9,1632225,1603394588,-0.961635793
13-11-2013,RELIANCE,849.9,861.4,842.1,844.4,852.6,1918164,1632465997,-0.961764016
12-12-1995,RELIANCE,200.55,204.5,198.3,200.75,202.7,11719800,2355188188,-0.962012827
08-04-2008,RELIANCE,2400,2422.85,2359.95,2381.75,2404.9,2819713,6707936005,-0.962617988
02-08-2012,RELIANCE,742.1,747.6,736.75,739.55,746.75,1822852,1352442078,-0.964178105
26-03-2025,RELIANCE,1291,1293.8,1268.75,1273.05,1285.45,12074747,15444062345,-0.964642732
23-01-2017,RELIANCE,1021.8,1031,1012.8,1015.9,1025.8,3133533,3194244709,-0.965100409
18-06-2003,RELIANCE,322.75,322.75,316.7,318,321.1,5274828,1682337072,-0.96543133
10-05-1995,RELIANCE,250,252.75,245,246.1,248.5,485950,120477362.5,-0.965794769
23-01-2007,RELIANCE,1371.05,1380.75,1357.65,1360.55,1373.85,1213863,1661494728,-0.968082396
10-09-2009,RELIANCE,2190.05,2239.9,2132.6,2147.45,2168.45,4076750,8873060601,-0.968433674
30-11-2023,RELIANCE,2394.7,2400.7,2369.9,2377.45,2400.7,14219992,33880261609,-0.96846753
27-11-2015,RELIANCE,989,992.5,974.1,979.05,988.65,2489697,2446752089,-0.971021089
04-07-2001,RELIANCE,323,331.5,322,326.2,329.4,2820881,922032129.4,-0.971463267
14-01-2015,RELIANCE,843,847,831.2,834.95,843.15,2601286,2174912517,-0.972543438
13-11-2017,RELIANCE,885,891.9,873.5,875.25,883.85,4155011,3652510603,-0.973015783
25-01-2017,RELIANCE,1032,1032.7,1016.15,1017.3,1027.3,5453230,5562884614,-0.973425484
28-01-2021,RELIANCE,1880.15,1923.3,1870,1876.55,1895,15722291,29798806094,-0.973614776
25-10-2021,RELIANCE,2680,2680,2570,2601.8,2627.4,7937067,20725006859,-0.974347263
15-01-2010,RELIANCE,1125.8,1138.9,1105.05,1110.75,1121.7,4289733,4804503086,-0.976196844
23-12-2003,RELIANCE,435,529.8,435,522.4,527.55,4602904,2412985576,-0.976210786
29-01-2014,RELIANCE,849.8,852.5,835,836.6,844.85,2828526,2385070075,-0.976504705
30-06-2025,RELIANCE,1513.8,1524.8,1496,1500.6,1515.4,8409527,12692329820,-0.976639831
20-09-2013,RELIANCE,886,901,870.5,881.9,890.6,4197357,3718517059,-0.976869526
14-11-2011,RELIANCE,891.4,896,873,876.7,885.35,3656473,3243492371,-0.97701474
04-06-2013,RELIANCE,790.6,799.8,779.15,780.2,787.9,3372217,2664750263,-0.977281381
09-06-2004,RELIANCE,457,458.25,449.3,450.8,455.25,5136240,2331894960,-0.977484898
09-06-2004,RELIANCE,457,458.25,449.3,450.8,455.25,5136240,2331894960,-0.977484898
26-02-2019,RELIANCE,1209.5,1234.8,1206,1220.25,1232.3,10131050,12372287570,-0.977846304
16-07-2010,RELIANCE,1071.05,1074,1060,1062.95,1073.45,2006855,2135947464,-0.978154548
12-08-2004,RELIANCE,480.2,483.8,471.3,475.25,479.95,6337293,3024277631,-0.979268674
30-10-2012,RELIANCE,810,811.8,799.15,803.25,811.2,2134370,1718621208,-0.980029586
27-12-2013,RELIANCE,888.6,893.9,876.9,878.85,887.55,1770277,1563628438,-0.980226466
27-12-2013,RELIANCE,888.6,893.9,876.9,878.85,887.55,1770277,1563628438,-0.980226466
20-03-2023,RELIANCE,2215,2220,2180,2201.25,2223.1,9010595,19770027745,-0.98286177
28-10-2010,RELIANCE,1099.4,1100.9,1074.6,1082,1092.75,8271973,8994354008,-0.983756577
06-08-2002,RELIANCE,243,243.95,240.6,241.55,243.95,1681055,407223136.8,-0.983808157
08-02-2019,RELIANCE,1284.8,1300.5,1272.25,1277.7,1290.4,6505502,8346364103,-0.984190949
10-12-2020,RELIANCE,2021.6,2028.5,2001,2007,2026.95,7414229,14903949696,-0.984237401
29-06-2015,RELIANCE,987.9,993.85,972,990.85,1000.7,4610282,4535092024,-0.984310982
07-07-2022,RELIANCE,2425.9,2433.25,2375,2388.1,2411.85,10753423,25723462115,-0.984721272
05-07-2005,RELIANCE,644,648,636.45,638.05,644.4,4700583,3016885455,-0.985412787
22-10-2013,RELIANCE,907.4,910.95,897.5,904.2,913.2,2342103,2116270726,-0.985545335
27-01-2020,RELIANCE,1514.9,1524.45,1505,1506.55,1521.55,6120429,9262815086,-0.985836811
17-11-2009,RELIANCE,2160,2161.7,2107,2132.35,2153.6,3005633,6402112009,-0.986719911
17-11-2009,RELIANCE,2160,2161.7,2107,2132.35,2153.6,3005633,6402112009,-0.986719911
16-06-2004,RELIANCE,453,455.8,442.6,446.15,450.6,4553908,2035663160,-0.987572126
19-03-2024,RELIANCE,2857.5,2875.2,2834.5,2850.5,2878.95,4137882,11787973196,-0.988207506
12-03-1998,RELIANCE,172,172.45,168.95,170.3,172,10902050,1858797633,-0.988372093
20-02-1997,RELIANCE,272,273.5,268.65,270.15,272.85,7473750,2027908835,-0.9895547
08-12-2010,RELIANCE,1024.9,1027.75,1011.15,1020.55,1030.75,3885305,3961043910,-0.989570701
15-09-2022,RELIANCE,2583,2603.55,2556.75,2562.7,2588.35,4783723,12312602616,-0.990978809
31-07-2002,RELIANCE,244.95,247.75,241.05,244.35,246.8,3412258,833647906.8,-0.992706645
19-06-2023,RELIANCE,2584,2584,2542.65,2551.8,2577.4,3137532,8019025286,-0.993249011
23-01-1998,RELIANCE,155.5,156.5,153.8,154.4,155.95,3561300,552102942.5,-0.993908304
10-06-2011,RELIANCE,955.1,956,932.05,944.5,954,2530136,2384677374,-0.995807128
10-06-2011,RELIANCE,955.1,956,932.05,944.5,954,2530136,2384677374,-0.995807128
29-12-1998,RELIANCE,120.45,120.9,118.55,119.3,120.5,5773300,691916187.5,-0.995850622
11-12-2012,RELIANCE,832,838.35,814.5,820.05,828.3,3715258,3067676897,-0.996015936
06-07-2006,RELIANCE,1079.9,1091,1071.15,1083.25,1094.15,4269451,4615877579,-0.996207101
28-08-2023,RELIANCE,2472,2484,2431.1,2443.75,2468.35,6290413,15508240986,-0.996617173
25-09-2008,RELIANCE,2041.1,2059.7,1993,2025.7,2046.1,4918882,9938724270,-0.997018719
31-10-2019,RELIANCE,1484,1489.65,1461.7,1464.35,1479.1,8898168,13096851142,-0.997228044
29-11-2002,RELIANCE,292.5,294.75,283.75,287.9,290.8,7928814,2288196057,-0.997248968
22-05-2000,RELIANCE,313,316.9,309,312.45,315.6,3117749,977385352,-0.998098859
26-02-2003,RELIANCE,296.65,297.9,291.5,292.6,295.55,3927725,1155352593,-0.998139063
11-06-2024,RELIANCE,2938,2947.35,2909.35,2913.35,2942.8,5887451,17235309310,-1.000747587
19-05-2005,RELIANCE,531,535,522.65,524.3,529.6,3029203,1596243788,-1.000755287
22-11-1996,RELIANCE,177.7,180.7,176.65,177.85,179.65,8285700,1479250088,-1.001948233
10-03-1995,RELIANCE,292,297,284,286.45,289.35,442600,127651315,-1.002246414
12-06-2002,RELIANCE,288.45,288.45,284.4,286.3,289.2,1101660,315593785.3,-1.002766252
11-02-2004,RELIANCE,620,620,581.1,587.3,593.25,6210047,3658840122,-1.002949853
30-07-2007,RELIANCE,1885,1898.85,1840,1848.75,1867.5,2788649,5211220560,-1.004016064
24-12-2018,RELIANCE,1100.9,1103.2,1086.55,1089.15,1100.2,4144535,4534256814,-1.004362843
25-05-1995,RELIANCE,262.5,265,256.6,260.85,263.5,1156350,300922172.5,-1.0056926
07-09-2007,RELIANCE,1983,1990,1955,1962.9,1982.85,1840068,3634050146,-1.006127544
25-01-2005,RELIANCE,505.9,509.9,498.45,501.6,506.7,8209129,4134894822,-1.006512729
23-03-2000,RELIANCE,245.25,245.8,238.55,240.95,243.4,4286132,1034318902,-1.006573541
03-09-2018,RELIANCE,1245,1257.9,1226.05,1229.15,1241.65,12200022,15145106276,-1.006724922
20-09-2002,RELIANCE,255,257.4,253.05,255.5,258.1,1757760,450067360.9,-1.007361488
06-05-2024,RELIANCE,2871,2880,2836,2839.05,2868,3697104,10543411394,-1.009414226
21-02-2022,RELIANCE,2412,2437.5,2384.6,2399.9,2424.4,5125968,12349078485,-1.010559314
23-11-1994,RELIANCE,375,375,367,367.25,371,25300,9345100,-1.010781671
07-11-2006,RELIANCE,1308,1315.95,1285.15,1291.3,1304.5,3643621,4733220718,-1.011881947
04-12-2014,RELIANCE,968.1,974.95,955.7,958.55,968.35,2463051,2374510517,-1.012030774
07-04-1997,RELIANCE,265.75,265.95,262.3,264.05,266.75,6338250,1677389458,-1.012183693
08-11-2007,RELIANCE,2750,2794.8,2652,2742.85,2770.9,3639342,10004101422,-1.012306471
18-01-2010,RELIANCE,1107,1116.45,1091.95,1099.5,1110.75,3239525,3581595518,-1.012829169
13-08-2015,RELIANCE,947,953.95,929.4,933.35,942.9,2135047,2007824041,-1.01283275
31-08-2006,RELIANCE,1040,1135.8,1040,1117.35,1128.8,5138080,5771211211,-1.014351524
08-02-2016,RELIANCE,971.1,984.8,957.95,961.05,970.9,2760853,2691151281,-1.014522608
28-04-2017,RELIANCE,1409.75,1420.3,1391,1395.2,1409.5,2708404,3802054530,-1.014544165
24-08-1999,RELIANCE,186.75,187,183.65,185.25,187.15,8832591,1636087856,-1.015228426
11-07-2003,RELIANCE,334,337.5,329.65,330.7,334.1,4139447,1382270407,-1.017659383
05-09-2001,RELIANCE,313,316,309.8,311.15,314.35,842904,263851597.8,-1.017973596
19-07-2019,RELIANCE,1268.2,1272.95,1242.7,1249,1261.85,7468515,9386768752,-1.018346079
11-03-2005,RELIANCE,596,600.8,585.5,587.95,594,5910172,3502620808,-1.018518519
22-03-2006,RELIANCE,782.95,786.5,758.6,772.5,780.45,5109676,3963450613,-1.018643091
22-03-2006,RELIANCE,782.95,786.5,758.6,772.5,780.45,5109676,3963450613,-1.018643091
29-08-2012,RELIANCE,791,797.5,780.3,782.15,790.2,2021201,1591339305,-1.018729436
11-06-2012,RELIANCE,732.7,736.4,718.1,722.25,729.7,2275396,1659768030,-1.020967521
27-02-2001,RELIANCE,407.5,409.25,397.3,402.1,406.25,5610643,2260353729,-1.021538462
09-07-2021,RELIANCE,2088,2091.7,2066.1,2071.2,2092.6,4170886,8653818442,-1.022651247
04-12-2009,RELIANCE,1091,1107,1080.3,1088.4,1099.65,3191869,3489970383,-1.02305279
10-01-2025,RELIANCE,1253.85,1256.75,1236,1241.9,1254.75,8120332,10117685548,-1.024108388
11-05-2022,RELIANCE,2472.65,2484.95,2421.95,2449.3,2474.65,7681157,18851760949,-1.024387287
25-08-2011,RELIANCE,761.6,769,750.25,753.5,761.3,4849218,3671888390,-1.024563247
28-09-1998,RELIANCE,127.35,127.85,125,125.3,126.6,5661600,714597290,-1.02685624
08-05-2012,RELIANCE,718,718.9,699,708.35,715.7,3885415,2751213918,-1.026966606
17-07-1998,RELIANCE,151,151.95,148.1,149.35,150.9,4082200,612717917.5,-1.027170311
01-04-2016,RELIANCE,1039.1,1046.3,1025,1034.45,1045.2,2830115,2923641416,-1.02851129
13-05-2010,RELIANCE,1062,1093.4,1062,1071.8,1082.95,2731043,2950737279,-1.029595087
16-12-2019,RELIANCE,1592,1593.9,1564.35,1566.6,1582.9,5436951,8566568694,-1.029755512
10-02-2025,RELIANCE,1264.5,1266.5,1245.55,1253.65,1266.7,6970972,8724286361,-1.030236046
10-02-2025,RELIANCE,1264.5,1266.5,1245.55,1253.65,1266.7,6970972,8724286361,-1.030236046
04-07-2023,RELIANCE,2625,2625,2573.25,2588.75,2615.7,3720447,9630911136,-1.030316932
07-02-2017,RELIANCE,1042,1042.35,1027.2,1030.9,1041.65,2264245,2336537922,-1.032016512
03-04-2024,RELIANCE,2964.15,2968.9,2937.8,2943.2,2973.9,3504146,10340431852,-1.032314469
04-03-1996,RELIANCE,214,215,208.4,210.85,213.05,24042700,5087974358,-1.03262145
25-05-2015,RELIANCE,900,908,892.35,894.5,903.85,1512612,1359727677,-1.034463683
12-05-2021,RELIANCE,1930.1,1932.9,1907,1913.15,1933.15,6081627,11648380362,-1.034580865
11-04-1996,RELIANCE,210.25,211.5,208.85,210.05,212.25,7729150,1623714520,-1.036513545
22-10-1999,RELIANCE,260.8,265.75,255.15,262.35,265.1,10820910,2836223196,-1.037344398
07-09-2006,RELIANCE,1135,1135,1120.3,1125.7,1137.5,2806030,3164531674,-1.037362637
16-05-2001,RELIANCE,372.6,374.8,365.15,366.95,370.8,3317202,1228386147,-1.038295577
21-04-2015,RELIANCE,890.15,895.5,872.45,876.45,885.65,4047524,3584122582,-1.038785073
31-10-1998,RELIANCE,110,110,108.6,109.55,110.7,1785000,195065382.5,-1.038843722
15-01-1996,RELIANCE,187.05,188,184.6,185.65,187.6,7139950,1329107210,-1.039445629
17-04-2009,RELIANCE,1750.1,1780.65,1702.35,1716.95,1735,6420246,11238842476,-1.040345821
12-05-2011,RELIANCE,951.5,954.75,941,945.5,955.45,2107305,1996968298,-1.041394107
07-07-1999,RELIANCE,188,188.8,184.3,185.25,187.2,7795621,1455994756,-1.041666667
03-04-2019,RELIANCE,1392.75,1403,1372,1375.2,1389.7,7849461,10912295747,-1.04339066
27-12-2011,RELIANCE,766,768.7,745.35,753.05,761,3074308,2327961268,-1.044678055
27-12-2011,RELIANCE,766,768.7,745.35,753.05,761,3074308,2327961268,-1.044678055
10-05-1996,RELIANCE,238,242.65,236.55,241.3,243.85,21646350,5182299880,-1.045724831
28-07-2000,RELIANCE,348,350,339.2,340.45,344.05,5985200,2052673412,-1.046359541
21-07-2003,RELIANCE,341.2,341.5,334.1,335.7,339.25,4688869,1582569318,-1.04642594
19-10-2012,RELIANCE,807.7,810.5,799.35,802.8,811.3,2891282,2324907434,-1.04770122
07-05-2025,RELIANCE,1420.9,1424.4,1402.7,1406,1420.9,13440169,18988126278,-1.048631149
29-04-2022,RELIANCE,2856.15,2856.15,2777.3,2790.25,2819.85,8406156,23685432933,-1.049701225
01-08-2001,RELIANCE,320.95,322.25,312.25,315.5,318.85,1875223,596306288.4,-1.050650776
20-01-2011,RELIANCE,977.6,977.6,954.55,969.85,980.15,9450384,9137167624,-1.050859562
07-09-1999,RELIANCE,186,186.5,183.15,183.6,185.55,4535465,835953064.7,-1.050929669
27-07-2021,RELIANCE,2076.8,2083.7,2042,2055,2076.85,4995516,10300736942,-1.052074054
16-08-2016,RELIANCE,1036.25,1044.8,1015.5,1024.9,1035.8,3055603,3141211271,-1.052326704
23-01-2025,RELIANCE,1270,1277.35,1261.6,1263.65,1277.1,8720682,11053624693,-1.053167332
08-03-2017,RELIANCE,1307.7,1307.7,1286.1,1291.2,1304.95,9906103,12825718918,-1.053680218
04-03-2010,RELIANCE,1040,1040,1008,1014,1024.8,4750237,4835250305,-1.053864169
02-08-2024,RELIANCE,3010,3018.65,2986.55,2998.65,3030.6,5134124,15411692078,-1.054246684
10-05-2007,RELIANCE,1607,1609.8,1575,1581.4,1598.25,1810733,2892033010,-1.054278117
12-01-1996,RELIANCE,191,192.45,186.35,187.6,189.6,13377500,2527687798,-1.054852321
20-02-2023,RELIANCE,2445,2449.75,2410.1,2414.4,2440.2,4078245,9908416474,-1.057290386
29-05-2024,RELIANCE,2893,2916,2876.9,2881.55,2912.4,3691778,10677649559,-1.059263837
26-04-2001,RELIANCE,360.45,365.9,351.8,354.85,358.65,5102487,1843522228,-1.059528789
02-07-2004,RELIANCE,435,438.4,430.5,433.9,438.55,5676172,2466534638,-1.060312393
05-05-2003,RELIANCE,275,276,269.5,270.55,273.45,2762692,753030291.9,-1.060522948
07-06-2013,RELIANCE,794.2,802,781,783.6,792,2153414,1706605682,-1.060606061
10-04-1995,RELIANCE,282,282.25,277,279.75,282.75,282250,78866122.5,-1.061007958
29-01-2001,RELIANCE,380,380,361,377.65,381.7,5074253,1896909060,-1.061042704
19-11-2014,RELIANCE,988.65,992,976.5,978.15,988.65,1851368,1818700933,-1.062054316
17-08-2020,RELIANCE,2105,2105,2070.1,2091.35,2113.8,14297224,29819054668,-1.062068313
29-06-2020,RELIANCE,1728.05,1739.75,1715.55,1723.15,1741.65,11825126,20391055541,-1.062211122
31-10-2023,RELIANCE,2328,2328,2282.9,2287.9,2312.5,6404219,14747354997,-1.063783784
25-05-2011,RELIANCE,914.1,914.1,901,906,915.75,2997245,2721870591,-1.064701065
11-04-2013,RELIANCE,784,785.1,764.15,771.1,779.4,2612370,2015097082,-1.064921735
28-03-2007,RELIANCE,1360,1374,1342.55,1350,1364.55,2133169,2891945857,-1.066285589
19-11-2007,RELIANCE,2885.15,2906,2840.2,2850.9,2881.65,1839787,5286311593,-1.067096976
23-02-1996,RELIANCE,229,229.5,223.2,227,229.45,19497250,4412076430,-1.067770756
02-08-2023,RELIANCE,2509.2,2512,2463.6,2486.35,2513.2,6374107,15842903032,-1.068359064
06-03-1997,RELIANCE,299.1,303,296.5,300.7,303.95,14908400,4468264960,-1.069254812
06-12-2001,RELIANCE,320,324.5,306.1,309.95,313.3,3474221,1094516737,-1.069262688
27-07-2016,RELIANCE,1023.05,1026,1008.95,1013.1,1024.05,2521448,2564577316,-1.069283726
13-08-1997,RELIANCE,373.9,376.6,372,374.5,378.55,6075400,2274951758,-1.06987188
27-03-2009,RELIANCE,1554,1583.4,1535,1548.75,1565.5,6744638,10482723672,-1.069945704
11-09-1996,RELIANCE,205.1,207.9,202.1,203.3,205.5,4453100,913074912.5,-1.070559611
19-05-2025,RELIANCE,1452.1,1454.6,1438.2,1440.8,1456.4,6195791,8944705922,-1.071134304
08-02-2013,RELIANCE,869.95,874,857,863.55,872.9,2190791,1897181047,-1.07114217
22-06-2012,RELIANCE,713.55,714.9,703.55,711,718.7,4372864,3102989666,-1.071378879
08-08-2024,RELIANCE,2915.05,2930,2891.85,2898.25,2929.65,6193596,17996662106,-1.071800386
31-07-2000,RELIANCE,338,340.9,335.5,336.8,340.45,2006533,678106413.3,-1.072110442
28-05-2015,RELIANCE,885.85,894.25,872,875.8,885.3,6066339,5338207624,-1.073082571
30-12-2015,RELIANCE,1015,1016,1002,1004.5,1015.4,1863321,1878062566,-1.073468584
17-10-2018,RELIANCE,1179,1179.35,1140,1151.3,1163.8,12785646,14914670103,-1.074067709
24-12-2014,RELIANCE,893.75,897.15,880,884.15,893.75,5138493,4556983280,-1.074125874
11-05-2010,RELIANCE,1089,1089,1063.35,1067.8,1079.4,6017564,6467089781,-1.074671114
10-04-2003,RELIANCE,287.9,288.5,282.1,285.25,288.35,2911610,831214377.3,-1.075082365
07-04-2005,RELIANCE,572.9,576.9,563.55,565.45,571.6,3651592,2077562347,-1.075927222
06-01-2014,RELIANCE,862.1,863.25,850,854.95,864.25,3043781,2601945347,-1.076077524
07-05-2015,RELIANCE,875,878.45,860,870.75,880.25,3825462,3318801858,-1.079238853
23-12-2011,RELIANCE,760,769.75,742.4,746.4,754.55,3511075,2661081257,-1.080113975
18-06-2012,RELIANCE,730.35,734.5,712,718.9,726.75,2293698,1651317059,-1.080151359
07-11-1997,RELIANCE,178.05,179.9,177.1,178.55,180.5,3644850,650651807.5,-1.08033241
09-12-2002,RELIANCE,299,304.25,291.25,292.95,296.15,8159296,2442243775,-1.080533513
12-08-2010,RELIANCE,980,983.25,970,972.6,983.25,5694088,5542144182,-1.083142639
05-09-2012,RELIANCE,775.25,779.95,764.2,771.15,779.6,3012632,2322559096,-1.083889174
04-12-2024,RELIANCE,1326,1328.4,1304.05,1308.95,1323.3,19608540,25701743569,-1.084410187
20-08-2014,RELIANCE,1011,1018.45,995.35,998.35,1009.3,2976628,2993591273,-1.084910334
09-11-2023,RELIANCE,2335.85,2335.9,2304.2,2310.55,2335.9,7256805,16810455977,-1.085234813
03-12-2002,RELIANCE,297.95,301.75,289.5,291.35,294.55,7823413,2319251252,-1.086402988
29-07-2010,RELIANCE,1028.5,1028.5,1008,1010.15,1021.25,10579193,10736318513,-1.086903305
03-01-2024,RELIANCE,2610,2634,2577.2,2583.3,2611.7,4518768,11778006447,-1.087414328
21-02-2000,RELIANCE,348.4,352,341.65,345.65,349.45,2944404,1023620291,-1.087423093
21-06-2001,RELIANCE,344.75,350.45,340,341.1,344.85,3372739,1161444658,-1.087429317
07-11-2014,RELIANCE,990.45,995.35,978.05,980.5,991.3,2659263,2615393273,-1.089478463
10-10-2022,RELIANCE,2405,2417.6,2388,2405.8,2432.35,2921076,7019927775,-1.091536991
08-05-2002,RELIANCE,294,295.4,288.6,289.95,293.15,1764537,515315567.1,-1.091591335
30-03-2005,RELIANCE,548,554.7,539.1,543.15,549.15,5789149,3168358685,-1.092597651
13-08-1999,RELIANCE,170.9,171.4,167,167.4,169.25,3484478,587045052.3,-1.093057607
06-01-2003,RELIANCE,287.65,288.45,284.15,284.8,287.95,3468858,990672096.2,-1.09393992
22-08-2025,RELIANCE,1420,1423.4,1407.9,1409.2,1424.8,5818868,8227876997,-1.094890511
05-01-2015,RELIANCE,885,890.9,874.1,875.85,885.55,2309591,2036781223,-1.095364463
20-11-2018,RELIANCE,1145,1155.9,1130,1137.4,1150,5719901,6538904427,-1.095652174
28-10-2021,RELIANCE,2620,2637.95,2590.5,2598.6,2627.4,4562471,11911187009,-1.096140671
04-10-2006,RELIANCE,1165,1167,1143,1149.05,1161.8,5087322,5880105268,-1.097435015
17-09-2019,RELIANCE,1211,1211,1193.5,1197.45,1210.75,7150435,8593600264,-1.09849267
07-12-2012,RELIANCE,841.05,849.7,830.45,834.6,843.9,3014740,2538571030,-1.102026306
05-11-2014,RELIANCE,1002,1008.5,988.4,991.3,1002.35,3595614,3584091775,-1.102409338
30-05-2024,RELIANCE,2871,2880.8,2840.2,2849.7,2881.55,6603429,18843310310,-1.105307907
30-06-2020,RELIANCE,1737,1741,1695.55,1704.1,1723.15,13973038,24007093966,-1.105533471
07-02-2001,RELIANCE,395.65,397.95,392,393.45,397.85,3637077,1433950839,-1.105944451
22-07-2025,RELIANCE,1427.4,1431.9,1410.7,1412.8,1428.6,20396320,28902700383,-1.10597788
26-05-2015,RELIANCE,895,896,882.7,884.6,894.5,2173883,1934207310,-1.106763555
14-12-2005,RELIANCE,870.15,873.4,856,861.95,871.6,3952919,3415530106,-1.107159247
24-02-2025,RELIANCE,1216.55,1223.25,1210.5,1214.55,1228.15,7172498,8721021715,-1.107356593
18-03-2013,RELIANCE,835,843.5,830.8,834.3,843.65,1833998,1534607230,-1.1082795
17-09-2020,RELIANCE,2320,2333.7,2291.85,2298.75,2324.55,11919991,27538576984,-1.109892237
28-06-1996,RELIANCE,218,221.75,211.55,213.6,216,27115550,5886478323,-1.111111111
05-03-2003,RELIANCE,290.55,290.9,283.15,288.95,292.2,5714701,1639370191,-1.112251882
06-02-2018,RELIANCE,877,898,871,892.1,902.15,11000567,9726627414,-1.114005431
19-03-2013,RELIANCE,836.6,839,811.9,825,834.3,4107716,3388779276,-1.11470694
29-07-2016,RELIANCE,1024,1024.9,1012,1014.9,1026.35,2201164,2236478542,-1.115603839
13-06-2014,RELIANCE,1100.3,1107,1072.7,1081.9,1094.15,3348036,3641549458,-1.11959055
25-01-2010,RELIANCE,1049.65,1054.4,1036.7,1042.05,1053.85,3061478,3200781867,-1.119703943
31-05-2016,RELIANCE,969,973,956.5,957.85,968.7,5333469,5119973489,-1.120057809
28-10-1996,RELIANCE,215,216,210.5,211.55,213.95,7101750,1514846900,-1.12175742
10-12-1997,RELIANCE,154.1,156.9,151.55,154.2,155.95,8019450,1236729745,-1.122154537
29-07-2011,RELIANCE,840,847.25,823.15,827.95,837.35,4890181,4087294012,-1.12258912
05-08-2020,RELIANCE,2169,2196,2118.3,2126.45,2150.6,34405886,74100545222,-1.122942435
20-08-2021,RELIANCE,2143,2172,2137,2148.25,2172.65,4350228,9377502602,-1.123052493
22-06-2023,RELIANCE,2556,2573.3,2532,2535.5,2564.3,3516244,8970824759,-1.12311352
08-11-2013,RELIANCE,886,888,871.15,875.95,885.9,2001425,1756169621,-1.123151597
09-11-2012,RELIANCE,793.35,803.5,785,787.65,796.6,2421910,1919317100,-1.123524981
17-03-1999,RELIANCE,135.5,138.85,131.6,132,133.5,5743650,776817410,-1.123595506
20-05-2025,RELIANCE,1438.2,1445,1421.8,1424.6,1440.8,11270560,16115906328,-1.124375347
08-01-2001,RELIANCE,362.5,367.45,357.25,360.2,364.3,6842731,2487563415,-1.125446061
07-12-2007,RELIANCE,2905,2905,2802.35,2841.45,2873.8,3296976,9358185925,-1.125687243
08-06-2010,RELIANCE,1009.7,1012.7,995.1,996.4,1007.75,3480569,3492826010,-1.126271397
10-01-2002,RELIANCE,330.1,334.65,321.6,324.65,328.35,2451508,806292316.2,-1.126846353
18-09-2002,RELIANCE,260,261.8,258,258.65,261.6,1227802,319037048.2,-1.127675841
10-08-2018,RELIANCE,1211,1215,1202.3,1204.2,1217.95,3581210,4326050846,-1.12894618
17-05-2018,RELIANCE,959.35,960,941.5,945.35,956.15,4733477,4495273470,-1.129529885
03-05-2016,RELIANCE,988,994.95,972.75,975.8,986.95,4016624,3947642760,-1.129743148
19-07-2000,RELIANCE,358.5,362.5,352.5,354.1,358.15,4178056,1491388216,-1.130811113
19-07-2000,RELIANCE,358.5,362.5,352.5,354.1,358.15,4178056,1491388216,-1.130811113
07-08-2008,RELIANCE,2298,2316.9,2260.25,2272.6,2298.6,2806584,6415601728,-1.131123292
23-01-2003,RELIANCE,297,300,291.6,292.7,296.05,3283681,972103641.6,-1.131565614
17-08-2016,RELIANCE,1024.1,1028.8,1007.2,1013.3,1024.9,3539970,3594983479,-1.131817738
08-12-2017,RELIANCE,933.85,936.95,919.05,921,931.55,5588486,5172651632,-1.132521067
28-10-2020,RELIANCE,2041.8,2057.7,2007.4,2011.45,2034.5,13810054,27979442355,-1.1329565
25-05-2021,RELIANCE,1996.4,1997,1960,1963.15,1985.65,6821015,13466976071,-1.133130209
24-07-2019,RELIANCE,1273.5,1278.8,1253.55,1259.1,1273.55,6943982,8757320632,-1.13462369
04-09-1995,RELIANCE,264,265.45,260.6,261.1,264.1,905650,237588222.5,-1.135933359
10-11-2014,RELIANCE,982.8,989.8,967.25,969.35,980.5,2396133,2340368476,-1.137174911
04-08-2010,RELIANCE,1028,1031,1012.55,1016.05,1027.75,4187240,4262904249,-1.138409146
07-10-2024,RELIANCE,2787,2793,2722.75,2741.45,2773.05,11090670,30509518408,-1.139539496
07-10-2024,RELIANCE,2787,2793,2722.75,2741.45,2773.05,11090670,30509518408,-1.139539496
10-10-2016,RELIANCE,1114,1122,1094,1096.35,1109,2640973,2920222668,-1.140667268
23-04-2008,RELIANCE,2612,2632,2568,2577.6,2607.35,3176219,8246519282,-1.141005235
26-04-2017,RELIANCE,1435,1440.05,1402.6,1416.45,1432.8,3831775,5446671309,-1.141122278
03-05-2018,RELIANCE,977.9,977.9,959.25,961.6,972.7,3947546,3806512719,-1.14115349
27-02-1996,RELIANCE,228.8,230,221.05,224.9,227.5,19368600,4361255760,-1.142857143
18-04-2023,RELIANCE,2377,2377,2326,2340.35,2367.45,4802172,11244458268,-1.144691546
03-10-2023,RELIANCE,2329.95,2335.6,2316,2318.15,2345,4429528,10285526679,-1.144989339
09-01-2006,RELIANCE,923,925.5,906.2,910.15,920.7,6239710,5715857297,-1.145867275
31-01-2007,RELIANCE,1385.95,1389,1358.6,1366.45,1382.3,2700046,3701497774,-1.146639659
20-10-2021,RELIANCE,2742.75,2742.75,2691.5,2700.4,2731.85,5865926,15899837286,-1.151234511
13-07-2005,RELIANCE,640,641.4,629.1,630.95,638.3,2739244,1737042445,-1.151496162
05-10-2004,RELIANCE,546,547.8,537.3,539.9,546.2,3813992,2062531303,-1.153423654
10-09-2001,RELIANCE,307,309.4,303.25,304.15,307.7,903087,275937569.9,-1.153721157
28-04-2015,RELIANCE,874.7,882,858.55,865.2,875.3,3357286,2914903681,-1.153890095
03-07-2014,RELIANCE,1020,1025,1003.5,1006.5,1018.25,2645940,2673947251,-1.153940584
22-07-2002,RELIANCE,257,257.9,254,256.8,259.8,1400428,358232713.1,-1.154734411
18-04-2011,RELIANCE,1019.2,1044.7,1000.6,1009.15,1020.95,3381601,3467712138,-1.155786277
20-11-2012,RELIANCE,780.7,780.7,762.2,765.35,774.3,2156459,1661650472,-1.155882733
08-04-2020,RELIANCE,1180,1229,1160,1192.15,1206.1,22803774,27241443068,-1.156620512
03-03-2011,RELIANCE,975.2,985,968.1,977.4,988.85,4461643,4359282497,-1.157910704
28-09-2010,RELIANCE,1008.3,1012,993,998.5,1010.2,4499090,4503625054,-1.158186498
23-06-1995,RELIANCE,272.25,272.25,268.5,268.8,271.95,537900,145374165,-1.158301158
07-02-2025,RELIANCE,1276.15,1283.7,1262,1266.7,1281.55,8764283,11139240963,-1.158753072
04-04-2013,RELIANCE,772.5,777.95,764.2,767.55,776.55,2723719,2095155133,-1.158972378
28-10-2005,RELIANCE,755,758.65,737.5,741.6,750.3,6151358,4599906843,-1.159536186
21-10-2022,RELIANCE,2507.7,2516.8,2467,2471.6,2500.6,3804352,9478648258,-1.159721667
25-07-2001,RELIANCE,314.5,315.45,308.7,310.7,314.35,1224927,381821429.1,-1.161126133
09-04-2021,RELIANCE,1998.45,2006.35,1980,1982.05,2005.35,6478482,12886234947,-1.161891939
13-07-2000,RELIANCE,370.8,373.8,363,365.75,370.05,5945560,2194984406,-1.162005134
12-01-2015,RELIANCE,860.5,861,841.6,850.3,860.3,2308716,1956661982,-1.162385214
24-08-2000,RELIANCE,339,340.75,334,335.6,339.55,3300159,1110792570,-1.163304373
17-12-2009,RELIANCE,1054.8,1054.8,1030,1034.95,1047.15,3245059,3371429487,-1.165067087
06-08-2007,RELIANCE,1783,1792,1751.4,1780.15,1801.15,2210646,3911555664,-1.165921772
10-05-2002,RELIANCE,291.6,292.3,285.1,288.05,291.45,1315200,379025710.8,-1.166580889
22-02-2019,RELIANCE,1244.6,1245.3,1226,1232.35,1246.9,8755865,10803986768,-1.166893897
19-08-2011,RELIANCE,731.05,739,721.3,732.55,741.2,4663092,3400584787,-1.167026444
27-11-2020,RELIANCE,1940.5,1956.1,1921.4,1929.8,1952.6,21845931,42281637553,-1.167673871
02-09-2022,RELIANCE,2560.4,2575.35,2525.7,2530.5,2560.4,5999196,15275378548,-1.167786283
25-07-1997,RELIANCE,353,354.4,346.05,350.85,355,10809800,3792361273,-1.169014085
26-12-2013,RELIANCE,894.5,900,882.1,887.55,898.05,3341856,2971000811,-1.169199933
28-10-1998,RELIANCE,118.1,118.1,113.25,113.95,115.3,6609700,765991682.5,-1.17085863
08-12-2015,RELIANCE,948.9,953.6,936.1,940.9,952.05,1721726,1628485607,-1.171156977
26-08-2010,RELIANCE,970,973,955.05,956.45,967.8,6362576,6114432622,-1.172762968
04-01-2012,RELIANCE,727.4,730.95,713.35,716.15,724.65,4238367,3057754094,-1.172980059
24-02-2015,RELIANCE,854.25,856.8,837,841.45,851.45,4559370,3847076141,-1.174467086
22-11-2005,RELIANCE,829.6,838.95,815,819.3,829.05,6855478,5686356094,-1.176044871
30-09-2010,RELIANCE,1002,1002,978.1,987.25,999,6624729,6540766262,-1.176176176
06-11-1997,RELIANCE,182,182,177.25,180.5,182.65,7167950,1285042913,-1.1771147
04-11-2004,RELIANCE,554,587,536.2,537.3,543.7,6125154,3314510622,-1.177119735
15-01-2021,RELIANCE,1960.6,1973.8,1920.05,1937.45,1960.6,9503790,18558204988,-1.180760992
06-07-2021,RELIANCE,2144.95,2148.9,2120.2,2124.8,2150.2,4647361,9930224311,-1.181285462
04-04-1996,RELIANCE,209,209.3,206.4,208.6,211.1,8634450,1794846570,-1.184272856
20-02-2002,RELIANCE,317.5,318.45,313.15,317.05,320.85,1847756,584801815.3,-1.18435406
24-12-1997,RELIANCE,163.25,163.25,159.75,162.6,164.55,5194500,838149962.5,-1.185050137
15-06-2011,RELIANCE,912,918.9,898.6,900.55,911.35,4607486,4176607725,-1.185055138
27-07-1999,RELIANCE,171.8,174.5,170.15,170.8,172.85,7152940,1231253165,-1.185999421
17-02-2014,RELIANCE,817.65,822,807.05,812.3,822.05,2070622,1684380684,-1.186059242
20-02-2020,RELIANCE,1497,1508,1483.8,1485.95,1503.8,7722577,11551669677,-1.186992951
20-12-1999,RELIANCE,223.05,224.7,220,220.4,223.05,2313042,514378748.9,-1.188074423
06-11-1996,RELIANCE,181.15,185.25,176.15,182.95,185.15,13392700,2429840283,-1.188225763
23-08-2010,RELIANCE,992.05,992.05,975.6,976.9,988.65,3095800,3037597780,-1.188489354
22-05-2013,RELIANCE,830.1,834,813.5,818.75,828.6,2875414,2360426678,-1.188752112
09-01-2012,RELIANCE,714.45,714.45,702.45,706.25,714.75,4202878,2973990327,-1.189227002
20-01-2023,RELIANCE,2475,2475,2437.25,2442.65,2472.05,6890325,16897629056,-1.189296333
05-02-2004,RELIANCE,574.5,578.5,559.3,564.6,571.4,7220332,4111575786,-1.190059503
27-10-2014,RELIANCE,963.95,963.95,936.8,941.35,952.7,2302432,2176993295,-1.191350897
04-03-2021,RELIANCE,2180,2189.95,2157.7,2175.85,2202.1,9892597,21522070321,-1.192043958
14-01-2005,RELIANCE,523.65,523.65,511.1,513.9,520.1,5021951,2596941044,-1.192078446
18-10-2000,RELIANCE,299.5,302.5,294.25,298.35,301.95,2711227,809362920.3,-1.192250373
18-01-2022,RELIANCE,2554.75,2562.35,2515.75,2521.8,2552.25,2868235,7285364915,-1.193064943
01-03-2012,RELIANCE,811.8,818.7,801.1,810.95,820.75,2962594,2392521481,-1.194029851
11-01-2013,RELIANCE,852.5,853,836.25,839.9,850.05,1840162,1547881061,-1.194047409
01-01-2008,RELIANCE,2890,2899,2835.1,2848.25,2882.7,1204696,3451666963,-1.195060187
12-12-2024,RELIANCE,1270,1278.2,1260.6,1262.9,1278.2,20906813,26459166489,-1.196995775
15-02-2013,RELIANCE,854.9,857.4,834.1,845.8,856.05,3289431,2776479126,-1.197359967
22-12-2000,RELIANCE,344.5,347,337.25,338.2,342.3,3558819,1216544575,-1.197779725
14-09-2022,RELIANCE,2575,2610,2572.75,2588.35,2619.75,4004997,10393065929,-1.198587651
21-05-1998,RELIANCE,184,185.45,179.7,181,183.2,8557650,1562562075,-1.200873362
04-12-2015,RELIANCE,972.3,976.2,961.4,965.45,977.2,3073001,2972905921,-1.202415063
22-02-2012,RELIANCE,848,857.4,830.1,833.4,843.55,5748129,4861883662,-1.203248177
05-09-2018,RELIANCE,1242.5,1252.65,1208.5,1227,1241.95,10324923,12700281573,-1.203752164
16-11-2012,RELIANCE,787.4,792.65,771,775.15,784.6,3281968,2568529130,-1.204435381
16-11-2012,RELIANCE,787.4,792.65,771,775.15,784.6,3281968,2568529130,-1.204435381
31-05-2022,RELIANCE,2641.4,2678.8,2615.7,2632.65,2664.8,32591420,85993898870,-1.206469529
08-07-1997,RELIANCE,359.55,361.75,354,356,360.35,11029300,3942067745,-1.207159706
10-03-2015,RELIANCE,868.95,875.8,855.4,859.15,869.65,3482250,3006776763,-1.20738228
02-03-1995,RELIANCE,287,291.5,277,278.2,281.6,630450,178082310,-1.207386364
23-09-2019,RELIANCE,1274.15,1281,1235,1239.2,1254.35,9879751,12349237345,-1.207796867
27-10-2009,RELIANCE,2002,2010,1975,1991,2015.35,3535555,7035387260,-1.208226859
11-03-2014,RELIANCE,885,887.8,872.1,874.75,885.45,2921335,2566388632,-1.208425095
01-09-2009,RELIANCE,2024.8,2042,1965.4,1980.85,2005.1,2598213,5199060980,-1.209415989
19-10-2005,RELIANCE,750.15,757.8,735,747.3,756.45,8752227,6547387421,-1.209597462
09-07-2025,RELIANCE,1536.7,1551,1510.1,1519,1537.6,8870660,13598441339,-1.209677419
10-11-2022,RELIANCE,2590,2596.55,2563,2572.5,2604,2753420,7092562040,-1.209677419
24-07-2009,RELIANCE,2050,2067.4,1986.1,2016.85,2041.55,4238518,8547520768,-1.209865054
20-12-2023,RELIANCE,2571.05,2598.85,2520,2527.15,2558.1,8868361,22735194766,-1.209882335
15-06-2022,RELIANCE,2617.55,2637.3,2584.4,2596.3,2628.1,5166738,13502708125,-1.209999619
26-12-2005,RELIANCE,840,841.9,827,832.7,842.9,5323102,4424470790,-1.210107961
01-04-2011,RELIANCE,1049.05,1065.9,1031,1036.4,1049.1,4291094,4480034063,-1.210561434
07-07-2015,RELIANCE,1011,1016.6,1000,1003.25,1015.55,2581847,2601097563,-1.211166363
07-10-2013,RELIANCE,847.6,852.4,836,844.05,854.4,2575155,2168204622,-1.211376404
16-09-2019,RELIANCE,1189,1219.1,1186.1,1210.75,1225.6,9393731,11325440053,-1.211651436
20-10-1995,RELIANCE,263.8,264,258.5,260.6,263.8,1787650,465780440,-1.213040182
27-05-1997,RELIANCE,289.3,292.4,282.2,284.65,288.15,12075100,3473946058,-1.21464515
18-05-2018,RELIANCE,945.6,953.5,932,933.85,945.35,5230037,4922041685,-1.216480669
12-06-2017,RELIANCE,1326.55,1329.75,1317,1319.45,1335.7,1927513,2546372487,-1.216590552
04-03-2003,RELIANCE,294.1,296.75,291,292.2,295.8,2678815,784618252.8,-1.21703854
02-07-2018,RELIANCE,972.35,972.35,957,960.6,972.45,6660916,6408701995,-1.218571649
06-11-2013,RELIANCE,910,919.9,894.95,898.6,909.7,2198926,1987002212,-1.220182478
03-02-2004,RELIANCE,562,564.8,548.9,553.7,560.55,6913665,3853100238,-1.222014093
27-07-2011,RELIANCE,875,875,859.15,860.85,871.5,3126064,2704265588,-1.222030981
22-09-1998,RELIANCE,122.85,123.45,120.05,121.05,122.55,9036050,1099514223,-1.223990208
14-12-2021,RELIANCE,2380,2406,2373.4,2380.15,2409.65,5995586,14310134061,-1.224244185
11-11-2019,RELIANCE,1439.1,1444.25,1422.55,1427.8,1445.5,5192423,7432416175,-1.224489796
01-01-2018,RELIANCE,922.7,922.7,907.5,909.75,921.05,4321686,3947568944,-1.226860648
26-11-2013,RELIANCE,850.5,856.8,837.55,841.25,851.7,3192390,2700805009,-1.226957849
21-03-2013,RELIANCE,825,832.8,804.75,812.6,822.7,3808222,3125641486,-1.227665005
26-02-2001,RELIANCE,410.2,412.9,403.25,406.25,411.3,6221601,2528299810,-1.227814248
03-01-2014,RELIANCE,871.6,873.35,855,864.25,875,2933613,2535278982,-1.228571429
12-11-2018,RELIANCE,1097.7,1098.8,1074.55,1080,1093.45,5801720,6297872542,-1.230051671
25-04-2019,RELIANCE,1389.1,1412.4,1362.6,1372.4,1389.5,13929820,19387122710,-1.23065851
23-12-2014,RELIANCE,902.35,904.15,891.8,893.75,904.9,2419143,2170327613,-1.232180351
27-12-2004,RELIANCE,520,547,506.35,516.95,523.4,18636083,9763722167,-1.232327092
02-12-1999,RELIANCE,223,225.35,218.7,220.35,223.1,4230324,941877311.3,-1.232631107
03-02-2014,RELIANCE,826.2,829.8,819.45,820.9,831.15,1880728,1551033363,-1.233231065
03-01-2019,RELIANCE,1107.5,1114.6,1090.1,1092.75,1106.4,7446457,8201291658,-1.23373102
30-01-2019,RELIANCE,1215,1225,1191.1,1195.7,1210.65,7846940,9479601531,-1.234873828
11-10-2004,RELIANCE,555,558.25,545.05,546.9,553.75,2563259,1416569665,-1.237020316
24-11-2014,RELIANCE,1000.2,1004.15,981.7,985.35,997.7,2840424,2802574681,-1.237847048
10-08-2020,RELIANCE,2159.1,2165,2108.1,2119.85,2146.45,12441939,26583161119,-1.239255515
04-03-2004,RELIANCE,578,584,570.6,573.65,580.85,4249944,2450068313,-1.23956271
20-11-1997,RELIANCE,156.05,158.75,151.3,155.35,157.3,9466000,1469225765,-1.239669421
01-10-2009,RELIANCE,2199.9,2199.9,2154,2174.35,2201.65,3010715,6542271592,-1.239979107
31-07-2019,RELIANCE,1175.75,1185,1162.4,1166.25,1180.9,9705619,11393035592,-1.240579219
10-02-2012,RELIANCE,850.35,859,838,843.25,853.85,3417975,2887920898,-1.241435849
10-02-2012,RELIANCE,850.35,859,838,843.25,853.85,3417975,2887920898,-1.241435849
30-09-1998,RELIANCE,120.5,121.2,118.75,119.25,120.75,7997000,955929527.5,-1.242236025
01-12-2017,RELIANCE,924.45,931.25,907.7,910.1,921.55,5081389,4665846806,-1.242471922
20-05-2008,RELIANCE,2625,2635,2574,2602.95,2635.7,1777614,4630630323,-1.24255416
05-01-2021,RELIANCE,1969,1983.6,1956,1966.1,1990.85,11132803,21919019063,-1.243187583
10-08-2000,RELIANCE,332,335.75,328.15,329.55,333.7,1700036,564639158.3,-1.243632005
05-09-2002,RELIANCE,270,270.85,265,265.95,269.3,2123615,567867666,-1.243965837
14-07-2000,RELIANCE,366.25,370.45,359.6,361.2,365.75,6403575,2342132537,-1.244019139
14-05-2009,RELIANCE,1902.25,1927.5,1880.2,1908.95,1933,4047066,7724576193,-1.244180031
06-06-2017,RELIANCE,1333.95,1333.95,1311,1312.8,1329.35,2192356,2894270055,-1.244969346
12-08-2003,RELIANCE,388.8,388.8,355.55,356.8,361.3,3850086,1383791323,-1.245502353
06-03-2003,RELIANCE,288.05,288.6,284.25,285.35,288.95,2460354,703546022.1,-1.245890292
07-10-2003,RELIANCE,458,461,450.15,451.8,457.5,5415584,2461500055,-1.245901639
27-03-2008,RELIANCE,2290,2314,2244,2270.8,2299.45,4148373,9389034038,-1.245950119
06-06-2013,RELIANCE,800,803.9,788.1,792,802,3911834,3106086805,-1.246882793
01-07-2010,RELIANCE,1084,1086.35,1066.5,1076.25,1089.85,3042649,3270718265,-1.247878148
27-05-2014,RELIANCE,1103,1108,1075.1,1087.95,1101.7,2576905,2794460025,-1.248071163
27-08-2020,RELIANCE,2148,2150,2103.25,2110.6,2137.3,12962139,27570185760,-1.249239695
04-01-1995,RELIANCE,339.95,340.5,330.3,332,336.2,62600,20911287.5,-1.249256395
09-12-2024,RELIANCE,1303,1315,1293.1,1295.15,1311.55,14650002,19105110925,-1.250428882
26-03-2002,RELIANCE,302.4,302.5,298.8,300,303.8,1259479,377949293.3,-1.25082291
07-09-2001,RELIANCE,313.7,313.7,306.05,307.7,311.6,1461504,450405830.4,-1.251604621
19-11-1996,RELIANCE,192.15,192.95,187.45,189.3,191.7,5268400,999299655,-1.251956182
25-02-2005,RELIANCE,550,550.9,538.2,540.15,547,3983640,2160520828,-1.252285192
02-12-1994,RELIANCE,376.75,377,372.5,374.25,379,10700,4012387.5,-1.253298153
03-09-2010,RELIANCE,940,941.6,924.2,925.7,937.45,3300811,3064089357,-1.253400181
06-05-2010,RELIANCE,1019.8,1023.3,1004,1007.85,1020.65,5454783,5516388580,-1.254102778
26-12-2001,RELIANCE,309.9,313,303.4,306.8,310.7,665579,205856381,-1.255230126
15-01-2003,RELIANCE,292,293.5,287.4,290.8,294.5,3966366,1150677614,-1.256366723
23-08-2007,RELIANCE,1799,1808,1735,1744,1766.2,3057645,5407047437,-1.256935794
28-07-2003,RELIANCE,350.55,354.35,343.5,345.2,349.6,4839923,1693583731,-1.258581236
11-01-2023,RELIANCE,2552.5,2558,2521.1,2526.15,2558.4,5311657,13459164952,-1.260553471
28-04-2008,RELIANCE,2631,2645,2582.55,2591.4,2624.5,2041983,5322318713,-1.261192608
07-07-2003,RELIANCE,334,337.5,327.6,328.75,332.95,4094522,1356186720,-1.261450668
27-10-2021,RELIANCE,2652,2676.8,2619.95,2627.4,2661.05,4567140,12113330049,-1.264538434
23-03-2023,RELIANCE,2268,2269.9,2243.05,2247.8,2276.6,7499082,16900552054,-1.265044364
26-07-2012,RELIANCE,720.9,720.9,706.65,710.15,719.25,3204015,2285375458,-1.265206813
15-09-2014,RELIANCE,1009.1,1012,1001,1002.75,1015.6,1997452,2008302969,-1.265261914
07-02-2005,RELIANCE,597.8,597.8,528.65,530.35,537.15,2583027,1377802736,-1.265940612
24-01-2006,RELIANCE,710,714,688.95,693.45,702.35,11312904,7916434558,-1.267174486
15-12-1995,RELIANCE,202,203.5,197.35,202.55,205.15,11089550,2222759993,-1.267365342
07-05-2024,RELIANCE,2831.95,2841.5,2784,2802.95,2839.05,7258736,20356596310,-1.271552104
12-10-2010,RELIANCE,1068,1069.4,1046.15,1055.6,1069.2,3195565,3370850727,-1.27197905
26-09-2013,RELIANCE,846.65,850.15,835.25,838.25,849.05,4543087,3819555666,-1.272009893
23-07-2003,RELIANCE,336,336.5,327.4,329.8,334.05,4455942,1478247552,-1.272264631
16-09-2011,RELIANCE,850,850,821,825.65,836.3,6128496,5103558809,-1.273466459
27-12-2012,RELIANCE,830.3,832,815.1,817.7,828.25,3680616,3029809413,-1.273769997
15-04-2002,RELIANCE,298,299.85,293.35,294.45,298.25,648078,192090698.7,-1.27409891
01-02-2006,RELIANCE,714.6,718.8,701,704.8,713.9,4938137,3514840257,-1.274688332
31-03-2010,RELIANCE,1092.9,1095,1071.3,1074.25,1088.15,4948302,5334865707,-1.277397418
18-05-2020,RELIANCE,1470,1482,1428,1440.75,1459.4,28981620,42106270200,-1.277922434
29-12-1995,RELIANCE,206,206.9,203.55,204.65,207.3,7521800,1541975910,-1.278340569
25-03-2025,RELIANCE,1307.7,1307.7,1282.6,1285.45,1302.1,13713899,17699568390,-1.278703633
12-01-2004,RELIANCE,578,583.9,568.2,571.25,578.65,5588734,3217943902,-1.278838676
16-11-1999,RELIANCE,229,229.5,226.7,227.6,230.55,5751447,1311022783,-1.279548905
13-11-2003,RELIANCE,499.9,499.9,476.05,477.85,484.05,4587227,2213051908,-1.280859415
05-02-2024,RELIANCE,2921.5,2941,2863.05,2878.05,2915.4,4407216,12813104310,-1.281127804
30-11-2010,RELIANCE,999.8,1008.7,981.1,985.6,998.4,6968054,6907349858,-1.282051282
18-06-2009,RELIANCE,2058,2072.5,1990.1,2025.05,2051.35,6207405,12626966685,-1.282082531
05-03-1997,RELIANCE,318,319.95,298.2,303.95,307.9,22387500,6881349770,-1.282884053
13-02-2014,RELIANCE,818.9,818.9,805.05,807.4,817.9,1978914,1604882419,-1.283775523
26-07-2011,RELIANCE,888.25,890.15,869.4,871.5,882.85,4677273,4101168829,-1.285609107
16-10-2012,RELIANCE,838.9,839.95,810,812.45,823.05,5068137,4169609882,-1.287892595
20-08-2019,RELIANCE,1289.8,1292.6,1272.6,1275.95,1292.6,6843460,8765276621,-1.288101501
16-03-2018,RELIANCE,909,909.7,886.05,900.05,911.8,14087564,12662129928,-1.288659794
16-09-2013,RELIANCE,885.95,887.7,854,861.75,873,2754524,2393425245,-1.288659794
25-03-2019,RELIANCE,1330.6,1336.85,1316.7,1324.45,1341.75,7951992,10537631803,-1.289360909
24-07-1998,RELIANCE,135.45,137.5,133.25,133.95,135.7,5035200,680050380,-1.289609433
31-03-2021,RELIANCE,2018,2049.9,1999,2003.1,2029.3,7499740,15128527745,-1.291085596
03-02-2022,RELIANCE,2392,2401.45,2347.2,2352.75,2383.55,4417864,10457143007,-1.29219022
25-08-1995,RELIANCE,264.1,266,262.95,263.25,266.7,999700,263826530,-1.293588301
07-11-2001,RELIANCE,265.5,266.5,256.3,259.1,262.5,1591291,416727240.8,-1.295238095
23-09-1996,RELIANCE,196.05,197,192.15,194.3,196.85,5822600,1132385598,-1.295402591
31-01-2001,RELIANCE,405,405,381,384.6,389.65,5900160,2288368051,-1.296034903
31-03-1998,RELIANCE,176.35,177.95,174,175,177.3,8030800,1412482435,-1.297236323
11-10-2018,RELIANCE,1064,1114.75,1043,1087.8,1102.1,13224172,14362719399,-1.297522911
16-01-2017,RELIANCE,1089.95,1093.95,1073.95,1076.25,1090.4,2746005,2961250762,-1.297688921
23-05-2007,RELIANCE,1780,1797.8,1750,1756.15,1779.25,1603841,2829340590,-1.298299845
09-03-2007,RELIANCE,1338,1349.8,1305,1318.2,1335.55,2411381,3185342878,-1.299090262
10-04-2002,RELIANCE,300,302.2,294.4,296.25,300.15,2669631,792787201.8,-1.299350325
02-01-2019,RELIANCE,1114.5,1127,1101,1106.4,1121,7144970,7955342410,-1.302408564
14-06-1995,RELIANCE,272,273.4,267.3,268.25,271.8,1129900,304977677.5,-1.306107432
14-06-2022,RELIANCE,2650.05,2671.85,2613.45,2628.1,2662.9,6790653,17910140470,-1.30684592
29-10-2001,RELIANCE,266,270.4,257.1,260.45,263.9,2178728,577706180.1,-1.307313376
12-11-2013,RELIANCE,865,871.6,850.2,852.6,863.9,2781812,2394209973,-1.308021762
30-05-2013,RELIANCE,845,846,830,836.8,847.9,4165950,3485887172,-1.309116641
15-11-2006,RELIANCE,1282,1285.85,1258.1,1262.65,1279.4,2094408,2660990060,-1.309207441
14-10-2010,RELIANCE,1075,1081.5,1054.2,1059,1073.05,5580792,5986648932,-1.309351848
13-03-1997,RELIANCE,281.45,281.85,273.4,275.1,278.75,9928400,2747874518,-1.30941704
07-06-2007,RELIANCE,1673,1706.8,1660,1669.15,1691.3,2589690,4369751781,-1.30964347
24-10-1996,RELIANCE,214.95,220.9,208.6,210.7,213.5,23731750,5113248178,-1.31147541
18-02-2016,RELIANCE,962.95,968.7,936,940.1,952.6,3299161,3131982377,-1.312198194
14-11-1996,RELIANCE,186,187,183.35,184.25,186.7,2821050,521353117.5,-1.312265667
24-04-2001,RELIANCE,351.2,353,344.5,349.45,354.1,2665902,929061170.4,-1.313188365
16-07-2024,RELIANCE,3187,3200,3138.25,3152.5,3194.45,4693419,14859548266,-1.313215107
23-02-2016,RELIANCE,963.1,967.2,942.75,949.65,962.3,4340746,4160698808,-1.314558869
06-08-2019,RELIANCE,1134.75,1149.6,1122,1128.3,1143.35,13288909,15113039873,-1.316307342
27-03-2019,RELIANCE,1377.95,1377.95,1344.25,1349.25,1367.25,10094174,13735399191,-1.316511245
10-06-2003,RELIANCE,306.2,313.75,301.75,303.55,307.6,5040597,1559907612,-1.316644993
10-06-2003,RELIANCE,306.2,313.75,301.75,303.55,307.6,5040597,1559907612,-1.316644993
16-01-2007,RELIANCE,1367,1372,1344.1,1346.95,1364.95,1793509,2427292456,-1.318729624
19-01-2010,RELIANCE,1100,1106.05,1082.65,1085,1099.5,2986363,3271918903,-1.318781264
06-01-2004,RELIANCE,581,588.5,564.05,572.4,580.05,5795339,3372899687,-1.318851823
28-01-2019,RELIANCE,1250.5,1255.95,1222.4,1229.55,1246,8569265,10602958029,-1.320224719
04-08-2022,RELIANCE,2610,2617.75,2535,2571.9,2606.35,6676577,17153907763,-1.321771827
27-11-1998,RELIANCE,113.35,114.2,111,111.95,113.45,8787050,988487732.5,-1.322168356
21-06-2024,RELIANCE,2947.25,2949.4,2881.15,2908.4,2947.4,15585180,45339357875,-1.323200109
23-04-2001,RELIANCE,355,363.4,350.75,354.1,358.85,3256283,1163505090,-1.323672844
03-07-1997,RELIANCE,368.25,371.5,364.1,365.25,370.15,8066750,2962373280,-1.323787654
11-04-2001,RELIANCE,330,337.55,306.65,324.25,328.6,5682346,1829188548,-1.323797931
04-11-2003,RELIANCE,502.1,506,487.15,491.5,498.1,7882729,3911681008,-1.325035134
28-02-2014,RELIANCE,810.7,815.35,793.1,799.95,810.7,4331622,3472076789,-1.326014555
18-10-2023,RELIANCE,2355.25,2367,2321,2324,2355.25,4459160,10442944806,-1.326823055
21-03-2017,RELIANCE,1282.2,1283.9,1259.3,1263.8,1280.8,5165107,6560786986,-1.32729544
07-08-2006,RELIANCE,968,968.7,952,954.95,967.8,2432744,2328028797,-1.327753668
14-11-2008,RELIANCE,1189.4,1195,1087.35,1146.75,1162.2,11272905,12850215403,-1.329375323
21-06-2019,RELIANCE,1295.95,1296,1275.55,1279.5,1296.75,10623098,13619185209,-1.330248699
21-05-2015,RELIANCE,911.25,915.4,894.1,896.75,908.85,2459446,2218890672,-1.331352808
08-12-2014,RELIANCE,960,962.85,942.25,944.6,957.35,2340414,2226978951,-1.331801327
08-04-2003,RELIANCE,298,298.8,294.5,296.15,300.15,3025909,897295467.7,-1.332667
06-05-2015,RELIANCE,890,896.75,872,880.25,892.15,5128997,4523374041,-1.333856414
28-03-2013,RELIANCE,785,785.95,764.4,772.9,783.35,6060564,4687928633,-1.33401417
22-05-2002,RELIANCE,261.45,262.5,255,258.75,262.25,2119125,547742014.6,-1.334604385
17-12-1996,RELIANCE,194.5,196.1,190.2,192.2,194.8,6027750,1163940608,-1.334702259
29-03-1996,RELIANCE,209.4,210.75,206.2,206.85,209.65,11637700,2421082273,-1.335559265
16-09-2010,RELIANCE,1012.1,1015.35,997.2,1000.35,1013.9,4238156,4272139496,-1.33642371
24-06-2019,RELIANCE,1272.15,1276.45,1257.1,1262.4,1279.5,5150998,6511020817,-1.336459555
12-04-2017,RELIANCE,1382.8,1386.45,1351.15,1354,1372.35,6274215,8556264241,-1.337122454
22-10-2001,RELIANCE,276.75,283.4,270,272.8,276.5,3013785,836613657.7,-1.338155515
27-06-2018,RELIANCE,978.5,985.4,962.7,965.85,978.95,8958555,8724005246,-1.338168446
02-04-2012,RELIANCE,749.35,750.85,739.05,740.55,750.6,2564862,1908513660,-1.338928857
06-08-1999,RELIANCE,178.95,179,176.2,176.8,179.2,4229638,750883188.7,-1.339285714
18-03-2008,RELIANCE,2249.8,2249.8,2120,2151,2180.2,3965487,8668902048,-1.339326667
26-10-2015,RELIANCE,961.9,963,941.3,942.85,955.65,2500420,2370709957,-1.339402501
15-05-2007,RELIANCE,1620.5,1625.9,1593.5,1598.5,1620.25,3468852,5567980185,-1.342385434
15-03-2021,RELIANCE,2140.05,2148.9,2080.5,2108.9,2137.6,7706302,16209190176,-1.342627246
09-08-2012,RELIANCE,788.9,796.4,776.65,780.15,790.8,2914451,2283721196,-1.346737481
05-02-2013,RELIANCE,884,885.9,873,874.75,886.7,2219184,1945966448,-1.347693696
30-11-2015,RELIANCE,978.5,984.4,962.3,965.85,979.05,6839027,6616381263,-1.348245748
25-01-2011,RELIANCE,977.1,984.95,956.25,958.5,971.6,4646080,4508181430,-1.348291478
23-12-1998,RELIANCE,120,120,116.6,116.6,118.2,6508300,773312382.5,-1.353637902
06-11-2017,RELIANCE,942.5,942.5,929,932.5,945.3,4460799,4172898902,-1.354067492
02-06-2003,RELIANCE,299,300.4,293.35,294.55,298.6,2633889,782808093.9,-1.356329538
02-08-1996,RELIANCE,209.2,211.45,205.5,207.05,209.9,12995400,2710951745,-1.357789424
17-11-1995,RELIANCE,228,234.5,223.6,232.3,235.5,8168900,1865099710,-1.35881104
17-11-1995,RELIANCE,228,234.5,223.6,232.3,235.5,8168900,1865099710,-1.35881104
27-01-2025,RELIANCE,1239.1,1240.45,1220,1229.35,1246.3,9536019,11723127884,-1.360025676
11-09-2002,RELIANCE,261,262.1,256.5,257.4,260.95,2066219,533575503.7,-1.360413872
23-02-2000,RELIANCE,344.7,344.7,327.3,329.8,334.35,4831725,1627320645,-1.360849409
14-08-1996,RELIANCE,205.65,209.5,205.65,206.4,209.25,6141850,1276404800,-1.362007168
13-07-2009,RELIANCE,1749.7,1768.5,1717.1,1750.95,1775.15,4149470,7222450249,-1.363265076
13-05-2013,RELIANCE,813.35,825.5,798.8,803,814.1,2077188,1687907452,-1.363468861
06-04-2015,RELIANCE,836,838,821.4,824.65,836.05,2819367,2329366264,-1.363554811
14-01-2011,RELIANCE,1014.05,1029.8,998,1001.5,1015.35,4368638,4423771716,-1.364061654
17-06-1996,RELIANCE,246.25,246.25,241.55,242.15,245.5,3850350,937178752.5,-1.364562118
24-10-2013,RELIANCE,892.05,911,881.35,884.5,896.75,2678332,2402172497,-1.366044048
01-06-2000,RELIANCE,342.1,345.9,336.15,339.2,343.9,5381385,1837160764,-1.366676359
11-03-2004,RELIANCE,572,578,563,565.85,573.7,5579304,3186496463,-1.368310964
11-09-2003,RELIANCE,425,439.2,425,428.7,434.65,6898117,2991837644,-1.36891752
09-03-2010,RELIANCE,1006.5,1011.8,988.05,990.35,1004.1,3990953,3975504022,-1.369385519
26-07-2021,RELIANCE,2108,2121,2071.1,2076.85,2105.7,5717830,11963623196,-1.370090706
13-08-2018,RELIANCE,1197.55,1199.95,1182.7,1187.7,1204.2,4668159,5563673323,-1.370204285
22-04-2008,RELIANCE,2601,2675,2597.15,2607.35,2643.6,2872718,7556188504,-1.371236193
31-05-2017,RELIANCE,1367,1367.95,1335.8,1340.7,1359.35,3754099,5055552392,-1.371979255
13-05-2009,RELIANCE,1972.25,1975,1906,1933,1959.9,5226617,10143339757,-1.372519006
24-01-2025,RELIANCE,1266,1273,1243.5,1246.3,1263.65,14235970,17827272395,-1.373006766
11-11-2013,RELIANCE,874,882.1,860.2,863.9,875.95,2034671,1772032674,-1.375649295
19-09-2006,RELIANCE,1135,1145.4,1109,1117.85,1133.45,3060577,3462106597,-1.376328907
16-01-2006,RELIANCE,888,888,864.2,872.95,885.15,15377084,13391579931,-1.378297464
24-08-1998,RELIANCE,115.75,118.4,110.2,114.4,116,6128050,696227602.5,-1.379310345
04-01-2010,RELIANCE,1091.1,1091.1,1021.85,1075.5,1090.55,17520006,18298628323,-1.380037596
29-03-2001,RELIANCE,401.25,405.85,394,396.45,402,3813078,1523228506,-1.380597015
12-05-1995,RELIANCE,242.5,243.25,237.5,242.7,246.1,740700,178137137.5,-1.381552215
25-01-2023,RELIANCE,2412.45,2414.7,2380,2382.55,2415.95,5715684,13674734133,-1.382478942
13-06-2007,RELIANCE,1698.3,1709.8,1670,1675.4,1698.9,2240665,3783664495,-1.383247984
22-05-2025,RELIANCE,1421.2,1423.8,1396.9,1409.4,1429.2,12134466,17071402012,-1.385390428
21-07-1997,RELIANCE,345,345.9,342.25,345.15,350,4019400,1383705938,-1.385714286
05-07-2002,RELIANCE,268,268.8,262.25,263.3,267,2140759,567240901.9,-1.38576779
30-01-2014,RELIANCE,831.4,833.85,822.2,825,836.6,3223490,2666709542,-1.386564667
15-04-2004,RELIANCE,578.9,581.2,562.6,565.35,573.3,5951581,3387110844,-1.38670853
23-04-2024,RELIANCE,2958,2987,2911.1,2918.65,2959.7,7302777,21503128837,-1.386964895
07-12-2015,RELIANCE,965.45,973,949.75,952.05,965.45,3310778,3169747737,-1.387953804
28-04-2011,RELIANCE,992,993,970,972.4,986.1,8163236,7976658438,-1.389311429
08-07-2009,RELIANCE,1855.45,1890,1797.3,1829.65,1855.45,5771172,10637899785,-1.390498262
12-09-2013,RELIANCE,888,901,871.15,875.4,887.75,4109760,3633006842,-1.39115742
16-10-2020,RELIANCE,2215,2232.5,2172.65,2175.8,2206.5,9961080,21887776010,-1.391343757
27-01-2010,RELIANCE,1034,1050,1020,1027.55,1042.05,5678803,5864258166,-1.391487932
09-05-2013,RELIANCE,828.4,831.65,815,818.1,829.65,1870391,1533008875,-1.392153318
26-10-2023,RELIANCE,2251,2258,2220.3,2226.5,2257.95,7611267,16994910103,-1.392856352
20-09-2004,RELIANCE,512,512,500.05,502.05,509.15,4526308,2282538924,-1.394480998
07-11-1995,RELIANCE,259.5,262.85,256,257.95,261.6,8635850,2243550283,-1.395259939
08-07-2020,RELIANCE,1824.05,1834.95,1790,1798,1823.45,12093523,21917489259,-1.395705942
06-10-2005,RELIANCE,800,800,786.9,790.85,802.05,5972187,4733359828,-1.396421669
08-03-2002,RELIANCE,311.9,314.5,305.65,306.95,311.3,1823928,563700277.6,-1.397365885
16-06-2022,RELIANCE,2623,2659.05,2554,2560,2596.3,7896943,20560173724,-1.398143512
16-01-2024,RELIANCE,2779.95,2792.6,2741,2749.25,2788.25,4534512,12563673259,-1.3987268
04-12-1996,RELIANCE,181,181,177.1,179.75,182.3,4818750,862710190,-1.398793198
13-07-1998,RELIANCE,150.1,154.4,146.25,147.7,149.8,5931350,898544227.5,-1.401869159
05-08-2025,RELIANCE,1411,1411,1388.1,1391.7,1411.5,9315972,12991163047,-1.402763018
02-05-1997,RELIANCE,307,307.95,304.75,305.35,309.7,5832150,1784830388,-1.404585082
29-04-2016,RELIANCE,993.45,998.55,978.85,982.7,996.7,5367060,5297844666,-1.404635296
23-05-2017,RELIANCE,1325.7,1329.85,1302,1305.55,1324.15,2108223,2769246987,-1.404674697
12-12-2013,RELIANCE,878,880,868,870.2,882.6,1300646,1133680095,-1.40493995
27-03-2003,RELIANCE,282.9,283.65,279.2,280.5,284.5,2501955,704757730.9,-1.405975395
25-01-1999,RELIANCE,133,134.8,130.1,133.2,135.1,8184000,1083747255,-1.406365655
15-03-2005,RELIANCE,580,584.1,569.2,570.85,579,5005254,2884152086,-1.407599309
30-07-1998,RELIANCE,138.9,140.5,135.5,136.55,138.5,3415300,471635705,-1.407942238
28-12-2016,RELIANCE,1067.9,1069.55,1047.1,1049.7,1064.7,2202927,2330463999,-1.408847563
24-12-2008,RELIANCE,1251,1257,1230.15,1242,1259.75,4105712,5103569748,-1.409009724
29-05-2014,RELIANCE,1092.5,1093.4,1068.35,1073.55,1088.9,6322422,6804913645,-1.409679493
29-07-2015,RELIANCE,1009.5,1012.7,992.1,996,1010.25,3380933,3391317375,-1.410541945
31-07-2025,RELIANCE,1388.1,1402.6,1382.2,1390.2,1410.1,17065827,23766374015,-1.411247429
14-01-2016,RELIANCE,1063.85,1081,1053.05,1061.65,1076.85,6359913,6788622870,-1.411524353
11-04-1995,RELIANCE,278.75,280,275,275.8,279.75,325750,90261020,-1.411974978
26-10-2012,RELIANCE,803.2,806,792.15,798.95,810.4,1936406,1545760932,-1.412882527
07-11-2013,RELIANCE,899,905.8,882.1,885.9,898.6,2238424,2004169808,-1.413309593
05-04-2022,RELIANCE,2651.1,2669.9,2620.7,2626.05,2663.7,6068663,16002466152,-1.41344746
01-08-2023,RELIANCE,2555,2559,2505.3,2513.2,2549.25,4768316,12039288137,-1.414141414
09-03-2009,RELIANCE,1161,1168,1138.15,1153.35,1169.9,3346831,3845816767,-1.414650825
06-01-1995,RELIANCE,323,323.5,315,316.75,321.3,88550,28178457.5,-1.416122004
18-07-2000,RELIANCE,361.5,363,356.3,358.15,363.3,3720569,1338640735,-1.417561244
31-01-2013,RELIANCE,896.65,898,883.1,886.65,899.4,3825017,3395434980,-1.417611741
14-12-1998,RELIANCE,119.7,120.5,117.75,118.15,119.85,4789950,571230222.5,-1.418439716
31-12-2008,RELIANCE,1254,1265.7,1216,1232.75,1250.5,4931305,6130563780,-1.419432227
15-12-2022,RELIANCE,2602.5,2615,2571,2578.35,2615.5,4009765,10388261665,-1.420378513
30-06-1995,RELIANCE,265.5,266,262.75,263.7,267.5,716700,189199560,-1.420560748
23-03-2015,RELIANCE,856.5,864,838.1,841.95,854.1,3029112,2562699588,-1.422550053
21-12-2022,RELIANCE,2621,2633,2576.1,2584.5,2621.8,3935463,10236889381,-1.422686704
16-05-2023,RELIANCE,2494,2499.6,2450.15,2453.8,2489.25,4023000,9953570680,-1.424123732
05-09-2024,RELIANCE,3038.1,3051.55,2974.1,2985.95,3029.1,8132084,24453950050,-1.424515533
04-06-1996,RELIANCE,249.95,251.45,237.75,242.15,245.65,25677700,6348283183,-1.42479137
21-02-1997,RELIANCE,268,269.35,265.4,266.3,270.15,7154250,1912947993,-1.425134185
06-08-2009,RELIANCE,2043.65,2125,2026.35,2046.8,2076.4,4917080,10223792016,-1.425544211
19-03-1998,RELIANCE,179.35,180.15,175.35,176.2,178.75,6409250,1135830353,-1.426573427
18-12-2002,RELIANCE,294.55,295.9,288.65,289.9,294.1,3553239,1039174062,-1.428085685
31-03-2022,RELIANCE,2664.95,2669.7,2628.6,2634.75,2672.95,6102744,16123465625,-1.429132606
25-10-2018,RELIANCE,1036,1040.65,1016.4,1030.8,1045.75,14096237,14508429668,-1.429595984
24-07-1997,RELIANCE,363,364.9,353,355,360.15,11713550,4216500628,-1.429959739
27-11-2007,RELIANCE,2895,2895,2825,2843.3,2884.55,2440931,6951697305,-1.430032414
05-02-2009,RELIANCE,1329,1329,1271.15,1288.8,1307.5,4106585,5289165499,-1.430210325
13-07-2004,RELIANCE,434,438.7,428.55,430.5,436.75,2351426,1016996056,-1.431024614
04-02-2010,RELIANCE,1038,1038,1014,1019.15,1033.95,2737193,2812294718,-1.43140384
12-03-1999,RELIANCE,139.65,140.7,136.25,137.6,139.6,6787500,940347337.5,-1.432664756
08-08-2011,RELIANCE,776.7,796.4,767,780.65,792,5084300,3972639513,-1.433080808
08-12-1994,RELIANCE,363.5,363.5,359,361,366.25,29900,10796175,-1.433447099
06-03-2018,RELIANCE,929,936.2,905.1,910.85,924.1,7323680,6785121099,-1.433827508
08-01-2015,RELIANCE,860.1,862.9,840.15,842.05,854.3,4542457,3841574197,-1.43392251
12-12-2023,RELIANCE,2460,2464.95,2420.15,2424.05,2459.35,4598562,11233058047,-1.435338606
12-01-2005,RELIANCE,529,530,515.1,518.2,525.75,7463046,3887220179,-1.436043747
26-07-2019,RELIANCE,1231.5,1242.5,1210,1213.8,1231.5,9320481,11396954500,-1.43727162
04-03-2015,RELIANCE,906,909.65,880.05,887.85,900.8,3308981,2961479781,-1.437611012
18-02-2000,RELIANCE,356.9,357.95,348,349.45,354.55,5030667,1776389299,-1.438443097
27-08-2008,RELIANCE,2199.9,2199.9,2140,2148,2179.35,3693248,7965434584,-1.438502306
19-03-2015,RELIANCE,875.55,876.7,854.1,856.15,868.65,3185218,2754000733,-1.439014563
21-08-2023,RELIANCE,2539.95,2555.45,2515.65,2520,2556.8,4610873,11659793136,-1.439299124
17-07-2003,RELIANCE,345,346.9,336,338.8,343.75,5765178,1978451419,-1.44
03-11-2020,RELIANCE,1890,1909,1835.1,1850.4,1877.45,40931170,76701761539,-1.440784042
10-03-2003,RELIANCE,280.9,281.6,274.55,276.95,281,3990040,1107217744,-1.441281139
04-08-2015,RELIANCE,1003.4,1005.65,980,988,1002.45,2744569,2716564866,-1.441468402
28-12-2006,RELIANCE,1297,1303,1268.25,1274.7,1293.35,4093985,5246605291,-1.441991727
17-08-2023,RELIANCE,2567.1,2578.1,2532.85,2538,2575.15,6836872,17439652936,-1.44263441
15-02-2012,RELIANCE,854.2,855.75,833.05,836.65,848.9,7182317,6032870483,-1.443043939
16-06-2011,RELIANCE,901,901,884.1,887.55,900.55,5707528,5085335166,-1.443562268
02-01-2003,RELIANCE,298.85,298.85,292.6,293.5,297.8,2866903,847271048.9,-1.443922095
24-11-2021,RELIANCE,2380,2409.9,2343.55,2351.4,2385.85,7762564,18444768824,-1.443929836
12-09-2023,RELIANCE,2483,2483,2435.95,2438.85,2474.6,8127833,19927245603,-1.444677928
11-09-2018,RELIANCE,1259,1268.4,1234.25,1237.7,1255.85,10874768,13575108097,-1.445236294
23-06-2020,RELIANCE,1750,1763.75,1716.1,1720.9,1746.15,17521196,30344310522,-1.446038427
04-06-2001,RELIANCE,382,382.95,371.25,374.75,380.25,2222897,835042170.2,-1.446416831
05-04-2021,RELIANCE,2024.95,2025,1962.1,1992.6,2021.85,6864856,13635237476,-1.446694859
04-06-1998,RELIANCE,167,167.5,162.6,163.4,165.8,5952000,980490277.5,-1.447527141
13-05-2025,RELIANCE,1433.5,1447.7,1412.4,1415.7,1436.5,11407896,16236102679,-1.447963801
18-09-1997,RELIANCE,348,349,344.5,347.05,352.15,5729550,1989004780,-1.448246486
11-06-2014,RELIANCE,1120,1120,1092.5,1102.1,1118.3,3466329,3828849874,-1.448627381
11-07-2025,RELIANCE,1512,1515,1490.3,1495.2,1517.2,7234991,10823982872,-1.450039547
09-02-2015,RELIANCE,901.2,918,892,896.7,909.9,2020605,1829748406,-1.450708869
30-05-2002,RELIANCE,260.35,269.65,260.35,261.45,265.3,2171241,575186938.7,-1.451187335
21-10-2020,RELIANCE,2168,2192,2097.75,2124.6,2155.9,15729989,33723125352,-1.451829862
04-10-2024,RELIANCE,2807.85,2834.7,2763.55,2773.05,2813.95,18536438,51830708671,-1.453472876
25-04-2000,RELIANCE,322.3,339.5,311.65,332.05,336.95,15809540,5066436144,-1.454221695
20-04-2012,RELIANCE,740.05,741,728,730.85,741.65,3410977,2499480452,-1.456212499
28-10-2002,RELIANCE,222.8,224.6,218.05,219.8,223.05,2880309,638275046.4,-1.457072405
02-11-2021,RELIANCE,2545,2548,2495.25,2500.8,2537.8,4877652,12243384396,-1.45795571
05-12-2022,RELIANCE,2712,2716.75,2678,2682.45,2722.15,6843367,18439668158,-1.458406039
22-09-2010,RELIANCE,1034,1043.7,1015,1020.05,1035.15,5914047,6056576684,-1.458725789
08-07-2004,RELIANCE,439.65,446.9,428.1,432,438.4,10969933,4806538433,-1.459854015
30-04-2021,RELIANCE,2008.5,2036,1987.55,1994.5,2024.05,9150974,18395321175,-1.459944171
11-12-2001,RELIANCE,315,317.85,309.05,310.45,315.05,1647077,516296336.4,-1.460085701
03-06-2009,RELIANCE,2261.3,2307.5,2225.5,2245.9,2279.2,3438123,7772193849,-1.461038961
11-10-2000,RELIANCE,333,334.4,327.6,330.3,335.2,1941301,642351117,-1.461813842
30-01-2018,RELIANCE,965.8,965.8,949,950.4,964.5,4198139,4015232068,-1.461897356
03-08-2011,RELIANCE,826.75,836.2,823.1,825.05,837.3,3219680,2667171912,-1.463035949
19-02-2010,RELIANCE,995,995,977.15,983.2,997.8,4058388,3994895202,-1.463219082
12-08-2011,RELIANCE,783,783,758,760.9,772.2,3936767,3020992128,-1.463351463
03-01-1995,RELIANCE,342.5,342.5,336.1,336.2,341.2,11450,3878752.5,-1.465416178
28-09-2023,RELIANCE,2383,2383,2325,2334.1,2368.9,7259173,17073806729,-1.469036262
14-10-2005,RELIANCE,775,777.4,761.5,763.85,775.25,7304047,5614790526,-1.470493389
27-08-1998,RELIANCE,116.9,117.85,113.05,113.7,115.4,7351900,848104552.5,-1.473136915
05-08-2022,RELIANCE,2576,2578.8,2526.95,2534,2571.9,6434433,16365407366,-1.473618725
13-05-2016,RELIANCE,988.95,990.55,975,978.15,992.8,3348353,3285903493,-1.475624496
07-12-2022,RELIANCE,2685,2695,2642.15,2650.5,2690.2,3905263,10408739251,-1.475726712
11-02-2009,RELIANCE,1365,1389.3,1361,1381.25,1401.95,4205287,5787943058,-1.476514854
19-01-2011,RELIANCE,999.6,1005,975,980.15,994.85,5369775,5333612717,-1.47760969
31-12-1996,RELIANCE,210.75,211,205.1,206.65,209.75,3726450,773721117.5,-1.47794994
30-11-2021,RELIANCE,2468,2475.9,2388.85,2405.4,2441.5,14847511,36003821297,-1.478599222
03-02-2025,RELIANCE,1251,1256,1237.55,1245.9,1264.6,9252345,11538963041,-1.478728452
10-01-2023,RELIANCE,2606,2606,2546,2558.4,2596.8,3713755,9539991869,-1.478743068
26-09-2011,RELIANCE,769.2,770.7,747.55,759.2,770.6,6217951,4714293888,-1.479366727
07-05-2012,RELIANCE,715,722,705.1,715.7,726.45,4591050,3271629645,-1.479799023
27-01-2022,RELIANCE,2336,2356.1,2311.05,2338.1,2373.25,9239426,21561779760,-1.48109133
12-02-2025,RELIANCE,1219.45,1226.9,1193.35,1216.55,1234.85,21131654,25598619531,-1.481961372
26-03-2020,RELIANCE,1095.8,1116.9,1042.35,1066.2,1082.25,20912934,22480324150,-1.483021483
27-12-2001,RELIANCE,305,306.45,298.2,302.25,306.8,2556014,774704907.3,-1.483050847
27-12-2001,RELIANCE,305,306.45,298.2,302.25,306.8,2556014,774704907.3,-1.483050847
15-03-2019,RELIANCE,1345,1358.8,1311.2,1321.65,1341.55,15893093,21202054548,-1.483358801
12-08-1999,RELIANCE,170.6,173.4,168.35,169.25,171.8,3632033,620918625.1,-1.484284051
08-02-2011,RELIANCE,935.7,935.7,911.25,915.25,929.05,4499736,4134522717,-1.4853883
07-11-2024,RELIANCE,1324,1324,1302.6,1305.65,1325.35,9611974,12581800339,-1.486399819
21-08-2002,RELIANCE,249.05,251.05,244.8,245.2,248.9,1991301,492305736.9,-1.486540779
07-06-2006,RELIANCE,905,920,878.85,893,906.5,11521168,10347126059,-1.489244346
27-04-2005,RELIANCE,555,559.5,533.3,539,547.15,13395995,7381754987,-1.48953669
11-07-2008,RELIANCE,2054,2068.9,1992,2016.1,2046.65,3350305,6802098513,-1.492683165
10-01-2005,RELIANCE,545.15,547.9,531.1,534.15,542.25,5334906,2880456621,-1.493775934
06-02-2015,RELIANCE,924.1,930,903,909.9,923.7,2067728,1894667594,-1.493991556
23-05-2011,RELIANCE,919,922,903.3,909.4,923.2,3391416,3091140856,-1.494800693
23-12-1996,RELIANCE,204.95,204.95,199.6,200.95,204,7430700,1500376863,-1.495098039
30-10-1995,RELIANCE,247.1,249,239,240,243.65,4382200,1066508443,-1.498050482
07-05-2004,RELIANCE,532,538.5,528.8,532.4,540.5,4446235,2368727658,-1.498612396
13-01-2011,RELIANCE,1030,1039.15,1011.1,1015.35,1030.8,5562896,5692969631,-1.498835856
11-02-2025,RELIANCE,1264.55,1264.55,1230.1,1234.85,1253.65,8859714,11023757523,-1.499621106
21-08-2008,RELIANCE,2261.25,2261.25,2202.55,2212.65,2246.35,1954673,4333178765,-1.500211454
05-07-1996,RELIANCE,191.75,193.5,184.55,187.1,189.95,21253550,4014747858,-1.500394841
21-11-2024,RELIANCE,1241.65,1243.95,1217.25,1223,1241.65,19433843,23804902095,-1.502033584
09-04-2024,RELIANCE,2978,2979.6,2925,2927.3,2971.95,3535707,10402378582,-1.502380592
07-01-2014,RELIANCE,854.6,859.95,840.05,842.1,854.95,3957111,3349305776,-1.503011872
27-04-2011,RELIANCE,1005,1009.1,980.1,986.1,1001.15,5648346,5594408598,-1.503271238
21-12-2012,RELIANCE,833,834.5,822.2,825.25,837.85,2149301,1781309579,-1.503849138
04-01-2023,RELIANCE,2557,2561.05,2514,2518.55,2557.05,4275746,10816399502,-1.505641266
24-06-2003,RELIANCE,325.25,328.25,319,320.35,325.25,6522147,2110067482,-1.506533436
07-02-2003,RELIANCE,285.5,286.8,277.4,280.75,285.05,3944593,1111448765,-1.508507279
14-09-2005,RELIANCE,750,756,736.55,740.95,752.3,4240354,3163075489,-1.508706633
19-06-2024,RELIANCE,2975,2975,2912,2917.3,2962.05,4362937,12806397074,-1.510778008
18-11-2009,RELIANCE,2162,2162,2094.1,2100.05,2132.35,3907563,8248471897,-1.51476071
19-11-2024,RELIANCE,1260.75,1281.5,1235.15,1241.65,1260.75,14183746,17949463404,-1.514971247
07-02-2019,RELIANCE,1310.25,1321.2,1286.1,1290.4,1310.25,9212227,11996039371,-1.514978058
03-04-2002,RELIANCE,303.45,303.45,297.55,298.95,303.55,1054076,316556264.9,-1.515401087
09-12-2022,RELIANCE,2646,2660,2601.85,2609.1,2649.25,5840633,15346488528,-1.515523261
03-03-1997,RELIANCE,307.1,313.5,303.5,305.2,309.9,11965950,3696604980,-1.516618264
12-01-2012,RELIANCE,747.5,752.95,732.6,736.9,748.25,3251624,2412343827,-1.516872703
08-06-1998,RELIANCE,159.5,160.5,150.5,155.6,158,8002700,1239755093,-1.518987342
28-12-1995,RELIANCE,211,212,205.55,207.3,210.5,9567200,1990224918,-1.520190024
03-12-1999,RELIANCE,221,223.8,216.2,217,220.35,6999982,1531040971,-1.5203086
16-06-2014,RELIANCE,1084,1084,1057.15,1065.45,1081.9,3285055,3502987509,-1.520473242
08-04-2005,RELIANCE,567,568,553.4,556.85,565.45,3359996,1873230365,-1.520912548
08-07-2013,RELIANCE,870,873.45,858.15,866.95,880.35,3258017,2823655884,-1.522121883
14-03-2005,RELIANCE,587.3,591.9,576.05,579,587.95,3534086,2064253583,-1.522238286
30-01-2015,RELIANCE,930,931.25,909,915.25,929.4,4970953,4564055708,-1.522487626
18-04-1995,RELIANCE,279.75,281.95,275.65,278,282.3,288200,80239627.5,-1.523202267
24-07-2025,RELIANCE,1419.2,1423,1396,1402.9,1424.6,14740507,20740788758,-1.523234592
07-03-2003,RELIANCE,278,282.9,278,281,285.35,3363294,943162811.3,-1.524443666
23-12-2005,RELIANCE,855,860,840.2,842.9,855.95,5808569,4923759399,-1.524621765
30-08-2018,RELIANCE,1293.6,1297.15,1270.45,1274.45,1294.2,9850042,12593407357,-1.526039252
13-05-2019,RELIANCE,1247.9,1260.8,1227.5,1232.05,1251.15,8047801,10035248863,-1.526595532
20-04-2018,RELIANCE,938,941.85,921.2,927.9,942.3,3349519,3109071704,-1.52817574
24-09-2015,RELIANCE,848,848,834.75,837.35,850.35,6646509,5570566522,-1.528782266
20-03-2017,RELIANCE,1306,1306.25,1278.35,1280.8,1300.7,2941714,3788456426,-1.529945414
07-07-2020,RELIANCE,1860,1864.35,1806.3,1823.45,1851.8,16240102,29748224129,-1.530942866
15-12-2009,RELIANCE,1068,1074,1048,1051.6,1067.95,3354156,3556215449,-1.530970551
24-08-1995,RELIANCE,270.3,270.75,266.2,266.7,270.85,1226200,328503615,-1.532213402
16-02-2018,RELIANCE,939.6,942.6,918.1,921.3,935.65,4401672,4094973055,-1.533693154
07-10-2009,RELIANCE,2149.5,2158,2084.1,2101.3,2134.1,3100036,6601576231,-1.536947659
29-01-2019,RELIANCE,1231,1231.65,1201.35,1210.65,1229.55,9328866,11314352060,-1.537147737
23-10-2019,RELIANCE,1416.3,1425.95,1383.15,1392.4,1414.15,8432964,11834877911,-1.538026376
04-08-2011,RELIANCE,828,831.65,810.05,812.35,825.05,3140142,2577568099,-1.539300648
14-06-2011,RELIANCE,925.3,931.75,910,911.35,925.6,4335560,3971024355,-1.539541919
19-10-1998,RELIANCE,107.7,107.7,105.25,105.5,107.15,2126500,225353717.5,-1.53989734
02-09-2016,RELIANCE,1031.1,1032.55,1002.3,1013.35,1029.2,6428814,6517819698,-1.540031092
24-01-2011,RELIANCE,995.1,995.9,964.1,971.6,986.8,5084310,4950438352,-1.540332388
10-10-2000,RELIANCE,341.05,341.5,333.4,335.2,340.45,2142703,721635294.1,-1.542076663
25-10-2022,RELIANCE,2499,2499,2438,2441.55,2479.85,5645639,13918629428,-1.544448253
05-11-2015,RELIANCE,949,951,933,936.6,951.3,2461259,2318129285,-1.545253863
27-06-2019,RELIANCE,1293.15,1296.9,1271,1274.15,1294.15,11385972,14586656141,-1.54541591
05-08-1996,RELIANCE,206.6,207.9,203.05,203.85,207.05,8193850,1685015163,-1.545520406
29-09-2008,RELIANCE,1975,1980,1881,1932.85,1963.2,6063788,11661590149,-1.545945395
21-05-1997,RELIANCE,297,297,291.55,292.5,297.1,5477750,1611244515,-1.548300236
06-08-1998,RELIANCE,133.5,133.75,129.8,130.3,132.35,4970600,653656415,-1.548923309
10-03-2023,RELIANCE,2341.5,2344,2315.05,2322.7,2359.25,6153681,14301540669,-1.549221151
16-11-2011,RELIANCE,859.1,859.1,837.35,848.1,861.45,3043186,2577310792,-1.549712694
17-09-2021,RELIANCE,2446,2455.85,2375.6,2390.55,2428.2,16098099,38798580127,-1.550531258
17-07-2002,RELIANCE,257.25,258.5,251.8,253.9,257.9,3721631,947973575.8,-1.550988755
18-02-2008,RELIANCE,2600,2615,2538,2553.7,2593.95,1304630,3346074981,-1.551687581
17-03-2011,RELIANCE,1039.3,1048.8,1028,1030.85,1047.1,2830269,2936436945,-1.551905262
02-01-2014,RELIANCE,887.7,896,870.1,875,888.8,1376901,1218714772,-1.552655266
09-11-2018,RELIANCE,1106.25,1113.8,1085,1093.45,1110.7,10840462,11944916795,-1.553074638
08-08-2025,RELIANCE,1385,1397.2,1365,1367.8,1389.4,8793606,12090591568,-1.554627897
18-04-2017,RELIANCE,1399.95,1410,1367,1370.2,1391.85,3661083,5101601216,-1.555483709
20-09-1999,RELIANCE,189.95,192.2,186.25,186.7,189.65,4869567,922521005.7,-1.555496968
24-04-1995,RELIANCE,280,280.2,273.75,275.2,279.55,165900,45930625,-1.556072259
26-04-2010,RELIANCE,1080,1097.8,1063.5,1071.25,1088.2,3806402,4085487178,-1.557618085
08-10-2008,RELIANCE,1630,1665.9,1508.9,1648.55,1674.65,7673196,12210140790,-1.558534619
30-07-2009,RELIANCE,1920,1925.4,1889,1900.3,1930.4,3079359,5879067398,-1.559262329
03-08-1999,RELIANCE,175,176.3,172.05,173.55,176.3,7683533,1334160155,-1.55984118
29-10-1996,RELIANCE,210.55,216,206.05,208.25,211.55,9118100,1911211633,-1.559914914
18-07-2019,RELIANCE,1282,1286.4,1258,1261.85,1281.85,5459896,6929997087,-1.560244958
24-08-2012,RELIANCE,791.75,794.5,778.7,782.1,794.5,3455630,2709839819,-1.560730019
22-05-2008,RELIANCE,2635,2650,2597,2626.05,2667.7,2387252,6263275111,-1.561270008
23-10-2023,RELIANCE,2290,2306.25,2255.25,2263.2,2299.1,3926981,8966223109,-1.561480579
18-11-1999,RELIANCE,228,228.3,221.05,223.65,227.2,5464583,1223197453,-1.5625
26-10-2009,RELIANCE,2050,2068,2004,2015.35,2047.35,3170009,6436681473,-1.562996068
10-07-2008,RELIANCE,2076.9,2084.75,2031.6,2046.65,2079.15,2878942,5911034686,-1.563138783
02-08-1999,RELIANCE,178.1,178.1,175,176.3,179.1,5574961,984461788.1,-1.563372418
02-07-2013,RELIANCE,883.1,891.8,868.75,871.85,885.7,4064138,3570928676,-1.563734899
01-03-2005,RELIANCE,557.5,557.5,544.5,547.55,556.25,4874365,2674396030,-1.564044944
23-05-2018,RELIANCE,926,926,909.15,912.25,926.75,4567562,4190710347,-1.564607499
23-03-2018,RELIANCE,890.6,900,889.1,893.9,908.15,10729694,9601998761,-1.569124043
12-07-2000,RELIANCE,374.1,375.75,368,370.05,375.95,5052490,1878727652,-1.569357627
10-08-2015,RELIANCE,984.5,988.8,964.5,968.9,984.35,2123285,2073226746,-1.569563671
26-09-1996,RELIANCE,196.2,196.9,192.5,194.1,197.2,4696850,912453527.5,-1.572008114
11-01-2005,RELIANCE,535,535,523.1,525.75,534.15,4224467,2240498434,-1.572591969
19-04-2021,RELIANCE,1904,1916.4,1890,1901.7,1932.1,8527967,16225059562,-1.573417525
09-04-2013,RELIANCE,792.1,795.6,771.1,776.95,789.4,2990299,2344124216,-1.5771472
17-10-2016,RELIANCE,1080,1080.8,1058.75,1060.65,1077.65,2246237,2400217762,-1.577506612
11-04-2014,RELIANCE,962.3,971.05,950.6,953.75,969.05,2672508,2561297698,-1.5788659
30-12-2004,RELIANCE,534.05,538.85,521.2,523.1,531.5,6747019,3563559876,-1.580432738
09-08-2007,RELIANCE,1887,1912.5,1835.5,1845.8,1875.45,3666336,6893189171,-1.580953904
25-01-1995,RELIANCE,245,250,238,242.5,246.4,372400,90978380,-1.582792208
20-10-2003,RELIANCE,493,495,480,481.8,489.55,4479769,2185800381,-1.583086508
26-10-2006,RELIANCE,1190,1194,1170,1174.95,1193.85,2425246,2863795927,-1.583113456
23-05-2003,RELIANCE,271,271.9,269.1,270.25,274.6,1526396,412504996.9,-1.58412236
19-10-1995,RELIANCE,267.75,267.75,262.05,263.8,268.05,1449400,383095825,-1.585525089
27-10-1999,RELIANCE,258.5,258.9,248.6,251.35,255.4,6683859,1690454183,-1.585747847
22-07-2013,RELIANCE,915,915,898.95,909.05,923.7,3876482,3519376147,-1.586012775
13-03-2015,RELIANCE,869,869.6,847,850.1,863.8,2956988,2532146490,-1.586015281
24-12-2019,RELIANCE,1568.9,1572.05,1542.5,1546.45,1571.4,8251144,12833955163,-1.587756141
26-05-2008,RELIANCE,2540,2554.85,2502.1,2515.6,2556.2,2662132,6725673999,-1.588295126
28-09-2017,RELIANCE,799.65,802.9,780.2,786.45,799.15,13508179,10666240867,-1.589188513
28-07-2014,RELIANCE,1021,1023.55,1001.6,1005.6,1021.85,2142490,2160650655,-1.590252973
27-12-1999,RELIANCE,225.65,226.95,221,222.65,226.25,2780994,624088229.5,-1.591160221
27-12-1999,RELIANCE,225.65,226.95,221,222.65,226.25,2780994,624088229.5,-1.591160221
15-02-1996,RELIANCE,230,237.5,228,231.9,235.65,24961300,5817302558,-1.591343094
18-06-2010,RELIANCE,1080.2,1089.8,1050.55,1054.35,1071.4,8749692,9364742025,-1.59137577
14-02-2022,RELIANCE,2340.25,2354.95,2313,2338.55,2376.4,4947109,11566867666,-1.592745329
05-04-2005,RELIANCE,565.95,569.8,553.55,556.05,565.05,3895664,2186680655,-1.5927794
22-12-2010,RELIANCE,1072.8,1075,1048.35,1056.05,1073.15,3458953,3673411036,-1.593439873
19-12-1994,RELIANCE,345,345,338,338.5,344,26200,8927947.5,-1.598837209
23-09-2008,RELIANCE,2000,2096.4,2000,2006.45,2039.1,5184886,10610809753,-1.601196606
07-03-2024,RELIANCE,3005.95,3006.2,2951.1,2957.85,3006,4157863,12362839422,-1.601796407
29-06-1999,RELIANCE,178,178.75,174.2,175.05,177.9,9908814,1743235355,-1.602023609
16-02-2015,RELIANCE,918.7,924.2,900,902.8,917.5,2803961,2553974829,-1.602179837
10-02-2011,RELIANCE,912.5,920.8,885.1,899.65,914.3,6479831,5833979665,-1.602318714
10-02-2011,RELIANCE,912.5,920.8,885.1,899.65,914.3,6479831,5833979665,-1.602318714
20-02-1998,RELIANCE,153.4,154.4,150.05,150.35,152.8,4873550,739635475,-1.603403141
25-02-2010,RELIANCE,980.1,985,959.15,963.1,978.8,4332580,4196888728,-1.604004904
28-01-2013,RELIANCE,911.35,913.15,895,897.55,912.2,3063239,2758383231,-1.606007455
23-07-1999,RELIANCE,180.25,181.4,177,177.65,180.55,6377579,1140688067,-1.606203268
05-07-2019,RELIANCE,1285.1,1290.5,1260,1263.35,1284,4995344,6369748472,-1.608255452
04-04-2019,RELIANCE,1379,1383.7,1347.25,1353.05,1375.2,8375674,11396256161,-1.610674811
07-05-2003,RELIANCE,266.4,268.75,265,265.55,269.9,2939450,783940996.7,-1.61170804
16-12-2014,RELIANCE,876.8,883.25,859.7,864.6,878.8,4774252,4162772174,-1.615839782
20-08-2020,RELIANCE,2120,2123.9,2088,2097.05,2131.55,10402292,21938504436,-1.618540499
05-10-2009,RELIANCE,2159.9,2172,2121.3,2139.1,2174.35,2961545,6334451234,-1.621174144
23-06-2022,RELIANCE,2515.05,2525,2445,2464.95,2505.6,8974475,22306490549,-1.6223659
30-12-1999,RELIANCE,237.95,242.5,232.15,233.05,236.9,3577925,847405723.7,-1.625158295
16-06-2009,RELIANCE,2150,2184.9,2126.6,2143.35,2178.8,5128268,11059123410,-1.627042409
15-05-1995,RELIANCE,241.5,242,238.1,238.75,242.7,367050,88104127.5,-1.627523692
21-07-2016,RELIANCE,1024,1025,1005,1006.35,1023,1534044,1551205389,-1.627565982
09-10-2024,RELIANCE,2795.05,2801.95,2745,2749.2,2794.7,7155305,19845168138,-1.628081726
09-10-2002,RELIANCE,242.75,243.4,237.7,238.4,242.35,1444782,346959423.3,-1.629874149
22-12-1995,RELIANCE,213,216.95,206.75,208.05,211.5,14481950,3066421653,-1.631205674
15-11-2016,RELIANCE,996.5,1000,979.55,985.4,1001.75,3311592,3274482016,-1.632143748
21-10-2004,RELIANCE,549.15,552.9,536.6,539.2,548.15,6138254,3340549832,-1.632764754
25-06-1999,RELIANCE,181.9,184.4,177,177.7,180.65,9646999,1741210815,-1.632991973
28-08-1995,RELIANCE,263,263,258.3,258.95,263.25,1284200,334277130,-1.6334283
21-09-1999,RELIANCE,186.05,186.05,182.5,183.65,186.7,5601780,1032043475,-1.633636851
04-06-2014,RELIANCE,1092.65,1101.8,1076.25,1077.5,1095.4,2017568,2195774560,-1.634106263
29-01-2013,RELIANCE,895,902,880.1,882.85,897.55,3529188,3145932197,-1.637791766
20-05-2002,RELIANCE,289.7,289.8,272.5,276.2,280.8,2433608,680567414,-1.638176638
10-02-2015,RELIANCE,898,904.5,861.3,882,896.7,3120391,2770794074,-1.639344262
10-02-2015,RELIANCE,898,904.5,861.3,882,896.7,3120391,2770794074,-1.639344262
24-09-2012,RELIANCE,850,857.8,832.75,836.35,850.3,3407033,2881455941,-1.640597436
04-11-2015,RELIANCE,968,975,946.2,951.3,967.2,2293418,2206063533,-1.643920596
13-03-2023,RELIANCE,2329,2344,2275,2284.5,2322.7,5894088,13601904297,-1.644637706
23-11-2010,RELIANCE,1004.65,1005,975,995.6,1012.25,7569264,7512690437,-1.64485058
20-01-1998,RELIANCE,161.8,164.15,157.05,158.4,161.05,5405000,870659425,-1.645451723
23-08-2012,RELIANCE,810.55,811.4,787.95,794.5,807.8,3808432,3046814012,-1.64644714
27-01-2011,RELIANCE,966,967.4,940,942.7,958.5,6424365,6120492173,-1.648408972
24-05-2007,RELIANCE,1750.05,1760,1717.05,1727.2,1756.15,2824875,4905714014,-1.648492441
02-12-1997,RELIANCE,160.3,162,157.05,158.05,160.7,7733450,1234749260,-1.64903547
14-08-2002,RELIANCE,242.1,243.5,238.15,238.55,242.55,2417646,580343168.5,-1.649144506
04-09-2020,RELIANCE,2083.55,2096.95,2072.2,2077.25,2112.1,13141705,27396936571,-1.650016571
28-06-2019,RELIANCE,1277.1,1282.85,1248.65,1253.1,1274.15,8659721,10927608371,-1.65208178
10-05-2005,RELIANCE,553.75,555.75,543.15,544.25,553.4,2272721,1245843774,-1.653415251
21-07-2015,RELIANCE,1028,1028.45,1002.75,1007.8,1024.75,1811142,1843954641,-1.654061966
07-02-2020,RELIANCE,1451,1452.35,1428.3,1433.65,1457.8,5581641,8021138869,-1.656605844
22-03-2010,RELIANCE,1062,1099,1062,1073.95,1092.05,4678751,5084663628,-1.657433268
22-03-2010,RELIANCE,1062,1099,1062,1073.95,1092.05,4678751,5084663628,-1.657433268
04-12-2019,RELIANCE,1573,1577.5,1533.75,1552.7,1578.9,9594828,14888958079,-1.659383115
10-09-2014,RELIANCE,1028.15,1029.1,1012.6,1015.85,1033,2162176,2203690036,-1.660212972
25-11-2010,RELIANCE,1002,1003,973,979.5,996.05,6654697,6571057820,-1.661563175
29-11-1999,RELIANCE,226,226.95,221.2,221.9,225.65,3740074,836879356.3,-1.661865721
11-04-2012,RELIANCE,739,739,726.3,730.3,742.65,3726842,2728196428,-1.662963711
20-10-2000,RELIANCE,309.25,313.5,296.15,298.1,303.15,6294894,1901320317,-1.665841992
23-10-2002,RELIANCE,237.8,237.8,235.4,235.95,239.95,1364316,322886095.6,-1.667013961
21-09-2011,RELIANCE,850.9,850.9,832.3,837.6,851.8,3892821,3265157084,-1.667057995
18-10-2011,RELIANCE,825,826.4,811.35,819.9,833.8,4182965,3420146599,-1.667066443
26-12-1994,RELIANCE,339,344.75,338.55,339,344.75,37050,12617067.5,-1.667875272
29-09-2016,RELIANCE,1095,1110.75,1067.4,1072.45,1090.65,4859746,5272989986,-1.668729657
13-12-2007,RELIANCE,2882,2926,2815,2832.75,2880.9,3310270,9522343855,-1.671352702
12-11-2010,RELIANCE,1080.15,1087.4,1057,1061.85,1079.9,4373231,4673311917,-1.67145106
27-11-2009,RELIANCE,1050,1058,1011,1045.95,1063.75,5821983,6006094197,-1.673325499
23-10-1997,RELIANCE,413,415.5,401.15,405.45,412.35,14009550,5715878935,-1.673335758
28-04-1998,RELIANCE,188,188.45,184.1,185,188.15,10659050,1984652893,-1.67419612
03-11-1998,RELIANCE,110.5,110.5,108.3,108.65,110.5,7080450,772622002.5,-1.674208145
07-08-2019,RELIANCE,1126.5,1138.55,1103.1,1109.4,1128.3,11588879,12965339878,-1.675086413
31-08-2020,RELIANCE,2174,2174,2060.35,2080.7,2116.15,28649141,60697216689,-1.67521206
08-11-2024,RELIANCE,1297.65,1301.65,1275,1283.75,1305.65,19814406,25441900936,-1.67732547
07-12-1994,RELIANCE,373,373,364,366.25,372.5,40950,15106675,-1.677852349
04-05-2012,RELIANCE,733.4,740,722,726.45,738.85,3778468,2760670999,-1.678283819
02-11-2010,RELIANCE,1095.4,1095.4,1070.3,1074.85,1093.2,4654108,5019338231,-1.678558361
23-11-1995,RELIANCE,218,221.25,216.55,219.65,223.4,4336500,947673607.5,-1.678603402
10-11-1994,RELIANCE,387,390,380,380.5,387,67250,25848275,-1.679586563
17-08-2015,RELIANCE,966,966,946.05,950.7,966.95,2481826,2364242705,-1.68054191
24-08-2023,RELIANCE,2539.9,2539.9,2471,2479.8,2522.2,7070010,17712228152,-1.68107208
13-11-1998,RELIANCE,125.25,126.35,121.6,122.8,124.9,18575850,2304110803,-1.681345076
14-05-2014,RELIANCE,1064,1068,1041.1,1045.5,1063.4,4428958,4653078319,-1.683280045
14-08-2001,RELIANCE,329.7,329.7,319.65,321.05,326.55,2950685,954466300.4,-1.684274996
22-06-2007,RELIANCE,1735,1735,1698.65,1705.1,1734.35,2055653,3514970334,-1.686510797
02-07-2002,RELIANCE,271.1,271.95,266.35,267.1,271.7,961467,258420514.9,-1.693043798
04-08-2017,RELIANCE,1663,1663,1615.1,1622.15,1650.1,4247045,6905703756,-1.693836737
20-01-2014,RELIANCE,886.9,889,866.1,869.75,884.75,3789008,3305346255,-1.695394179
18-11-2015,RELIANCE,927.6,931.3,909.95,912,927.75,2571383,2369198147,-1.697655618
06-05-2019,RELIANCE,1398,1402.8,1378.1,1384.9,1408.85,7237910,10078024781,-1.699968059
03-02-2006,RELIANCE,707,707,695,696.6,708.65,3429300,2403955302,-1.700416284
10-07-1996,RELIANCE,173,179.95,172.1,176.25,179.3,17136250,3027687420,-1.701059677
19-06-2008,RELIANCE,2258.85,2270.05,2230.25,2248.15,2287.1,2036997,4579721064,-1.703030038
28-07-2009,RELIANCE,1947,1959.7,1885.6,1907.6,1940.65,5756294,10991021323,-1.703037642
08-08-1995,RELIANCE,265.25,266.25,261.75,262.6,267.15,3055050,807318295,-1.703163017
09-10-1995,RELIANCE,284.4,284.8,278.55,279.55,284.4,1092450,308429817.5,-1.705344585
29-08-2019,RELIANCE,1256.45,1260.25,1235.3,1241.75,1263.3,8635974,10772946075,-1.705849759
29-08-2019,RELIANCE,1256.45,1260.25,1235.3,1241.75,1263.3,8635974,10772946075,-1.705849759
11-04-2005,RELIANCE,557,557,545,547.35,556.85,1865509,1025736799,-1.706024962
16-06-2021,RELIANCE,2244.9,2247.05,2205.85,2211.6,2250,4982975,11081047107,-1.706666667
29-10-2009,RELIANCE,2001,2043.9,1980.4,1999.4,2034.15,3530103,7105849619,-1.708330261
30-04-2008,RELIANCE,2650,2675,2606.6,2614.5,2659.95,2737552,7198097448,-1.708678735
30-04-2008,RELIANCE,2650,2675,2606.6,2614.5,2659.95,2737552,7198097448,-1.708678735
13-03-1996,RELIANCE,225,228.25,222.25,227.2,231.15,20626200,4656153550,-1.708847069
15-03-2023,RELIANCE,2284.1,2298.3,2227.4,2237.05,2275.95,10027725,22695925219,-1.709176388
16-02-2016,RELIANCE,951.1,958,927,930.55,946.75,2977263,2810849105,-1.711116979
11-09-1998,RELIANCE,119,119,116.35,117.65,119.7,8443900,992261552.5,-1.712614871
18-12-2007,RELIANCE,2785,2800.1,2703.05,2727.55,2775.1,4143300,11425969923,-1.713451768
16-07-2008,RELIANCE,1990.15,2025,1920,1943.5,1977.4,3876668,7657620447,-1.714372408
15-01-2008,RELIANCE,3298,3298,3141.3,3165.55,3220.85,3798648,12134625827,-1.716938075
11-11-1998,RELIANCE,124,124.25,119.25,120.2,122.3,8083650,989260565,-1.717089125
13-10-2005,RELIANCE,785.7,792.9,773.1,775.25,788.8,6041247,4728701709,-1.717799189
30-03-1998,RELIANCE,181.35,182.7,176.55,177.3,180.4,5759900,1036042333,-1.718403548
24-01-2018,RELIANCE,981.75,981.75,962.65,966.35,983.25,6532672,6324642038,-1.718789728
01-07-1999,RELIANCE,177.2,177.5,173.45,174.4,177.45,7853116,1376598898,-1.718794026
21-05-2009,RELIANCE,2145,2177,2102.55,2115.45,2152.45,3977372,8515026881,-1.718971405
08-03-2006,RELIANCE,733,733,711.65,719.9,732.5,7028288,5076370848,-1.720136519
09-05-2024,RELIANCE,2826,2847.5,2780,2788.25,2837.1,5504806,15417256017,-1.721828628
27-07-2017,RELIANCE,1628,1631.5,1588.35,1594.8,1622.75,4208071,6770133069,-1.722384841
26-02-2020,RELIANCE,1410,1412.35,1387.35,1392,1416.4,13423661,18790808836,-1.72267721
10-12-1996,RELIANCE,182,182.4,178.55,179.7,182.85,3923200,708589225,-1.722723544
17-01-2001,RELIANCE,371.1,371.45,361.25,362.05,368.4,4164213,1520638172,-1.723669924
04-07-1997,RELIANCE,366.25,367.25,356.7,358.95,365.25,11064850,4001460380,-1.724845996
19-11-1998,RELIANCE,121.15,124.45,119.2,119.5,121.6,18946150,2306595860,-1.726973684
21-11-2013,RELIANCE,859.9,860,843.45,847.6,862.5,2620866,2232174574,-1.727536232
08-04-2011,RELIANCE,1042,1050.9,1020.65,1023.9,1041.9,2742024,2826477478,-1.727613015
09-03-2015,RELIANCE,885.1,891.75,864.15,869.65,884.95,3215112,2824781476,-1.728911238
03-06-2011,RELIANCE,960.5,967,931.5,934.6,951.05,4368279,4157237797,-1.72966721
24-09-2002,RELIANCE,259,261.3,254.3,255.5,260,2417212,622306691.6,-1.730769231
15-06-2001,RELIANCE,362.1,362.1,353.1,357.6,363.9,3391469,1213419205,-1.731244847
02-02-2005,RELIANCE,544.2,547.35,530.2,533.55,542.95,4900179,2638942799,-1.731282807
02-02-2010,RELIANCE,1052,1056.35,1024.1,1027.3,1045.4,3942831,4090406190,-1.731394681
28-11-2024,RELIANCE,1289.95,1296.6,1269.05,1270.8,1293.2,15027412,19246153609,-1.732137334
23-12-2019,RELIANCE,1560.1,1577.55,1557.8,1571.4,1599.1,11478429,17990493040,-1.732224376
10-05-2022,RELIANCE,2495,2526.6,2458,2474.65,2518.3,9004636,22467846481,-1.733312155
27-08-2002,RELIANCE,260,260,246,246.6,250.95,1337440,333126742.8,-1.73341303
27-10-2005,RELIANCE,766,769.8,745.15,750.3,763.55,10620859,8057352097,-1.735315304
15-02-2006,RELIANCE,712.1,718.9,696.5,701.8,714.2,7659167,5392071278,-1.736208345
30-01-2003,RELIANCE,273.15,275.9,266.65,268.4,273.15,5186530,1404794047,-1.738971261
07-06-1999,RELIANCE,183,183.8,178.15,180.8,184,9110745,1651938990,-1.739130435
15-11-2011,RELIANCE,871,878,856.25,861.45,876.7,2262503,1964113040,-1.739477586
30-03-2001,RELIANCE,394.1,396.7,386.65,389.55,396.45,2456373,962856414.8,-1.740446462
13-11-2024,RELIANCE,1270.25,1275.45,1249.5,1252.05,1274.25,14633633,18418208536,-1.742201295
09-10-2018,RELIANCE,1121.65,1123.3,1081.2,1090.05,1109.4,10991196,12147885882,-1.744186047
27-11-2002,RELIANCE,291.5,292.95,286.15,287.3,292.4,7021521,2030008194,-1.744186047
14-02-2019,RELIANCE,1241,1241,1218,1224.2,1245.95,6627360,8131900744,-1.745655925
10-01-2001,RELIANCE,358.55,361.45,349.15,351.7,357.95,4730779,1675489668,-1.746053918
12-09-1995,RELIANCE,266.05,266.9,260.4,261.5,266.15,1559150,411140342.5,-1.747135074
15-06-2000,RELIANCE,341,341,327.5,331.45,337.35,6077043,2015458963,-1.748925448
21-11-1996,RELIANCE,182.55,184.6,177.85,179.65,182.85,7486400,1357841570,-1.750068362
20-01-2022,RELIANCE,2500.05,2509.95,2455,2477.45,2521.6,7612203,18885733851,-1.750872462
26-11-2010,RELIANCE,985,990.4,958.3,962.35,979.5,7003643,6800375648,-1.750893313
21-07-2011,RELIANCE,875.95,875.95,857.55,860.85,876.2,1802647,1562153830,-1.751883132
29-10-2004,RELIANCE,541,544,527.25,529.15,538.6,5504459,2939848080,-1.75454883
08-06-2022,RELIANCE,2772.75,2781,2716.3,2724.05,2772.75,5759172,15786294151,-1.756379046
19-01-1996,RELIANCE,171.25,173.4,169.45,170.6,173.65,11586900,1984009035,-1.756406565
29-04-2015,RELIANCE,862,870.55,847.4,850,865.2,3746012,3221437134,-1.756819233
15-10-2010,RELIANCE,1060,1068,1035.6,1040.35,1059,2652016,2788008595,-1.761095373
20-01-2004,RELIANCE,589,597.8,570.35,574.45,584.75,6050968,3541742767,-1.761436511
18-12-2015,RELIANCE,1003.8,1009,990,991.9,1009.7,3661020,3644888836,-1.762899871
26-11-1999,RELIANCE,230.95,232.4,224.6,225.65,229.7,5058312,1157680455,-1.763169351
10-01-2006,RELIANCE,909,910,888.25,894.1,910.15,9600147,8615144130,-1.763445586
27-09-2012,RELIANCE,845.2,848,824.25,829.85,844.75,6953585,5798948544,-1.763835454
07-04-2022,RELIANCE,2595.1,2606,2567,2572.85,2619.05,7151632,18473348627,-1.763998396
01-04-2025,RELIANCE,1264.6,1277.9,1249.3,1252.6,1275.1,12099648,15254261047,-1.764567485
02-05-2017,RELIANCE,1402,1402,1366.3,1370.55,1395.2,4249684,5846767714,-1.766771789
16-05-2002,RELIANCE,284,284.3,275.15,277.9,282.9,1334319,372208211.2,-1.767408978
14-01-1999,RELIANCE,134.4,139,133.75,136.15,138.6,8512650,1156947688,-1.767676768
16-02-1996,RELIANCE,228,230.25,226.05,227.8,231.9,17696100,4036456348,-1.76800345
09-09-2002,RELIANCE,264.9,266,257.75,260.95,265.65,2470540,646477207,-1.769245248
21-04-1999,RELIANCE,132.65,133.65,129.35,130.35,132.7,3973257,522369849.6,-1.770911831
13-07-2022,RELIANCE,2427.3,2434,2373,2377.55,2420.45,6564435,15744718033,-1.772397695
21-04-2006,RELIANCE,1000,1008,953.5,974.95,992.55,8650976,8422115262,-1.773210418
03-05-2021,RELIANCE,1966,1979,1943.1,1959.05,1994.5,10909942,21366639469,-1.777387816
10-09-2018,RELIANCE,1275,1277,1250.1,1255.85,1278.6,7059008,8919156488,-1.779289848
23-03-2016,RELIANCE,1046.9,1046.9,1022.4,1029.2,1047.85,3841654,3962605795,-1.7798349
25-04-1995,RELIANCE,277.95,277.95,269,270.3,275.2,280900,76200647.5,-1.780523256
19-08-2022,RELIANCE,2650,2661.7,2604.95,2613.85,2661.3,4366123,11489747685,-1.782963213
21-02-2013,RELIANCE,869,876.8,853.65,859.2,874.8,3706369,3202151449,-1.783264746
10-08-1999,RELIANCE,176,176,172.1,173.4,176.55,5588543,973492518.8,-1.784197111
20-05-2016,RELIANCE,952,954.5,931.35,934.2,951.2,4238988,3997447797,-1.787216148
28-09-2016,RELIANCE,1107.9,1108,1086.3,1090.65,1110.5,5673488,6198865983,-1.787483116
09-06-2021,RELIANCE,2219,2221,2157.95,2175,2214.6,5265326,11528803336,-1.788133297
10-10-1995,RELIANCE,279.55,279.95,272.25,274.55,279.55,1870900,517963470,-1.788588803
08-12-2004,RELIANCE,521,525,506.05,507.8,517.05,7427583,3814570055,-1.788995262
28-09-2000,RELIANCE,355,355,343.5,345.6,351.9,4924399,1713033078,-1.79028133
15-09-1998,RELIANCE,122.45,122.5,120.1,120.65,122.85,8863050,1074748250,-1.790801791
28-11-2007,RELIANCE,2855,2874.8,2769,2792.3,2843.3,2496196,7035879244,-1.79369043
22-01-1998,RELIANCE,158.4,158.4,155.3,155.95,158.8,3445150,538560270,-1.794710327
10-04-2017,RELIANCE,1410,1424.9,1377.3,1381.35,1406.6,7033141,9825093896,-1.795108773
04-11-2016,RELIANCE,1020.25,1026.9,1000,1005.55,1023.95,2636911,2665480457,-1.796962742
06-06-2019,RELIANCE,1361.9,1361.9,1321.1,1327.35,1351.65,7664319,10235481154,-1.797802686
21-11-2022,RELIANCE,2588,2588,2543.1,2550.9,2597.65,2949108,7538748417,-1.799703578
27-04-1998,RELIANCE,191.85,193.5,187.5,188.15,191.6,12317400,2345063723,-1.800626305
20-11-2013,RELIANCE,874.85,883,857,862.5,878.35,2992305,2619489675,-1.804519838
30-12-2021,RELIANCE,2400,2404.95,2345.6,2359.1,2402.5,13537254,32041015241,-1.806451613
27-11-2001,RELIANCE,302,304.9,290.8,293.2,298.6,1982779,593511785.5,-1.808439384
06-08-2004,RELIANCE,501.9,502.95,491.3,493.9,503,5479519,2720127339,-1.809145129
12-08-1998,RELIANCE,122,123.8,120.1,122,124.25,4993150,611093970,-1.810865191
12-04-1997,RELIANCE,263,268,261.55,262.95,267.8,4660300,1228557300,-1.811053025
20-06-2022,RELIANCE,2605,2617.1,2521.1,2543.05,2590,5568825,14216989372,-1.812741313
17-12-2024,RELIANCE,1261.05,1263.9,1242.8,1245.3,1268.3,17462791,21814794517,-1.813451076
10-03-2004,RELIANCE,581,582,570.2,573.7,584.3,4071022,2346744956,-1.814136574
01-02-2018,RELIANCE,963.25,972.6,936.6,943.85,961.3,7554587,7215260532,-1.815250182
23-05-2002,RELIANCE,258,259.8,250.7,254.05,258.75,2037466,518004498.8,-1.816425121
11-04-2011,RELIANCE,1013,1019.45,1003.65,1005.3,1023.9,2582208,2605618309,-1.816583651
21-08-1997,RELIANCE,366.95,368,358.3,359.15,365.8,4758750,1716805095,-1.817933297
19-12-2024,RELIANCE,1239,1244.9,1229,1230.45,1253.25,14244653,17602540036,-1.819269898
08-07-2011,RELIANCE,873,874,852,854.85,870.7,4785969,4109276895,-1.820374411
08-04-2019,RELIANCE,1356,1357.5,1323.7,1329.25,1353.9,8723577,11646734561,-1.820666224
16-06-2003,RELIANCE,315.15,317,306.3,307.25,312.95,7720929,2413192985,-1.821377217
30-11-2005,RELIANCE,850.2,855.45,829.1,832.7,848.15,6347408,5369118169,-1.821611743
06-07-2001,RELIANCE,324,329.3,321,325.7,331.75,1224736,399134900,-1.823662396
30-05-1996,RELIANCE,243,243.7,235.3,236.85,241.25,18854900,4500200845,-1.823834197
01-08-1996,RELIANCE,217.95,220,208.6,209.9,213.8,20484200,4373898675,-1.824134705
30-09-2005,RELIANCE,806,809.9,781,793.55,808.3,8637061,6854576626,-1.824817518
01-10-2003,RELIANCE,441,445.35,433.05,435.7,443.8,4596091,2022759750,-1.825146462
20-10-2009,RELIANCE,2245,2283.3,2177.85,2184.55,2225.2,3161589,6972985242,-1.826802085
18-08-2011,RELIANCE,757.7,760,737,741.2,755,3914915,2925126763,-1.82781457
24-10-2005,RELIANCE,770.2,775.45,754,757.1,771.2,4880214,3723857201,-1.828319502
09-03-1999,RELIANCE,152.65,153.5,149,150,152.8,9531950,1436469138,-1.832460733
16-04-2002,RELIANCE,294,295.35,287.35,289.05,294.45,1507968,439602359,-1.833927662
07-01-2016,RELIANCE,1021.05,1028,1008.05,1013.25,1032.2,4512219,4587700425,-1.835884519
23-11-1998,RELIANCE,119,119.2,116.9,117.35,119.55,6774550,798160065,-1.840234212
29-01-2021,RELIANCE,1894.3,1913.1,1830,1841.95,1876.55,20173258,37758612332,-1.843809118
25-07-2014,RELIANCE,1041.9,1043.3,1007.05,1021.85,1041.05,3093322,3164708639,-1.844291821
29-11-2019,RELIANCE,1581.95,1581.95,1547.85,1551.15,1580.3,8484822,13225831194,-1.844586471
30-06-1998,RELIANCE,146.9,146.9,143,143.55,146.25,5662200,817806877.5,-1.846153846
26-03-2015,RELIANCE,841.1,849.25,824.1,829.3,844.9,4713693,3939543171,-1.846372352
10-11-2017,RELIANCE,900.95,900.95,879.2,883.85,900.5,6365174,5644664493,-1.848972793
18-10-1995,RELIANCE,273.1,275.5,266.25,268.05,273.1,2235650,605485955,-1.849139509
27-10-2017,RELIANCE,950,956.7,925.7,929.85,947.4,5256749,4921139448,-1.852438252
13-01-2009,RELIANCE,1094.7,1146,1065,1077.55,1097.9,6580241,7266222730,-1.853538574
15-03-2018,RELIANCE,925,929.45,910,911.8,929.05,5811424,5337047119,-1.856735375
28-12-2011,RELIANCE,757.7,758.5,735.35,739.05,753.05,2829068,2104268442,-1.859106301
02-06-2008,RELIANCE,2428,2440,2340,2358.8,2403.5,2742514,6527186903,-1.859787809
07-01-2011,RELIANCE,1081.3,1087.75,1058,1065.4,1085.6,4085949,4369796823,-1.860722181
23-10-1995,RELIANCE,259.05,259.5,254.25,255.75,260.6,1214450,310587742.5,-1.861089793
03-08-2016,RELIANCE,1014.4,1014.4,991.5,993.95,1012.8,2713804,2708366174,-1.861176935
25-02-2004,RELIANCE,570,570,552.25,555.2,565.75,6962652,3904773171,-1.864781264
12-08-2005,RELIANCE,719.8,722.7,702.15,704.2,717.6,6459920,4585107396,-1.867335563
09-05-2012,RELIANCE,702,708.3,691.05,695.1,708.35,3670660,2559748728,-1.870544222
28-01-2008,RELIANCE,2565,2594.7,2430,2566.4,2615.4,3025440,7571320094,-1.873518391
23-09-2022,RELIANCE,2485,2495.95,2436.1,2439.5,2486.1,4397194,10798121356,-1.874421785
26-03-2012,RELIANCE,743.9,743.9,727,730.1,744.05,5288348,3878339952,-1.874874
05-10-2000,RELIANCE,345.15,347.3,338.7,340.15,346.65,1717130,588656001,-1.875090149
01-09-2015,RELIANCE,853.9,853.9,835.1,839.85,855.9,4947842,4167368573,-1.875219068
18-07-2001,RELIANCE,334.05,335.45,325,326.75,333,1483925,489276428.5,-1.876876877
27-01-1998,RELIANCE,154.9,154.9,150.2,151.5,154.4,5042250,769413870,-1.878238342
30-12-2014,RELIANCE,897.1,898.4,877.1,880.15,897,2657831,2344774965,-1.878483835
29-08-2018,RELIANCE,1316.3,1329,1290.2,1294.2,1319,11077203,14511006064,-1.880212282
29-08-2018,RELIANCE,1316.3,1329,1290.2,1294.2,1319,11077203,14511006064,-1.880212282
05-11-1996,RELIANCE,188.15,190.65,184,185.15,188.7,6128200,1148956485,-1.881293058
09-06-2003,RELIANCE,319.45,319.45,305.7,307.6,313.5,4317101,1335482570,-1.881977671
26-07-2001,RELIANCE,308,312.4,302.8,304.85,310.7,2175744,665977395.7,-1.882845188
12-04-2022,RELIANCE,2587,2602.6,2555.4,2561.05,2610.2,6099986,15684139811,-1.882997471
18-11-2003,RELIANCE,472.65,476.75,465,466,474.95,3709555,1744227230,-1.884408885
22-06-2018,RELIANCE,1028.4,1029.2,1008.45,1012.5,1031.95,16169978,16406133080,-1.884781239
11-01-2021,RELIANCE,1938.8,1938.8,1892.5,1897.25,1933.7,15371556,29363709013,-1.88498733
06-09-2024,RELIANCE,2985,2994,2923.25,2929.65,2985.95,9697114,28499495837,-1.885497078
18-08-2004,RELIANCE,476.8,476.8,469.3,470.55,479.6,4375407,2067956551,-1.886989158
18-10-2005,RELIANCE,777.35,781.4,748.5,756.45,771,6281160,4826675679,-1.887159533
22-10-2024,RELIANCE,2738.4,2752,2680.45,2686.7,2738.4,7915980,21434871570,-1.887963774
15-02-1995,RELIANCE,271,274.7,262.5,264.95,270.05,248100,66520210,-1.888539159
03-01-2003,RELIANCE,295.1,295.35,287.1,287.95,293.5,5194550,1508509954,-1.890971039
31-08-2015,RELIANCE,872.85,872.85,853.8,855.9,872.4,4733716,4071685674,-1.89133425
06-10-2021,RELIANCE,2619.95,2619.95,2551.1,2559.85,2609.2,4734472,12240833225,-1.891384332
13-06-2022,RELIANCE,2650,2672.8,2616.3,2662.9,2714.25,8131998,21519668180,-1.891866998
07-07-2010,RELIANCE,1074,1074.8,1051,1053.55,1073.9,3140408,3329920735,-1.894962287
11-08-1998,RELIANCE,126.55,126.55,123.6,124.25,126.65,6171150,771973520,-1.894986182
06-12-2021,RELIANCE,2416,2425,2357.15,2362.6,2408.25,4768334,11387071065,-1.895567321
14-09-1999,RELIANCE,199,199.9,193.25,194,197.75,8615984,1685482604,-1.896333755
27-01-2023,RELIANCE,2384.4,2387.35,2311.65,2337.35,2382.55,11920991,27866937052,-1.897127028
11-07-2012,RELIANCE,733.45,736.6,722,725.65,739.7,2728637,1987930735,-1.899418683
07-03-2012,RELIANCE,776.55,777.5,751,761.8,776.55,6446729,4915401386,-1.899426953
28-03-2018,RELIANCE,895.8,895.85,880,882.7,899.8,8759586,7766716375,-1.900422316
25-01-2000,RELIANCE,325.05,325.3,318.25,319.95,326.15,9752949,3138217542,-1.900965813
21-08-1998,RELIANCE,118.3,122.7,115.05,116,118.25,14840950,1764239275,-1.902748414
18-05-2017,RELIANCE,1340.25,1350,1324.1,1327.35,1353.1,2237916,2990177747,-1.90303747
22-08-2019,RELIANCE,1270.95,1271,1238.9,1246.75,1270.95,6414937,8030748574,-1.904087494
11-01-2011,RELIANCE,1040,1048.7,998.6,1013.75,1033.45,4833870,4961024808,-1.906236393
15-03-2013,RELIANCE,864.75,869.4,838.3,843.65,860.05,2924340,2484092223,-1.90686588
01-10-2001,RELIANCE,264,271.5,253.3,259.55,264.6,14585462,3816821590,-1.908541194
16-04-1998,RELIANCE,198.7,199,194.15,194.95,198.75,4399100,864296672.5,-1.911949686
28-02-2023,RELIANCE,2356.1,2367,2313.65,2322.55,2367.85,10150245,23690436664,-1.913127943
11-02-2019,RELIANCE,1275.9,1276,1251,1253.25,1277.7,7523999,9475609078,-1.913594741
15-03-1995,RELIANCE,285,290,260,269.1,274.35,1928600,532004230,-1.913613997
30-01-2004,RELIANCE,572.5,579.4,558,560.55,571.5,6169266,3515126151,-1.916010499
22-11-1994,RELIANCE,381,381.25,370,371,378.25,27700,10321387.5,-1.916721745
27-02-2009,RELIANCE,1289.4,1293,1246.55,1266.05,1290.8,4810161,6088056354,-1.917415556
26-06-1996,RELIANCE,217.7,217.7,211.15,212.2,216.35,10572500,2264499208,-1.918188121
16-09-1999,RELIANCE,190.55,191,185.6,186.55,190.2,4038483,758869459.7,-1.919032597
19-06-2018,RELIANCE,1013.9,1014.8,993.65,996.05,1015.55,6346101,6363262362,-1.920141795
27-07-2015,RELIANCE,1024.9,1029.9,1001.75,1005.35,1025.05,4598763,4672151326,-1.92185747
09-03-2004,RELIANCE,600,600,578.5,584.3,595.75,4567818,2670527662,-1.921947125
05-11-2007,RELIANCE,2713.3,2735,2633,2661.15,2713.3,4453574,11904909565,-1.922013784
10-01-2000,RELIANCE,317.4,318.7,305.3,308.5,314.55,13417057,4190854948,-1.92338261
24-03-2021,RELIANCE,2079.75,2079.75,2040.4,2047.3,2087.5,7763726,15961211346,-1.925748503
18-02-2011,RELIANCE,956.05,963,932,935.55,953.95,3599714,3415097754,-1.928822265
02-05-2011,RELIANCE,983.9,986.8,961.3,964.75,983.75,3110913,3017696208,-1.931385006
01-11-2011,RELIANCE,870.5,878.5,857.6,860.6,877.55,3745221,3243964332,-1.931513874
14-01-1998,RELIANCE,162.5,162.5,153.5,154.85,157.9,7148200,1117252865,-1.93160228
21-09-2015,RELIANCE,880,888.2,876.05,878.1,895.4,2910364,2567622477,-1.932097387
24-07-2015,RELIANCE,1048,1049.65,1021.1,1025.05,1045.3,2994363,3104190636,-1.937242897
15-12-2005,RELIANCE,864,864.9,839.1,845.25,861.95,5272788,4487522658,-1.93746737
07-10-1996,RELIANCE,191.15,191.15,180.5,187,190.7,9715800,1810844125,-1.940220241
07-10-1996,RELIANCE,191.15,191.15,180.5,187,190.7,9715800,1810844125,-1.940220241
09-01-2004,RELIANCE,600,605.65,575.15,578.65,590.1,8761265,5155736328,-1.940349093
07-03-2008,RELIANCE,2278.7,2278.7,2166.25,2248.25,2292.75,3323902,7380133377,-1.940900665
06-03-2002,RELIANCE,308,321.5,306.4,307.65,313.75,3332257,1032965826,-1.944223108
12-02-2016,RELIANCE,933.9,933.9,888.1,906.55,924.55,6701935,6085411197,-1.946893083
08-08-1996,RELIANCE,211.9,213.2,205.5,206.45,210.55,10247300,2138399023,-1.947280931
12-09-2019,RELIANCE,1235,1240.45,1205.7,1210.35,1234.4,5431139,6639105042,-1.948314971
14-12-1999,RELIANCE,226.1,228.75,222.3,223.55,228,7025366,1584817813,-1.951754386
31-12-2019,RELIANCE,1542,1543.7,1508.05,1514.05,1544.2,10150467,15480924274,-1.952467297
26-06-2000,RELIANCE,335,335.6,328.25,331.15,337.75,3465048,1147171359,-1.954108068
25-04-2014,RELIANCE,968,969,946,948.25,967.15,3029220,2883995660,-1.954195316
12-04-2004,RELIANCE,575.5,575.5,558.7,561.75,572.95,3830941,2171539654,-1.954795357
01-10-2014,RELIANCE,943.6,945.6,926,927.2,945.7,1978672,1846257175,-1.956222904
18-02-2019,RELIANCE,1250,1252.5,1215,1220.1,1244.45,9649017,11835163808,-1.956687693
21-01-1997,RELIANCE,233.5,237,228.1,230.35,234.95,8113650,1888678618,-1.957863375
05-08-2003,RELIANCE,355.6,364,344.65,347.95,354.9,8098676,2887570347,-1.958298112
05-05-2022,RELIANCE,2723.5,2730,2632,2640.9,2693.65,7942721,21269098539,-1.958309357
15-09-1999,RELIANCE,196.7,196.7,189.55,190.2,194,6613347,1274193961,-1.958762887
27-05-2019,RELIANCE,1337.1,1337.5,1307,1310.65,1336.85,7349720,9722442982,-1.959830946
05-03-2012,RELIANCE,812.05,814,794.25,797.5,813.45,2988613,2391843771,-1.960784314
23-12-1999,RELIANCE,231.65,240.7,230.1,232.35,237,3445465,808435227.6,-1.962025316
11-01-2010,RELIANCE,1134.7,1149.7,1050,1081.5,1103.15,43122135,45704342083,-1.962561755
18-06-2008,RELIANCE,2350,2350,2280,2287.1,2332.9,2881337,6664678745,-1.963221741
01-09-1999,RELIANCE,195.45,196.4,187.5,189.7,193.5,7700685,1470877918,-1.963824289
03-07-1998,RELIANCE,142.45,142.95,138.55,139.6,142.4,3466150,488796945,-1.966292135
09-08-2011,RELIANCE,753,779,753,765.3,780.65,7463019,5710593267,-1.966310126
26-08-1996,RELIANCE,211.5,213.4,208.4,209.25,213.45,9975250,2104745095,-1.967673928
22-03-2001,RELIANCE,405.35,408.8,391,393.4,401.3,2868227,1151867337,-1.968602043
22-03-2001,RELIANCE,405.35,408.8,391,393.4,401.3,2868227,1151867337,-1.968602043
03-02-2016,RELIANCE,988,994,975,981.4,1001.15,3586808,3529766340,-1.972731359
29-01-2003,RELIANCE,310,310,271.35,273.15,278.65,3102893,856423713.3,-1.973802261
04-01-2016,RELIANCE,1005,1013.8,986.7,995.3,1015.35,6896571,6889070475,-1.974688531
25-02-2020,RELIANCE,1451.4,1451.4,1410,1416.4,1444.95,12684109,18169572259,-1.975846915
25-10-1999,RELIANCE,263.75,263.75,256.55,257.85,263.05,7253874,1884015470,-1.976810492
17-05-1996,RELIANCE,250,253,248.8,250.2,255.25,20182550,5061398293,-1.978452498
24-03-2023,RELIANCE,2245.25,2250,2198,2203.3,2247.8,5711497,12689975564,-1.979713498
31-07-2020,RELIANCE,2114.5,2129,2052.8,2067.1,2108.85,34593375,71851185920,-1.979751998
22-09-2020,RELIANCE,2277,2277,2201.55,2211.15,2255.85,16056621,35731708479,-1.981514728
04-04-2001,RELIANCE,380.15,387.7,378.25,383.1,390.85,1451637,554536640.4,-1.982857874
06-06-2001,RELIANCE,374.9,376,363.85,365.55,372.95,2829453,1040631383,-1.984180185
31-05-2023,RELIANCE,2500,2509.85,2461,2469.9,2519.95,12510304,30992295693,-1.986150519
19-07-2024,RELIANCE,3172,3179.95,3105.6,3110.3,3173.35,6570195,20554178349,-1.986859313
19-07-2024,RELIANCE,3172,3179.95,3105.6,3110.3,3173.35,6570195,20554178349,-1.986859313
17-04-2003,RELIANCE,283.8,283.8,276.15,278.15,283.8,3105149,866001892.3,-1.990838619
10-08-2007,RELIANCE,1820,1820,1776.2,1809.05,1845.8,3363768,6043015672,-1.99100661
11-10-2022,RELIANCE,2414,2414,2351.1,2357.9,2405.8,4252803,10112492555,-1.991021698
08-08-2005,RELIANCE,749.8,799,707.1,711.3,725.75,11115184,7970818513,-1.991043748
07-07-2009,RELIANCE,1901,1913,1825.2,1855.45,1893.15,5835396,10826624315,-1.991390011
19-05-2016,RELIANCE,971.7,971.9,945.6,951.2,970.55,2088058,2006009103,-1.993714904
13-06-2011,RELIANCE,943.25,943.25,921,925.6,944.5,2954066,2736272271,-2.001058761
06-05-1998,RELIANCE,194.9,195,190.3,190.9,194.8,4873800,935325025,-2.002053388
23-09-2011,RELIANCE,773.9,792.6,764.1,770.6,786.35,8803427,6847677625,-2.002924906
01-02-2020,RELIANCE,1405.3,1426.95,1371.1,1383.35,1411.65,11022901,15463889562,-2.004746219
13-12-2021,RELIANCE,2473.5,2474.1,2404,2409.65,2458.95,5954148,14440614208,-2.0049208
23-12-2008,RELIANCE,1281,1281,1246.4,1259.75,1285.55,3848915,4861293316,-2.006923107
26-12-2019,RELIANCE,1541.65,1552.95,1510.15,1515.4,1546.45,13605737,20782349005,-2.007824372
26-06-1995,RELIANCE,268,268,261.5,263.4,268.8,470350,124454350,-2.008928571
18-05-2001,RELIANCE,384.7,384.85,373,374.85,382.55,3017492,1144684793,-2.012808783
02-08-2018,RELIANCE,1191.5,1191.5,1165.95,1168.35,1192.35,6248975,7337117555,-2.012831803
27-09-1995,RELIANCE,273,274.4,269,269.75,275.3,776800,211341492.5,-2.015982564
27-10-2004,RELIANCE,552.55,554,538.2,540.6,551.75,10872643,5922176891,-2.020842773
28-02-2024,RELIANCE,2966,2982.55,2900.35,2911.25,2971.3,4323975,12673607275,-2.021000909
24-07-2023,RELIANCE,2481,2514.95,2469.3,2487.4,2538.75,11863933,29560118805,-2.022648941
11-11-2010,RELIANCE,1106,1111.8,1076,1079.9,1102.2,2900734,3166148750,-2.023226275
23-08-2005,RELIANCE,705,706.5,683.05,685.15,699.3,6610919,4574527693,-2.023452023
18-08-1997,RELIANCE,371.95,371.95,364.15,365.25,372.8,4622550,1693325960,-2.025214592
24-07-2002,RELIANCE,256.5,256.9,250.1,251.55,256.75,2198390,556197717.5,-2.025316456
21-01-2016,RELIANCE,1017.55,1025.75,976.7,984.2,1004.55,7261772,7224376995,-2.025782689
05-05-1997,RELIANCE,301.2,302.5,298.3,299.15,305.35,9205300,2762728488,-2.030456853
11-02-2014,RELIANCE,823,825,802.75,805.25,821.95,2882244,2337196118,-2.031753756
12-03-2021,RELIANCE,2195,2206.4,2123.9,2137.6,2181.95,7783173,16816345899,-2.032585531
11-05-2009,RELIANCE,1919,1928,1850.1,1861.6,1900.3,3757600,7060520528,-2.036520549
11-11-1994,RELIANCE,371,378.5,369.5,372.75,380.5,65000,24352125,-2.036793693
06-06-2006,RELIANCE,920,925,900,906.5,925.35,8414949,7691426221,-2.037067056
12-05-2022,RELIANCE,2427.5,2434.85,2370,2399.4,2449.3,9456280,22700752367,-2.037316784
06-12-1994,RELIANCE,378,380,371,372.5,380.25,47800,17975962.5,-2.038132807
22-06-1998,RELIANCE,140.1,142.25,130.5,139.15,142.05,5122450,697873432.5,-2.041534671
18-05-2011,RELIANCE,920,923.85,898.35,901.85,920.65,5672247,5129936976,-2.042035518
04-01-2017,RELIANCE,1092.9,1093,1064.3,1067.15,1089.4,2375547,2547513624,-2.042408665
20-12-2024,RELIANCE,1224,1239.5,1201.5,1205.3,1230.45,20312896,24699497248,-2.043967654
20-05-2004,RELIANCE,463,464.7,440.15,443.2,452.45,9397118,4220106170,-2.044424798
04-08-2006,RELIANCE,988,999.5,962.25,967.8,988,4994599,4899727792,-2.044534413
25-04-2003,RELIANCE,272,274.6,267,268.2,273.8,5532466,1489355999,-2.045288532
25-07-2013,RELIANCE,905.95,912.2,877.45,890.75,909.35,3618768,3250293385,-2.045417056
03-09-2009,RELIANCE,1980,1987.2,1923.3,1930.8,1971.15,3022616,5898785370,-2.047028384
08-04-2010,RELIANCE,1133,1136.5,1101.5,1106.55,1129.7,3365528,3763364183,-2.049216606
23-02-2017,RELIANCE,1213.6,1222,1179.35,1182.75,1207.5,14229234,17023004701,-2.049689441
18-07-2017,RELIANCE,1546.8,1551.8,1511,1519.9,1551.75,4489412,6853087595,-2.052521347
01-10-2019,RELIANCE,1337,1342,1293.3,1304.9,1332.25,8192597,10815596239,-2.052917996
29-04-2004,RELIANCE,539,544,526.5,529.3,540.4,16522558,8855130340,-2.054034049
17-03-2005,RELIANCE,569,574.8,558.25,562.5,574.3,4647394,2636352641,-2.054675257
21-02-2001,RELIANCE,423.05,424.85,412.1,414.1,422.8,7890074,3292706988,-2.057710501
13-07-2006,RELIANCE,1086.25,1095,1070.35,1075.45,1098.05,3334343,3598883074,-2.058194071
05-09-2011,RELIANCE,794.5,799,782.95,788.85,805.45,4567377,3603985597,-2.060959712
02-06-2005,RELIANCE,544,545.3,528.55,529.85,541,3829036,2045319606,-2.060998152
09-06-2020,RELIANCE,1560.3,1583,1533,1537.15,1569.5,11934073,18568335407,-2.061165976
09-06-2020,RELIANCE,1560.3,1583,1533,1537.15,1569.5,11934073,18568335407,-2.061165976
19-03-1997,RELIANCE,293.95,295.25,281,282.35,288.3,12680400,3642542408,-2.063822407
17-03-2009,RELIANCE,1330,1343,1293.15,1300.2,1327.6,4755486,6257264632,-2.063874661
30-10-2007,RELIANCE,2839,2854.45,2740.3,2769.5,2827.9,4374145,12173785164,-2.065136674
13-05-2008,RELIANCE,2600,2600,2488,2501.1,2553.85,2600800,6592565474,-2.065508937
23-01-2024,RELIANCE,2743.5,2743.5,2645.1,2657.15,2713.3,10027710,26823081585,-2.069435742
19-04-2010,RELIANCE,1079.8,1079.8,1051,1061.8,1084.25,3746293,3980445133,-2.070555684
14-08-1998,RELIANCE,123,123.6,120.05,120.45,123,5404050,656907122.5,-2.073170732
13-09-2000,RELIANCE,385.95,385.95,372,375.5,383.45,5918549,2238548543,-2.073282045
15-10-2024,RELIANCE,2717.05,2743.4,2681.4,2688.05,2745.05,16881397,45726823453,-2.07646491
18-09-2012,RELIANCE,870.2,873.9,851.3,855.6,873.75,3953604,3403266698,-2.077253219
12-03-2002,RELIANCE,298.9,299.45,291.5,292.25,298.45,2613070,769338441.4,-2.077399899
30-10-1998,RELIANCE,112.5,114.25,110,110.7,113.05,7305300,818817020,-2.078726227
29-06-2010,RELIANCE,1091,1091,1064.2,1067.45,1090.15,3249076,3488441308,-2.082282255
30-09-2013,RELIANCE,832.05,844.5,819.1,822.4,839.9,3639687,3022741775,-2.083581379
08-11-2017,RELIANCE,902.5,906,884.1,887.8,906.7,8115980,7238759485,-2.084482188
30-03-2009,RELIANCE,1521.1,1535,1495,1516.45,1548.75,6871088,10404397248,-2.085552865
01-10-2018,RELIANCE,1257.7,1257.7,1204,1231.7,1257.95,7332693,9031562081,-2.086728407
26-03-1999,RELIANCE,123.55,125.2,120.75,121.95,124.55,4171700,510738945,-2.087515054
20-10-2004,RELIANCE,567,567,546.65,548.15,559.85,7307776,4035335134,-2.089845494
09-11-1999,RELIANCE,232,233.35,226.8,229.05,233.95,6182887,1419529312,-2.094464629
28-02-2013,RELIANCE,837.2,839.55,805.75,813.85,831.3,6324405,5179692460,-2.099121857
04-05-2020,RELIANCE,1440,1465,1417.45,1435.2,1466,24439240,35264364751,-2.10095498
23-06-2000,RELIANCE,346.1,354.65,335,337.75,345,15997583,5552683193,-2.101449275
18-06-2004,RELIANCE,454,454,441.15,444.75,454.3,4919840,2198820554,-2.102135153
04-09-2015,RELIANCE,849.7,849.7,825.1,835.9,853.85,3703036,3094233817,-2.102242783
25-06-1996,RELIANCE,222,223,212,216.35,221,12467500,2737608290,-2.104072398
28-07-2006,RELIANCE,1008.7,1008.7,974,979.05,1000.1,3609008,3550847085,-2.104789521
24-01-1995,RELIANCE,250,251.75,235.15,246.4,251.7,287400,69264800,-2.105681367
04-10-2011,RELIANCE,784,790.8,765.25,771.6,788.2,6000741,4670670710,-2.106064451
26-06-2002,RELIANCE,270,271.4,265,267.05,272.8,3140371,842783161.2,-2.107771261
02-07-1996,RELIANCE,208.9,210.9,203,204.35,208.75,20282100,4198269940,-2.107784431
10-11-1996,RELIANCE,188.75,188.9,182.1,183.2,187.15,4271200,786806467.5,-2.110606465
20-01-2000,RELIANCE,320,324.9,310.55,312.85,319.6,15428711,4920948588,-2.112015019
18-04-2005,RELIANCE,527,527,515,518.55,529.75,4456598,2320875586,-2.114204814
15-12-2004,RELIANCE,505.7,505.7,492.3,495.1,505.8,6972362,3483980677,-2.115460656
06-08-2021,RELIANCE,2129.95,2146.95,2078.75,2089.05,2134.25,7670583,16116399922,-2.117839991
09-05-2025,RELIANCE,1385.5,1394.8,1374.5,1377.2,1407,13668904,18895751340,-2.117981521
17-06-2011,RELIANCE,891.3,893.3,865.2,868.75,887.55,5035618,4405824992,-2.118190524
13-01-1999,RELIANCE,143.5,144.8,137.25,138.6,141.6,12527050,1775571548,-2.118644068
09-11-2011,RELIANCE,890.05,892.65,861.15,864.95,883.7,2666312,2340127580,-2.121760779
27-03-2015,RELIANCE,833.9,835,801.45,811.7,829.3,5332142,4349419107,-2.122271795
25-04-2016,RELIANCE,1044.45,1044.45,1012.3,1016.9,1038.95,13979586,14256999658,-2.12233505
21-03-2005,RELIANCE,573,576.8,558,559.7,571.85,2731618,1543074476,-2.124683046
19-07-2006,RELIANCE,1010,1029.9,977.15,983.05,1004.4,6736611,6649729390,-2.125647153
22-07-2009,RELIANCE,2025,2057.6,1962.6,1975.7,2018.65,3145153,6291909182,-2.127659574
05-03-2020,RELIANCE,1352.2,1357.95,1306,1311.15,1339.7,13948324,18510367253,-2.131074121
12-02-1998,RELIANCE,152,152.75,148.35,149.25,152.5,6549500,983347837.5,-2.131147541
28-02-2008,RELIANCE,2580,2600,2516.7,2533.25,2588.45,2821861,7184234162,-2.132550368
18-06-2014,RELIANCE,1088,1101.65,1060.65,1066.75,1090.05,4391701,4754887986,-2.137516628
17-11-2021,RELIANCE,2498.95,2498.95,2461,2464,2517.9,4708235,11676042765,-2.140672783
17-11-2021,RELIANCE,2498.95,2498.95,2461,2464,2517.9,4708235,11676042765,-2.140672783
24-11-2016,RELIANCE,1005.55,1005.55,982.2,987.35,1009,4323375,4278988686,-2.145688801
16-07-2018,RELIANCE,1099.8,1108.9,1073.05,1076.2,1099.8,6595781,7139494129,-2.145844699
21-10-2016,RELIANCE,1097,1097,1058.4,1064.2,1087.55,9968242,10656537355,-2.147027723
17-12-2004,RELIANCE,490,495.7,478.65,480.55,491.1,11503787,5595260342,-2.148238648
10-07-2013,RELIANCE,874.25,879.85,839,856,874.8,5083109,4363020000,-2.149062643
06-01-2022,RELIANCE,2451.2,2454,2409,2416.5,2469.6,6667483,16156735762,-2.150145773
12-02-2009,RELIANCE,1378.7,1378.7,1345.3,1351.55,1381.25,3144540,4282566855,-2.150226244
12-11-2007,RELIANCE,2650,2704.7,2602,2675.6,2734.4,4521756,12023600121,-2.150380339
19-05-2010,RELIANCE,1017,1017.75,995.1,998.65,1020.6,5965445,5990862341,-2.150695669
22-10-2009,RELIANCE,2182,2182,2121,2135.2,2182.2,2310668,4965345627,-2.153789753
23-10-2003,RELIANCE,469.8,470,456.1,458.8,468.9,5879520,2733502906,-2.153977394
21-11-2018,RELIANCE,1137.5,1145.5,1107.05,1112.9,1137.4,7507812,8384776646,-2.15403552
17-03-2021,RELIANCE,2098.05,2103,2035.1,2055.35,2100.6,8865521,18315233171,-2.154146434
09-11-1995,RELIANCE,245,258,242,242.9,248.25,5245600,1280949713,-2.155085599
12-10-2004,RELIANCE,547,551.95,533.1,535.1,546.9,3993249,2156679582,-2.157615652
12-01-2023,RELIANCE,2524.85,2532.5,2465,2471.6,2526.15,8163366,20306272476,-2.159412545
03-10-2018,RELIANCE,1229.5,1239.6,1200.05,1205.1,1231.7,7376575,8984957811,-2.15961679
03-05-2011,RELIANCE,965.1,967.4,941.05,943.9,964.75,5035348,4799680397,-2.161181653
21-09-2020,RELIANCE,2300,2336,2247.35,2255.85,2305.7,15519433,35560977455,-2.162033222
28-06-2018,RELIANCE,962,968.5,940.3,944.95,965.85,8581234,8175043919,-2.163897085
13-11-1995,RELIANCE,245.5,247.75,238.7,239.4,244.7,5870800,1422654305,-2.16591745
05-06-2009,RELIANCE,2275,2281,2190,2212.75,2261.75,4677671,10416689974,-2.166464021
04-05-2021,RELIANCE,1950,1967.8,1911,1916.6,1959.05,10083693,19520330406,-2.166866594
19-04-2004,RELIANCE,563.5,569.4,550.6,552.6,564.85,4074759,2273835281,-2.168717359
31-08-2012,RELIANCE,780,784.4,762.7,766.4,783.4,3378863,2603932708,-2.170028083
07-11-2003,RELIANCE,493.55,496.9,479.7,482.15,492.85,5214906,2540928974,-2.171045957
17-09-2018,RELIANCE,1250.75,1250.75,1221.6,1225.9,1253.15,6754086,8325041898,-2.174520209
21-01-2010,RELIANCE,1075,1077,1050.25,1054.05,1077.5,4254235,4520472401,-2.176334107
28-01-1998,RELIANCE,150.1,152,146.65,148.2,151.5,6226950,929057037.5,-2.178217822
12-11-1999,RELIANCE,234.85,234.9,230.1,231,236.15,5651677,1312425587,-2.180817277
12-12-1996,RELIANCE,194,195.35,187.3,188.05,192.25,8672800,1656499210,-2.184655397
03-04-2013,RELIANCE,797.8,799,771,776.55,793.9,2130749,1676875961,-2.18541378
31-01-1996,RELIANCE,179,185.75,172.25,176.75,180.7,26118950,4686564328,-2.185943553
08-07-1999,RELIANCE,185,186.9,180.3,181.2,185.25,12189054,2232895895,-2.186234818
05-05-2017,RELIANCE,1361.6,1367.35,1325,1328.25,1357.95,3565543,4791006381,-2.187120292
01-10-2008,RELIANCE,1960,1963,1883.45,1906.7,1949.35,3475963,6686882657,-2.18790879
11-06-2020,RELIANCE,1566,1567.95,1531,1537.7,1572.15,9408283,14548302925,-2.191266737
15-03-2012,RELIANCE,818,821.2,793.4,796.65,814.5,4630686,3723394662,-2.191528545
25-07-2019,RELIANCE,1264,1269.05,1227,1231.5,1259.1,9968545,12413340500,-2.192041935
29-08-2017,RELIANCE,1561.85,1567.5,1530,1532.15,1566.55,3466421,5350330120,-2.195908206
29-08-2017,RELIANCE,1561.85,1567.5,1530,1532.15,1566.55,3466421,5350330120,-2.195908206
23-09-2010,RELIANCE,1020.05,1024,996,997.65,1020.05,5264383,5288872706,-2.195970786
15-02-2000,RELIANCE,352,354.4,342.05,344.35,352.1,8124337,2835126952,-2.201079239
01-12-2008,RELIANCE,1125.3,1180,1098.15,1109.4,1134.45,6362857,7307382669,-2.208118472
25-06-2009,RELIANCE,2001.2,2024,1942.45,1958.1,2002.35,5335839,10551268880,-2.209903364
19-09-2019,RELIANCE,1207.85,1209.7,1172.65,1179.05,1205.7,6293454,7486075537,-2.210334246
19-05-2020,RELIANCE,1457,1461.7,1403.25,1408.9,1440.75,19529216,28057214575,-2.210654173
07-04-2017,RELIANCE,1421.3,1434,1402.55,1406.6,1438.5,7286151,10343188455,-2.217587765
04-03-2022,RELIANCE,2353,2364.3,2320.35,2325.55,2378.3,4986814,11660149353,-2.217970819
03-05-2024,RELIANCE,2942,2949.9,2832.3,2868,2933.1,8613479,24774710140,-2.219494733
31-01-2020,RELIANCE,1453,1453.25,1407.2,1411.65,1443.75,15886673,22650374557,-2.223376623
24-09-2020,RELIANCE,2207.9,2226,2176.05,2181.2,2230.8,13765321,30292605688,-2.223417608
28-04-2016,RELIANCE,1014,1019.2,990.95,996.7,1019.4,14160507,14237803966,-2.226800078
12-09-2003,RELIANCE,428,433.6,416,419.15,428.7,6079875,2586256923,-2.227665034
18-01-2002,RELIANCE,329.9,329.9,308.5,311.6,318.7,2320552,736122205.3,-2.227800439
13-09-2021,RELIANCE,2433,2433,2368.05,2371.55,2425.6,7527598,17930286910,-2.228314644
20-09-2023,RELIANCE,2423.05,2427.6,2355,2382.15,2436.45,28540942,67864489358,-2.228652343
21-03-2014,RELIANCE,907,913.35,882.15,885.8,906,5040481,4507714576,-2.229580574
27-05-2004,RELIANCE,452,457.55,446.6,449.05,459.3,5707970,2585560133,-2.231656869
19-03-2012,RELIANCE,781,783,751.1,755.1,772.35,3652448,2778353996,-2.233443387
23-04-2003,RELIANCE,281.5,284.45,269.75,271.2,277.4,15811793,4388488993,-2.235039654
04-08-2000,RELIANCE,338.5,338.75,329.15,330.1,337.65,3271743,1089590113,-2.23604324
10-11-1997,RELIANCE,177.6,177.6,174.2,174.55,178.55,4368400,767843270,-2.240268832
31-01-1997,RELIANCE,268.55,273,264,267.8,273.95,18290900,4924926915,-2.244935207
18-03-2021,RELIANCE,2072.9,2084.8,2001,2009.1,2055.35,9528809,19427231150,-2.250225023
10-04-1998,RELIANCE,199,199.9,194.25,194.95,199.45,7098200,1395249990,-2.256204563
15-06-1999,RELIANCE,176.05,181,171.2,173.2,177.2,11519334,2041069319,-2.257336343
08-05-2003,RELIANCE,265,265.95,258,259.55,265.55,5238248,1370973076,-2.259461495
11-07-1997,RELIANCE,362.4,363,357.3,358.75,367.05,8651050,3114169715,-2.261272306
25-04-2006,RELIANCE,977.5,985,951,955.1,977.2,3524708,3395880960,-2.261563651
17-05-1999,RELIANCE,180.1,184,169.3,178.95,183.1,19601903,3456581109,-2.266521027
22-02-2023,RELIANCE,2425.95,2430,2375.05,2378.9,2434.1,5087729,12188888237,-2.267778645
01-07-1996,RELIANCE,211.05,217.7,206.5,208.75,213.6,19761700,4141934178,-2.270599251
16-01-2008,RELIANCE,3110,3145,3025,3093.65,3165.55,5554677,17082048209,-2.271327258
03-05-1996,RELIANCE,263.95,265.5,259,260.2,266.25,17620450,4625472825,-2.272300469
16-12-2013,RELIANCE,860,862.25,843.2,845.05,864.7,2296374,1951964667,-2.272464439
18-11-1997,RELIANCE,166.5,167,162.55,163.4,167.2,6808150,1115440275,-2.272727273
09-11-1994,RELIANCE,399,399,385.75,387,396,57500,22520075,-2.272727273
07-06-2010,RELIANCE,1015,1015,1000,1007.75,1031.2,3086645,3109207214,-2.274049651
25-06-2021,RELIANCE,2153.5,2153.5,2081.1,2104.45,2153.5,25546334,53801077040,-2.277687485
18-08-2008,RELIANCE,2290,2290,2210.2,2224.8,2276.7,2513403,5610259908,-2.279615233
14-05-2012,RELIANCE,698,702.8,678.55,681.3,697.2,4081094,2813272138,-2.280550775
03-06-2013,RELIANCE,803.7,805.35,785.25,787.9,806.3,3237910,2559123509,-2.282029021
26-05-2014,RELIANCE,1132.5,1140,1075,1101.7,1127.45,3674151,4110703985,-2.283915029
15-03-2022,RELIANCE,2427.95,2427.95,2340.85,2363.45,2418.85,7349740,17537136612,-2.290344585
25-11-2004,RELIANCE,510,523.35,500.1,503.35,515.15,17677183,9054015024,-2.290594972
16-11-2010,RELIANCE,1059,1059,1026.55,1030.5,1054.7,4533561,4708281553,-2.294491325
11-12-2006,RELIANCE,1280,1280,1226.3,1240,1269.15,4535936,5673979913,-2.296812827
30-12-1997,RELIANCE,170.5,170.5,164.25,165.55,169.45,5103800,852278992.5,-2.301563883
19-05-2022,RELIANCE,2484,2512.5,2466.05,2479.85,2538.35,6783641,16919358308,-2.304646719
21-06-2004,RELIANCE,446.2,447.9,433.05,434.5,444.75,5840772,2569571399,-2.304665542
02-07-2009,RELIANCE,2183,2183,1995.35,2011.35,2058.8,3850061,7789741493,-2.304740626
28-01-2020,RELIANCE,1508.6,1510,1463.6,1471.75,1506.55,11215313,16663988524,-2.309913378
20-07-1998,RELIANCE,151.4,151.4,145.25,145.9,149.35,3178150,467772612.5,-2.310010044
20-07-1998,RELIANCE,151.4,151.4,145.25,145.9,149.35,3178150,467772612.5,-2.310010044
12-08-2013,RELIANCE,869,872.85,840.45,845.65,865.65,1995272,1702365456,-2.310402588
19-06-2014,RELIANCE,1074,1074.95,1031.6,1042.1,1066.75,5286280,5542684740,-2.310756972
25-04-2022,RELIANCE,2742.4,2758.4,2663.65,2695,2758.8,7874671,21349802724,-2.312599681
19-03-2002,RELIANCE,307,307.7,298.25,299.6,306.7,1633645,493692208,-2.314965765
07-03-2018,RELIANCE,909.25,909.25,888.05,889.75,910.85,7247708,6508943483,-2.316517539
10-02-1995,RELIANCE,279,281,268,269.85,276.25,249550,68386137.5,-2.316742081
10-02-1995,RELIANCE,279,281,268,269.85,276.25,249550,68386137.5,-2.316742081
20-11-2007,RELIANCE,2864.9,2864.9,2760,2784.85,2850.9,3866242,10909206180,-2.316812235
04-01-2005,RELIANCE,550,550,529.6,531.25,543.85,5258329,2805218651,-2.316815298
06-01-2020,RELIANCE,1520,1527.9,1498,1501.5,1537.15,11209343,16954936800,-2.319227141
26-02-2004,RELIANCE,554,564.3,539,542.3,555.2,10483179,5785505413,-2.323487032
16-11-2021,RELIANCE,2572.05,2575,2495,2517.9,2577.8,5232292,13269127406,-2.323686865
05-01-2012,RELIANCE,715,724.95,694.1,699.5,716.15,6619586,4696715963,-2.324931928
16-09-2014,RELIANCE,1001.4,1004.15,976.5,979.4,1002.75,3027126,2992356990,-2.32859636
16-05-2018,RELIANCE,974,974,952.45,956.15,978.95,8613363,8290313023,-2.329025997
16-06-1997,RELIANCE,320.9,322,313.25,315.35,322.9,9620100,3046897515,-2.338185197
20-11-2003,RELIANCE,462.1,465.9,449,450.8,461.6,4513877,2069575120,-2.339688042
24-02-2012,RELIANCE,833.5,841.7,814.5,819.95,839.6,4285036,3528844954,-2.340400191
24-10-1997,RELIANCE,405,405,390.3,395.95,405.45,16097850,6383930213,-2.343075595
12-09-2001,RELIANCE,295,301.5,276.05,297.9,305.05,2483919,729226215.4,-2.343878053
06-12-2004,RELIANCE,544,547,528.65,530.95,543.7,5374142,2884691242,-2.345043222
03-03-2009,RELIANCE,1230,1251.95,1175,1196.85,1225.65,5237026,6415732891,-2.34977359
24-06-2021,RELIANCE,2206.85,2214.6,2140,2153.5,2205.35,42209687,91799804633,-2.351100732
12-06-2006,RELIANCE,918,948,893.3,901.05,922.75,7039646,6383596752,-2.351666215
27-08-2013,RELIANCE,814,824.9,800,803.25,822.6,2993270,2429271778,-2.352297593
03-01-2002,RELIANCE,305,306.95,295.25,296.45,303.6,1578252,472339981.4,-2.355072464
26-12-1995,RELIANCE,206.1,206.5,201.6,203.15,208.05,10352050,2109998833,-2.355203076
12-09-2011,RELIANCE,810.35,822.45,795.25,806.3,825.75,4246961,3431867133,-2.355434454
14-12-1995,RELIANCE,213.95,213.95,204.5,205.15,210.1,12285150,2554813143,-2.356020942
26-08-2008,RELIANCE,2219,2219,2146.65,2179.35,2232,3475808,7542863107,-2.358870968
12-02-2007,RELIANCE,1387,1387,1353.2,1358.95,1391.8,1268179,1734288447,-2.36025291
28-08-1997,RELIANCE,345.35,347,338.05,339.15,347.35,7719750,2641137098,-2.360731251
25-02-2003,RELIANCE,300,301.55,294.75,295.55,302.7,4962908,1478465519,-2.362074661
15-09-2008,RELIANCE,1889.7,1900,1823.25,1886.95,1932.65,5023992,9327668640,-2.364628877
27-01-2021,RELIANCE,1925,1925,1888,1895,1941,19553809,37241980448,-2.369912416
02-01-1997,RELIANCE,219.95,220,213.6,214.2,219.4,7447500,1612379448,-2.370100273
29-05-2008,RELIANCE,2555.45,2555.45,2445,2462.7,2522.5,4122995,10287845494,-2.370664024
26-05-2009,RELIANCE,2180.1,2209,2130.5,2142.7,2194.75,2484080,5365943358,-2.371568516
22-01-2021,RELIANCE,2111,2115.35,2035.15,2049.6,2099.4,14090818,29181582565,-2.372106316
06-08-2013,RELIANCE,858.45,864.2,830.15,841.05,861.55,2837977,2407216504,-2.379432418
25-08-1997,RELIANCE,345.7,345.7,336,339.95,348.25,10295750,3507606980,-2.383345298
04-11-1997,RELIANCE,362,369,350.75,354.15,362.8,10341750,3705963415,-2.384233738
17-01-2000,RELIANCE,318.25,322.9,307.05,308.75,316.3,10729180,3387984325,-2.386974391
21-11-1994,RELIANCE,385,387,377.5,378.25,387.5,30350,11603637.5,-2.387096774
27-07-1998,RELIANCE,135,136,130.1,130.75,133.95,3931900,520182370,-2.388951101
12-08-2015,RELIANCE,963.6,966,940.55,942.9,966,2205902,2104607171,-2.391304348
20-03-2001,RELIANCE,384,384.75,370.5,373.35,382.5,1821965,685780139.8,-2.392156863
26-03-1998,RELIANCE,183.85,184.25,178.75,179.45,183.85,6915150,1254199795,-2.393255371
17-01-1995,RELIANCE,285,286,275.05,277.3,284.1,255950,71133542.5,-2.393523407
07-08-2009,RELIANCE,2036.5,2064,1990.2,1997.75,2046.8,3999933,8081080441,-2.396423686
29-11-2011,RELIANCE,782,782,759.15,765,783.8,4803440,3682977071,-2.398571064
29-10-2021,RELIANCE,2596.15,2596.15,2501.7,2536.25,2598.6,6568539,16736893522,-2.399368891
22-10-2007,RELIANCE,2400,2483,2371.8,2410.05,2469.3,5051715,12288670877,-2.399465436
12-03-2003,RELIANCE,285,285.85,276.55,278.3,285.15,2537990,716639790.7,-2.402244433
04-08-2008,RELIANCE,2349.8,2349.8,2232.6,2242.4,2297.6,4096186,9261408146,-2.402506964
09-03-2023,RELIANCE,2416,2416.9,2355.1,2359.25,2417.35,7492509,17810328721,-2.403458332
08-07-2008,RELIANCE,1998,2016.95,1930.3,1979.45,2028.2,4810596,9477386779,-2.403609112
30-05-2008,RELIANCE,2498.9,2498.9,2390.25,2403.5,2462.7,3588787,8705725119,-2.403865676
03-03-2025,RELIANCE,1204,1206.45,1156,1171.25,1200.1,17944938,20969945819,-2.403966336
11-08-2017,RELIANCE,1550.95,1580,1533,1546.25,1584.35,3885064,6053534862,-2.404771673
10-03-1998,RELIANCE,181,183.4,175,176.45,180.8,12747800,2283086995,-2.405973451
03-07-2013,RELIANCE,860.5,863.35,848.55,850.85,871.85,2929628,2499442103,-2.408671216
15-12-2000,RELIANCE,345,345,336.3,337.95,346.3,4013696,1365571936,-2.411204158
12-01-1999,RELIANCE,142.75,144.85,139.15,141.6,145.1,9916900,1408656648,-2.412129566
02-02-1999,RELIANCE,128,128.8,124.6,125.4,128.5,5581300,706145565,-2.412451362
15-02-1999,RELIANCE,122.1,122.5,119.05,119.15,122.1,2953650,357552972.5,-2.416052416
25-02-2000,RELIANCE,341.4,342.9,326.1,328.6,336.75,3912097,1308147526,-2.420193022
24-01-2008,RELIANCE,2590,2645,2435,2488.9,2550.7,4882441,12302595934,-2.422864312
25-03-1999,RELIANCE,127,128.3,124.1,124.55,127.65,3362350,424607090,-2.428515472
21-01-2025,RELIANCE,1310.5,1313,1270.2,1273.7,1305.45,14562976,18710366859,-2.432111532
01-07-2008,RELIANCE,2110,2149,2026.35,2044.15,2095.15,5926354,12286836795,-2.434193256
30-01-2020,RELIANCE,1479,1479.7,1440,1443.75,1479.85,10241756,14875116667,-2.439436429
09-05-1996,RELIANCE,245.25,250.4,242.5,243.85,249.95,21757350,5353639538,-2.440488098
08-12-2006,RELIANCE,1305,1305,1265,1269.15,1301,2917691,3736554984,-2.448116833
22-03-2019,RELIANCE,1372.5,1380.9,1336.7,1341.75,1375.45,11465112,15582694375,-2.450107238
22-03-2019,RELIANCE,1372.5,1380.9,1336.7,1341.75,1375.45,11465112,15582694375,-2.450107238
20-03-1995,RELIANCE,255,267.25,255,260.4,266.95,432800,113267077.5,-2.453643004
15-12-1998,RELIANCE,117.5,118.45,115.25,115.25,118.15,9873600,1153696765,-2.454506983
08-06-2015,RELIANCE,906.8,910,883.1,885.45,907.75,2479431,2217671990,-2.45662352
04-10-2002,RELIANCE,241.1,241.85,235.05,236.15,242.1,3961069,942697862.5,-2.457662123
12-10-2007,RELIANCE,2632.5,2724.7,2541.85,2565.75,2630.55,9947936,26293513145,-2.463363175
04-12-2007,RELIANCE,2950,2965.6,2850.2,2862.5,2934.9,2637250,7624062431,-2.466864288
05-02-1999,RELIANCE,125.6,126.3,122.3,122.5,125.6,4110200,508855717.5,-2.468152866
06-02-2008,RELIANCE,2559.9,2570,2501.3,2552.5,2617.1,2201762,5601353351,-2.468381032
19-09-2001,RELIANCE,260,261.5,243.15,246.9,253.15,3856295,969011582.5,-2.468891961
22-02-2008,RELIANCE,2442.3,2480,2415,2434.45,2496.3,1982606,4844619850,-2.477666947
16-09-2022,RELIANCE,2543.75,2553,2491,2499.2,2562.7,9330469,23414892724,-2.477855387
26-06-1998,RELIANCE,147,148,142.2,143.65,147.3,4517200,654469372.5,-2.477936185
10-05-2004,RELIANCE,529.7,529.7,515.2,519.2,532.4,6391917,3317789443,-2.479338843
23-02-2015,RELIANCE,869.95,876.75,847.1,851.45,873.1,3224043,2775839050,-2.479670141
30-07-2019,RELIANCE,1213.95,1220,1175.95,1180.9,1210.95,9533344,11432780839,-2.481522771
20-08-2004,RELIANCE,475.55,476.1,462.5,463.4,475.2,5197629,2428859626,-2.483164983
19-09-2000,RELIANCE,344.2,351.95,334,337.6,346.2,4866225,1665473469,-2.484113229
26-07-2000,RELIANCE,339,339,324,325.6,333.9,3880880,1282830281,-2.485774184
16-01-1997,RELIANCE,264.65,264.65,237.5,241.15,247.3,15216500,3828420458,-2.486858067
24-11-2004,RELIANCE,530,530,509.7,515.15,528.3,8224503,4271499602,-2.489116033
31-08-2001,RELIANCE,318.4,319,309.55,311.15,319.1,2813082,883936651.7,-2.491382012
03-10-2011,RELIANCE,791.2,799.9,784.1,788.2,808.35,4825259,3817403067,-2.492732109
05-03-2001,RELIANCE,420.5,425,402.5,408.65,419.1,9439887,3896881864,-2.49343832
31-10-2011,RELIANCE,898,899.3,872.55,877.55,900,3628082,3213686275,-2.494444444
08-10-1999,RELIANCE,249.7,251,240.5,241.95,248.15,12971082,3174345812,-2.498488817
08-10-1999,RELIANCE,249.7,251,240.5,241.95,248.15,12971082,3174345812,-2.498488817
25-11-2011,RELIANCE,769.7,771.25,751,753.8,773.15,3699725,2816712589,-2.502748496
21-12-2018,RELIANCE,1125,1131.25,1096,1100.2,1128.45,8281941,9188808281,-2.503433914
05-08-2011,RELIANCE,799.5,799.5,779,792,812.35,5994097,4734088696,-2.505077861
10-11-2000,RELIANCE,318.45,319.75,310.25,311.15,319.15,3515717,1106061922,-2.506658311
18-02-1997,RELIANCE,275.5,275.5,266.25,268.25,275.15,8953500,2422547690,-2.50772306
16-10-2000,RELIANCE,321,334.4,305.25,310.3,318.3,4859355,1545152611,-2.513352183
03-09-1996,RELIANCE,213.45,214.9,206.1,207.35,212.7,9857900,2067940075,-2.515279737
25-09-2003,RELIANCE,428,432.5,416,418.2,429,10013123,4223382870,-2.517482517
23-06-1999,RELIANCE,188.1,188.4,180.4,181.75,186.45,11277795,2067411217,-2.520783052
03-07-1995,RELIANCE,262.25,262.25,256.25,257.05,263.7,523750,135731807.5,-2.521805082
11-03-1998,RELIANCE,178.15,179.8,169.65,172,176.45,14177400,2478907370,-2.521960895
13-04-2020,RELIANCE,1203.95,1215,1180,1189.15,1219.95,10822871,12896993488,-2.524693635
03-06-2004,RELIANCE,446,452.2,423.1,428.35,439.45,7208695,3170831643,-2.525884629
01-08-2013,RELIANCE,875.15,882.85,844.85,850,872.05,2530722,2172561066,-2.528524741
04-02-2011,RELIANCE,947.4,947.4,913.15,920,943.9,4735179,4390253871,-2.532047886
21-06-2012,RELIANCE,734,734,710.4,718.7,737.4,5168092,3705127671,-2.535937076
22-01-2015,RELIANCE,905.15,907.2,879.5,883.75,906.75,5422365,4817156239,-2.536531569
10-12-2004,RELIANCE,513,513,495.65,499.2,512.2,9490211,4764012342,-2.538071066
26-06-2018,RELIANCE,1006,1006,975.25,978.95,1004.45,8068585,7961465287,-2.538702773
27-06-2008,RELIANCE,2176,2248,2135.25,2182.65,2239.55,6517499,14226627223,-2.540688978
26-07-2002,RELIANCE,251.9,251.9,243.9,245.4,251.8,2916772,720950047.7,-2.541699762
03-09-2003,RELIANCE,416.15,418.9,406.05,407.95,418.6,5528319,2285580529,-2.544194935
26-09-2022,RELIANCE,2394.05,2417.8,2375.15,2377.35,2439.5,5759298,13776401754,-2.547653208
13-09-2001,RELIANCE,300,303,288.05,290.3,297.9,1442511,422521796.5,-2.551191675
27-09-2017,RELIANCE,825.6,825.7,795.5,799.15,820.1,8434196,6796763903,-2.554566516
09-01-1998,RELIANCE,167.15,167.15,163.05,164,168.3,7447850,1225601983,-2.554961378
27-07-2004,RELIANCE,480,483,462.5,465.1,477.3,15580635,7387050821,-2.556044417
18-06-1996,RELIANCE,241,241,233.1,235.95,242.15,6824650,1621403780,-2.560396448
05-03-2018,RELIANCE,943,950.15,921.6,924.1,948.4,5634893,5253681530,-2.562210038
24-10-2002,RELIANCE,235,237,229.1,229.9,235.95,2871456,666398040.9,-2.564102564
26-12-2008,RELIANCE,1250,1275,1204,1210.15,1242,3172515,3939717256,-2.564412238
26-12-2008,RELIANCE,1250,1275,1204,1210.15,1242,3172515,3939717256,-2.564412238
10-01-1996,RELIANCE,185,189.45,183,183.85,188.7,9875700,1839211260,-2.570217276
31-08-2018,RELIANCE,1270,1270,1236.6,1241.65,1274.45,15305857,19088657884,-2.573659226
14-08-2008,RELIANCE,2336,2345,2261.35,2276.7,2336.85,2397678,5520401257,-2.573977791
03-08-1998,RELIANCE,135.05,135.05,131.85,132.45,135.95,2222350,294948275,-2.57447591
31-03-2003,RELIANCE,281.1,282.8,275.6,278.1,285.45,3356489,938806048.3,-2.574881766
16-01-2012,RELIANCE,729.95,729.95,711,712.95,731.8,4067488,2917101481,-2.575840394
08-01-1998,RELIANCE,172.2,172.7,167.25,168.3,172.75,8055750,1371497578,-2.575976845
17-05-2011,RELIANCE,945.65,946.8,917.25,920.65,945,3973699,3679659540,-2.576719577
20-04-2016,RELIANCE,1069.2,1069.2,1035.8,1037.3,1064.75,4957497,5179668393,-2.578069969
26-06-2006,RELIANCE,1015,1023.8,977.5,981.2,1007.2,7047164,7063658394,-2.58141382
30-11-2017,RELIANCE,941.45,941.45,919.5,921.55,946,9434893,8733894422,-2.584566596
05-07-2011,RELIANCE,869.3,869.3,844,845.95,868.4,7727430,6593902628,-2.585214187
05-07-2018,RELIANCE,997,1008.4,958.6,964.5,990.1,18719353,18499398246,-2.585597414
01-02-2011,RELIANCE,925.1,927.7,888.55,895.5,919.3,8663045,7823621274,-2.588926357
23-09-2014,RELIANCE,991.7,995.45,963.05,965.85,991.55,4044643,3952365217,-2.591901568
02-11-2016,RELIANCE,1041,1042.85,1021,1023.75,1051,1609225,1657027215,-2.592768792
15-09-2000,RELIANCE,376,377.15,363.15,365.95,375.7,3798828,1409574069,-2.595155709
17-05-2010,RELIANCE,1034.7,1034.7,1009,1016.55,1043.65,4711513,4783813890,-2.596655967
01-11-1996,RELIANCE,203.45,216,195.45,196.75,202,6304450,1258309283,-2.599009901
21-12-2020,RELIANCE,2010,2022,1855.25,1939.7,1991.55,20368545,40264899448,-2.603499787
27-11-1995,RELIANCE,226,226.8,218.1,218.65,224.5,4661200,1032174678,-2.605790646
05-06-2008,RELIANCE,2350,2350,2175,2246.8,2307,7716138,17316518056,-2.609449502
29-08-1997,RELIANCE,338.1,338.9,327.9,330.3,339.15,10520650,3504778318,-2.609464839
29-08-1997,RELIANCE,338.1,338.9,327.9,330.3,339.15,10520650,3504778318,-2.609464839
14-02-2013,RELIANCE,880,883.45,851,856.05,879,2808132,2437807681,-2.610921502
11-05-2000,RELIANCE,324.05,324.05,314,316.75,325.25,6428965,2048256590,-2.613374327
19-04-2002,RELIANCE,292.55,299,282.25,284.7,292.35,1922269,554269190.2,-2.616726526
18-07-2006,RELIANCE,1033,1040,989.1,1004.4,1031.4,6374130,6415270325,-2.617801047
07-12-2004,RELIANCE,535.1,535.1,511.5,517.05,530.95,7591960,3951855061,-2.617948959
23-08-2004,RELIANCE,464,465.7,448.5,451.25,463.4,8081472,3670833408,-2.621924903
10-08-2016,RELIANCE,1031.25,1034.55,1002,1003.65,1030.7,3079463,3116960499,-2.624429999
24-12-1999,RELIANCE,230,231.9,225.25,226.25,232.35,3001393,683159248.8,-2.625349688
14-05-2010,RELIANCE,1067.7,1071,1035,1043.65,1071.8,4151458,4382752712,-2.62642284
12-12-2014,RELIANCE,907,911,879.35,882.35,906.15,4085890,3651453834,-2.626496717
06-03-2012,RELIANCE,797,809,774,776.55,797.5,8029991,6317623262,-2.626959248
09-04-2003,RELIANCE,293.15,294.9,287.5,288.35,296.15,3180773,920688744,-2.633800439
06-01-2021,RELIANCE,1965.9,1966,1905.15,1914.25,1966.1,21414270,41290368153,-2.637200549
18-12-2009,RELIANCE,1035,1035,1005,1007.65,1034.95,5025388,5112776990,-2.63780859
30-07-1996,RELIANCE,209.1,210,201.6,206.6,212.2,14707450,3028882215,-2.639019793
17-12-2021,RELIANCE,2398.05,2408,2320,2340.45,2403.9,9714489,22797150334,-2.639460876
04-05-2007,RELIANCE,1630.25,1636,1577.1,1583.15,1626.15,3685098,5876420111,-2.644282508
31-12-1998,RELIANCE,122.8,122.8,119.6,119.6,122.85,5269850,640067800,-2.645502646
27-06-1997,RELIANCE,376.8,378.5,368.5,369.65,379.7,14258200,5324568200,-2.646826442
17-05-2005,RELIANCE,542,543.7,524.95,525.95,540.25,3605609,1918152116,-2.646922721
06-01-2025,RELIANCE,1253.95,1262,1215,1218,1251.15,14816766,18308652264,-2.649562403
15-04-1999,RELIANCE,116.05,118.65,116.05,117.3,120.5,2737749,321980447.5,-2.65560166
09-12-2015,RELIANCE,936.2,943.45,912.85,915.9,940.9,2097118,1939255721,-2.657030503
19-05-2006,RELIANCE,1010,1060,961.5,978.1,1004.8,13997755,14037967914,-2.657245223
23-05-2008,RELIANCE,2630,2640,2550,2556.2,2626.05,2063402,5349600912,-2.659888426
14-10-2003,RELIANCE,485,487.9,465.15,468.25,481.05,6071066,2892677384,-2.660846066
30-12-2011,RELIANCE,713,720.55,689,692.95,711.9,6662330,4684037272,-2.661890715
23-01-2012,RELIANCE,755.3,779.75,755.2,771.55,792.65,6457585,4969742299,-2.661956727
28-09-2022,RELIANCE,2360.35,2378,2327.1,2332.45,2396.25,7844140,18461791856,-2.662493479
17-09-2008,RELIANCE,1960,1960,1848.5,1876.65,1928.05,4034391,7611086037,-2.665905967
08-12-2003,RELIANCE,489.15,494.25,477.35,479.9,493.05,8118846,3923739326,-2.667072305
17-12-2008,RELIANCE,1390,1407,1330.1,1351.4,1388.5,8838463,11988031287,-2.671948145
02-07-2001,RELIANCE,370.8,395,352.3,358.65,368.5,1007720,369905499.2,-2.672998643
17-06-2019,RELIANCE,1320,1320,1278.5,1282.3,1317.55,6815554,8805027721,-2.675420288
27-04-2001,RELIANCE,351,351,332.6,345.35,354.85,5167914,1760881632,-2.677187544
22-03-2005,RELIANCE,559.1,560.6,541.1,544.7,559.7,4768019,2635027713,-2.680007147
22-03-2005,RELIANCE,559.1,560.6,541.1,544.7,559.7,4768019,2635027713,-2.680007147
04-03-2002,RELIANCE,334,340,312,313.65,322.3,11341344,3659710148,-2.683834936
28-06-2017,RELIANCE,1439.95,1439.95,1395.55,1398.5,1437.15,3558538,5012497440,-2.689350451
17-10-2000,RELIANCE,305.15,311.7,297.25,301.95,310.3,5873954,1782977526,-2.690944248
21-11-2011,RELIANCE,800,800,781.5,786.35,808.1,4049501,3190357678,-2.691498577
15-04-2010,RELIANCE,1125,1134.9,1087.05,1090.7,1120.9,5551581,6155144636,-2.694263538
20-12-2021,RELIANCE,2317.85,2317.85,2247.1,2277.35,2340.45,6611376,15058513386,-2.696062723
20-09-2012,RELIANCE,840.7,848.3,828.25,832.5,855.6,3499635,2936515523,-2.699859748
26-07-1999,RELIANCE,177.45,177.5,171.75,172.85,177.65,4580766,796983487.3,-2.701942021
08-10-2015,RELIANCE,914.9,914.9,886.25,889.1,913.8,2457989,2212130070,-2.702998468
08-10-2015,RELIANCE,914.9,914.9,886.25,889.1,913.8,2457989,2212130070,-2.702998468
21-11-2007,RELIANCE,2770,2797.9,2690,2709.5,2784.85,4566625,12517273830,-2.705711259
14-11-2003,RELIANCE,471.25,475,462.2,464.9,477.85,5850660,2746031863,-2.710055457
28-04-2009,RELIANCE,1781,1792,1731,1737.15,1785.55,4024229,7097671397,-2.71064938
28-01-1999,RELIANCE,135.5,137,132.5,132.55,136.25,4774750,645015207.5,-2.71559633
04-03-2008,RELIANCE,2320,2338,2210,2243.2,2306,4554609,10356995642,-2.723330442
10-08-1998,RELIANCE,129.75,129.75,126.45,126.65,130.2,4096200,523063297.5,-2.726574501
04-11-2024,RELIANCE,1337.85,1340,1285.1,1302.15,1338.65,19796890,25764450097,-2.726627573
06-12-2018,RELIANCE,1149,1149,1118.25,1123.65,1155.15,5866108,6664920879,-2.726918582
25-03-2021,RELIANCE,2054,2054,1985,1991.45,2047.3,10153757,20421743790,-2.727983197
28-07-2011,RELIANCE,855,855,833.4,837.35,860.85,7154511,6007149852,-2.729860022
26-02-2021,RELIANCE,2117,2133.9,2070.7,2085.8,2144.35,17297575,36267601929,-2.730431133
04-09-2008,RELIANCE,2250,2250,2132,2152.25,2212.75,2663348,5750378319,-2.734154333
23-11-2011,RELIANCE,789.9,789.9,755.8,773.4,795.2,5419769,4179922388,-2.741448692
18-05-2000,RELIANCE,318,319.75,307.1,310.1,318.85,5382755,1686168762,-2.744237102
22-09-2000,RELIANCE,347,347,335.95,338.35,347.9,4212265,1436934841,-2.745041679
29-02-2008,RELIANCE,2552,2552,2410,2463.45,2533.25,3336910,8237402943,-2.755353795
12-05-1997,RELIANCE,301,301.75,292.1,292.9,301.2,9763950,2893385285,-2.75564409
19-12-2006,RELIANCE,1297.8,1297.8,1230,1253.55,1289.1,4225479,5313100896,-2.757737957
24-02-2020,RELIANCE,1469.75,1477,1439.55,1444.95,1485.95,9769743,14291004524,-2.75917763
16-01-2018,RELIANCE,947.7,947.7,920,922.95,949.15,4948895,4606622461,-2.760364537
20-02-2008,RELIANCE,2500.2,2550,2462,2484,2554.55,2207600,5519524561,-2.761738858
13-10-2000,RELIANCE,325.25,325.25,305.1,318.3,327.35,3820168,1221317508,-2.764625019
07-11-2017,RELIANCE,933.35,935,903.05,906.7,932.5,9347943,8511592121,-2.766756032
11-03-2002,RELIANCE,309.45,309.45,297.05,298.45,306.95,3978581,1199485519,-2.769180648
21-06-1996,RELIANCE,227.9,229.4,221.6,222.9,229.25,12605400,2839914540,-2.769901854
27-03-2017,RELIANCE,1271.1,1278.75,1247.2,1251.1,1286.75,7418122,9333736052,-2.770545949
18-01-1996,RELIANCE,174.05,176.9,171.8,173.65,178.6,13478000,2350867350,-2.771556551
16-11-1995,RELIANCE,244,244.5,232.55,235.5,242.25,7002700,1663428273,-2.786377709
12-12-2006,RELIANCE,1238,1259,1176.35,1205.4,1240,6878210,8401468511,-2.790322581
30-01-2024,RELIANCE,2919.9,2919.95,2808.85,2815.25,2896.1,7046989,20114536191,-2.79168537
10-09-2008,RELIANCE,2129.95,2134.7,2072,2082.65,2142.55,3817866,8014918747,-2.795734055
21-07-2006,RELIANCE,990,995,955.6,967.55,995.4,6653511,6446585628,-2.797870203
03-08-2020,RELIANCE,2051.3,2057,2003.1,2009,2067.1,21560137,43746668081,-2.810700982
13-11-2000,RELIANCE,310.05,310.05,301.15,302.4,311.15,2333597,709110219.9,-2.812148481
14-11-1995,RELIANCE,240,241.95,230.4,232.65,239.4,8284700,1945680175,-2.819548872
21-10-2003,RELIANCE,485,485,464.5,468.2,481.8,6892959,3290575110,-2.822748028
27-01-2014,RELIANCE,856,860.8,840.35,843.15,867.65,2822051,2400797631,-2.823719242
04-02-1999,RELIANCE,129.45,130,125,125.6,129.25,4712100,603331342.5,-2.823984526
02-02-2016,RELIANCE,1030.3,1032.8,990.5,1001.15,1030.3,3376466,3423672334,-2.829273027
12-05-1998,RELIANCE,190.4,190.4,182.35,185.35,190.75,7050950,1310277090,-2.830930537
11-12-2014,RELIANCE,929,929,903.35,906.15,932.55,5170702,4721769605,-2.830947402
30-10-2018,RELIANCE,1085.5,1085.5,1052.1,1057,1087.8,8806701,9381128112,-2.831402831
20-09-2001,RELIANCE,241.9,245.5,231.8,239.9,246.9,4366253,1040678723,-2.835155934
22-09-1997,RELIANCE,346.3,346.3,336.1,337.2,347.05,6093950,2067767490,-2.838207751
18-09-2003,RELIANCE,409,409,392.65,395.35,406.9,8725249,3481906469,-2.838535267
21-08-2007,RELIANCE,1800,1812.7,1735.3,1746.85,1798,3838397,6803196903,-2.844827586
22-09-2017,RELIANCE,839.9,839.9,813.2,817.4,841.35,5620443,4635015514,-2.846615558
19-08-2009,RELIANCE,1940,1949.9,1871,1885.85,1941.2,3331420,6333963414,-2.851329075
17-08-2001,RELIANCE,327,328.8,316.25,317.55,326.9,2705062,869205719.8,-2.860201897
08-10-2007,RELIANCE,2505,2532,2385.85,2421.2,2492.5,3736225,9106802179,-2.860581745
08-10-2007,RELIANCE,2505,2532,2385.85,2421.2,2492.5,3736225,9106802179,-2.860581745
10-03-2016,RELIANCE,1042.05,1045.9,1009,1011.75,1041.7,4733124,4820313423,-2.875107997
09-01-1996,RELIANCE,188.55,192,182.25,188.7,194.3,13880150,2583825650,-2.882141019
25-03-2014,RELIANCE,879,882.5,872.5,879.3,905.4,7154556,6286122267,-2.882703777
01-06-2012,RELIANCE,707.35,709.45,678.05,685.25,705.6,4096569,2840429302,-2.884070295
21-10-2021,RELIANCE,2727.4,2728,2603.2,2622.5,2700.4,9613812,25408416389,-2.884757814
16-02-2012,RELIANCE,831,831,804.7,812.45,836.65,6342577,5164961310,-2.892487898
15-04-2005,RELIANCE,543.9,543.9,526.05,529.75,545.55,3912912,2085353090,-2.896159839
14-07-2004,RELIANCE,433.1,433.1,416.7,418,430.5,6852963,2895564918,-2.903600465
29-04-2005,RELIANCE,550.2,550.2,525.1,528.05,543.85,3762517,2005301753,-2.905212834
01-09-2016,RELIANCE,1053,1072.75,1025.7,1029.2,1060,9742454,10234626989,-2.905660377
26-11-1998,RELIANCE,116,118.2,113.15,113.45,116.85,8947100,1038699275,-2.909713308
01-11-2002,RELIANCE,265.8,267.7,251.75,257.75,265.5,22687604,5840150161,-2.919020716
25-09-2013,RELIANCE,872.4,874.9,842.2,849.05,874.6,3993925,3402265773,-2.921335468
22-04-2019,RELIANCE,1360,1367,1341.3,1345.35,1385.95,10792748,14611422111,-2.929398607
13-03-2024,RELIANCE,2959.55,2966.2,2855.55,2864.35,2950.85,6761067,19539320817,-2.931358761
24-10-1995,RELIANCE,255.75,256,247.05,248.25,255.75,1729600,436033107.5,-2.93255132
23-12-2022,RELIANCE,2563.3,2590.5,2492.25,2502.2,2577.8,4733657,12023588105,-2.932733339
30-05-2001,RELIANCE,406,406.7,389.95,391.55,403.4,3905928,1559755367,-2.937530987
05-02-2002,RELIANCE,298,302,292.1,293.9,302.8,3275195,970922085.6,-2.939233818
01-09-2022,RELIANCE,2582.65,2604.95,2550.7,2560.4,2637.95,9188434,23707362825,-2.939782786
27-05-1996,RELIANCE,241,241,235.5,235.9,243.05,13776550,3279566928,-2.941781526
28-06-2005,RELIANCE,670,670,627.15,629.55,648.65,10011559,6407075334,-2.944577199
14-10-1996,RELIANCE,193.25,194,188.55,189.35,195.1,5772250,1103074278,-2.947206561
20-04-2001,RELIANCE,369.9,374.9,353.1,358.85,369.75,5761492,2084359961,-2.947937796
13-04-1998,RELIANCE,192.1,192.2,188.45,189.2,194.95,8805100,1672799170,-2.949474224
24-05-2006,RELIANCE,972,972,865,938.55,967.1,11456992,10819763051,-2.95212491
24-06-2016,RELIANCE,964.9,964.9,933.4,951.45,980.45,5711173,5409346859,-2.957825488
11-04-2000,RELIANCE,358,359,346.5,353.75,364.55,9759550,3448798442,-2.962556577
15-10-1998,RELIANCE,108.1,108.9,105.8,106.4,109.65,5988350,642465010,-2.963976288
20-12-2011,RELIANCE,741.7,741.7,709.2,713.45,735.3,5550563,4018786162,-2.971576227
10-04-1997,RELIANCE,270.5,271.75,256.25,266.1,274.25,12283450,3275101805,-2.971741112
22-03-2004,RELIANCE,509.1,522.95,505.55,507.7,523.25,6435462,3307284535,-2.971810798
09-12-2011,RELIANCE,769.9,769.9,752.7,755.7,778.85,5044876,3834835073,-2.972331001
09-04-1999,RELIANCE,124.1,124.7,119.5,120.6,124.3,3290369,401950514.4,-2.976669348
25-10-2002,RELIANCE,229.5,230.9,221.55,223.05,229.9,4726002,1062412663,-2.979556329
14-06-1999,RELIANCE,179.9,196.15,170.3,177.2,182.65,9126168,1600511667,-2.983848891
19-06-1996,RELIANCE,236,237,227.05,228.9,235.95,8541550,1978919773,-2.98792117
07-05-2019,RELIANCE,1394.8,1395,1340.2,1343.5,1384.9,8877095,12087393002,-2.989385515
01-04-2020,RELIANCE,1122.25,1124.6,1045.2,1080.45,1113.75,19017099,20402365414,-2.98989899
16-07-2002,RELIANCE,266,267.3,256.1,257.9,265.85,2256701,589581316.7,-2.990408125
29-03-2005,RELIANCE,567,567.9,545.1,549.15,566.1,4771867,2650555619,-2.994170641
01-08-2014,RELIANCE,995,999,975,976.3,1006.45,3617603,3572686943,-2.995677878
10-01-2011,RELIANCE,1065.4,1070.45,1021.2,1033.45,1065.4,4223855,4438055335,-2.998873662
31-10-1996,RELIANCE,204.55,204.55,199.6,202,208.25,6246600,1259625603,-3.00120048
25-04-2011,RELIANCE,1014,1021,1005.15,1009.35,1040.6,4146270,4198421247,-3.003075149
03-12-2021,RELIANCE,2498.4,2498.5,2400,2408.25,2482.85,8871172,21611045769,-3.004611636
31-01-2000,RELIANCE,334.45,336,326.55,328.15,338.35,10191331,3378008239,-3.014629821
26-12-2000,RELIANCE,337.05,341.9,326.55,328,338.2,3814774,1261711894,-3.015966884
26-12-2000,RELIANCE,337.05,341.9,326.55,328,338.2,3814774,1261711894,-3.015966884
14-11-1994,RELIANCE,373,373,358,361.5,372.75,30450,11131575,-3.018108652
01-06-2006,RELIANCE,965,965,925,925.35,954.15,8935806,8363105396,-3.018393334
10-06-2022,RELIANCE,2771.9,2789.9,2701.5,2714.25,2798.75,8349943,22878943836,-3.019205002
10-06-2022,RELIANCE,2771.9,2789.9,2701.5,2714.25,2798.75,8349943,22878943836,-3.019205002
18-10-2001,RELIANCE,279.7,280.5,274.1,275.95,284.55,3020937,835287309.7,-3.022315937
08-11-2006,RELIANCE,1291.3,1294.7,1241.35,1252.25,1291.3,4882281,6163028885,-3.024084256
01-12-2014,RELIANCE,989,991.95,958.55,961.6,991.6,3973275,3859546185,-3.025413473
12-10-1998,RELIANCE,111.5,113.1,106.2,107.2,110.55,7449250,813845995,-3.03030303
31-08-2010,RELIANCE,944.65,949.95,915,919.2,947.95,10653128,9837173019,-3.032860383
22-05-1995,RELIANCE,265,271.75,265,266.95,275.3,1090250,292990507.5,-3.033054849
30-10-2001,RELIANCE,256,257.7,251.15,252.55,260.45,2477835,630145099.8,-3.033211749
22-08-1997,RELIANCE,358.5,360,347.5,348.25,359.15,9703450,3418636198,-3.034943617
22-06-2022,RELIANCE,2558.1,2558.3,2501,2505.6,2584.1,4899839,12368075581,-3.037808134
23-06-2003,RELIANCE,334.45,334.45,324.1,325.25,335.45,4437953,1456946686,-3.040691608
12-05-2015,RELIANCE,894.9,894.9,865.15,868.7,895.95,3805956,3322349492,-3.041464367
30-06-2009,RELIANCE,2100,2109.3,2010.6,2023.4,2087,2981288,6103027138,-3.047436512
04-02-1998,RELIANCE,159.5,159.85,153.35,154.3,159.15,5461200,859106245,-3.047439522
16-03-2012,RELIANCE,780,797.7,767.35,772.35,796.65,5753096,4502699888,-3.050273018
11-03-1999,RELIANCE,144.1,145,139.6,139.6,144,4957550,704600100,-3.055555556
18-06-1998,RELIANCE,155.5,158.5,148,148.9,153.6,5836300,894526445,-3.059895833
28-07-2010,RELIANCE,1063,1073.65,1018,1021.25,1053.5,12098248,12531950535,-3.06122449
06-03-2020,RELIANCE,1270,1288.15,1241.1,1271,1311.15,15422068,19610974599,-3.062197308
14-06-2001,RELIANCE,373.85,378.3,362.1,363.9,375.4,4651293,1720778638,-3.063399041
27-09-1996,RELIANCE,193.95,193.95,187.15,188.15,194.1,9216800,1746775990,-3.065430191
30-06-2004,RELIANCE,444.2,446.25,428,429.65,443.25,8869472,3865082739,-3.068245911
07-12-2009,RELIANCE,1088,1094.1,1050,1055,1088.4,4725251,5048944381,-3.068724734
01-06-2001,RELIANCE,393.25,394.25,378.1,380.25,392.3,3076039,1184820980,-3.071628855
05-12-2003,RELIANCE,510,512,491.2,493.05,508.7,5893629,2960009640,-3.076469432
20-01-2020,RELIANCE,1609,1609,1526.4,1532.35,1581,14878868,23179100842,-3.07716635
11-07-2014,RELIANCE,995.2,1002,963.65,966.5,997.2,4065087,3977414598,-3.078620136
11-02-1998,RELIANCE,156.4,157,150.95,152.5,157.35,4148800,635452762.5,-3.082300604
14-02-2000,RELIANCE,359,360.9,350,352.1,363.3,5127399,1822309826,-3.082851638
26-09-2008,RELIANCE,2018,2035,1956.2,1963.2,2025.7,3470456,6921131488,-3.085353211
21-07-2023,RELIANCE,2609,2614.9,2523.6,2538.75,2619.85,15124619,38565157004,-3.095597076
06-06-2007,RELIANCE,1751,1758,1682.3,1691.3,1745.4,2727682,4659010375,-3.099576028
13-11-1997,RELIANCE,168.2,168.5,161.75,164,169.25,10998650,1810118075,-3.101920236
30-10-1997,RELIANCE,372.05,372.05,357.6,362.5,374.15,6093100,2215199205,-3.113724442
20-02-2009,RELIANCE,1256.05,1283,1241.55,1253.4,1293.75,3677545,4620929166,-3.11884058
15-03-2004,RELIANCE,567.05,569.8,540,545.05,562.6,6624011,3655615106,-3.119445432
01-10-2002,RELIANCE,256.1,257.5,249.05,250,258.05,2075680,523701926.3,-3.119550475
14-03-2007,RELIANCE,1309,1309,1261.25,1285.35,1326.75,2687015,3467210479,-3.12040701
04-05-2022,RELIANCE,2785,2790,2676.3,2693.65,2780.45,8882792,24232482662,-3.121796831
04-10-1999,RELIANCE,239,239.1,229.65,230.9,238.35,7581273,1773154772,-3.125655549
04-04-2008,RELIANCE,2385,2414.9,2311.7,2321.15,2396.05,2486271,5866176587,-3.125978172
30-01-2012,RELIANCE,813.9,818.85,792.2,794.75,820.4,4829091,3881748892,-3.126523647
01-02-1999,RELIANCE,131.5,132.75,128.5,128.5,132.65,3307750,433136230,-3.128533735
08-07-2014,RELIANCE,1026,1034.5,990,995.05,1027.2,3996724,4040109596,-3.129867601
22-03-1999,RELIANCE,131.1,132,126.7,128.4,132.55,3780200,488313717.5,-3.130894002
22-03-1999,RELIANCE,131.1,132,126.7,128.4,132.55,3780200,488313717.5,-3.130894002
09-09-2011,RELIANCE,852.15,858.55,823.7,825.75,852.45,6757863,5658304619,-3.132148513
02-09-1999,RELIANCE,187.25,187.25,183,183.75,189.7,4383112,811226197.5,-3.136531365
20-05-1996,RELIANCE,247,247.4,241.6,242.35,250.2,11643300,2847442560,-3.137490008
17-01-2008,RELIANCE,3159,3159,2976.15,2996.55,3093.65,4791289,14620552286,-3.138687311
28-10-1999,RELIANCE,252,252,241.6,243.45,251.35,5438871,1340026105,-3.143027651
16-10-2014,RELIANCE,951.65,956.9,928,931,961.25,4347008,4094582487,-3.146944083
20-07-2001,RELIANCE,326,326.1,310.5,313.9,324.1,1828817,582117510.5,-3.147176797
20-07-2001,RELIANCE,326,326.1,310.5,313.9,324.1,1828817,582117510.5,-3.147176797
28-01-2011,RELIANCE,945,945.9,902,913,942.7,7738844,7117693887,-3.150525088
24-02-2011,RELIANCE,996,998.6,958.35,964.2,995.65,7521221,7306581295,-3.158740521
03-10-2002,RELIANCE,249,249.5,240.5,242.1,250,4891437,1189042341,-3.16
11-06-2015,RELIANCE,906,909.5,873.65,877.15,905.8,3354787,2970911078,-3.162949879
15-01-2004,RELIANCE,603.5,605.9,574.6,578.1,597,6724119,3962947220,-3.165829146
15-01-2009,RELIANCE,1141.8,1159.95,1107.5,1142.35,1179.75,6273731,7121081527,-3.17016317
22-04-1996,RELIANCE,248,248.5,236.5,237.75,245.55,20631250,4971954103,-3.176542456
02-03-2009,RELIANCE,1228.7,1263.7,1215,1225.65,1266.05,4937991,6111476670,-3.191027211
02-12-2008,RELIANCE,1070,1083.7,1025,1073.95,1109.4,7197583,7635523415,-3.195420948
26-03-2013,RELIANCE,802.5,805,780,783.35,809.25,4449515,3516586806,-3.200494285
30-07-2013,RELIANCE,887.05,892,853.9,857.35,885.7,2604256,2271920297,-3.200858078
22-01-2004,RELIANCE,553,574.9,527.25,535.25,552.95,10218853,5647159609,-3.20101275
16-02-1995,RELIANCE,265,265.9,255.5,256.45,264.95,202000,52235665,-3.208152482
20-02-2015,RELIANCE,895.25,896,871.3,873.1,902.05,4278437,3751837334,-3.209356466
21-07-2025,RELIANCE,1465,1476,1423.1,1428.6,1476,22442744,32210751694,-3.211382114
26-10-1995,RELIANCE,250.45,252.5,240.2,242.4,250.45,2964250,725608732.5,-3.214214414
05-01-1995,RELIANCE,332,333,320.25,321.3,332,59200,19280345,-3.222891566
26-11-2021,RELIANCE,2467.8,2477.6,2401.5,2412.6,2492.95,7274686,17701896486,-3.223089111
15-07-2008,RELIANCE,2005,2046.8,1968,1977.4,2043.45,4765338,9563339473,-3.232278744
26-09-2007,RELIANCE,2399,2415,2315,2321.95,2399.6,3935791,9257255276,-3.235955993
07-04-2025,RELIANCE,1132.2,1171.25,1114.85,1165.7,1204.7,22156106,25491501839,-3.237320495
12-09-2008,RELIANCE,2028.95,2040,1919.7,1932.65,1997.4,6817991,13391088074,-3.241714228
28-05-1996,RELIANCE,231,231,225.55,228.25,235.9,19477700,4448748283,-3.242899534
30-09-2024,RELIANCE,3038.8,3049.95,2948.8,2953.15,3052.35,13504407,40208625079,-3.249954953
17-01-2017,RELIANCE,1065,1068,1038.5,1041.25,1076.25,8968290,9409827087,-3.25203252
24-10-2001,RELIANCE,278,278,264.6,265.95,274.9,3420857,918972531.1,-3.255729356
08-02-1999,RELIANCE,122,123,118.35,118.5,122.5,3490500,422314735,-3.265306122
22-02-2000,RELIANCE,346,347,332.5,334.35,345.65,7192242,2435270613,-3.269202951
08-05-2019,RELIANCE,1340,1340,1292.2,1299.45,1343.5,14610543,19185103692,-3.278749535
15-03-1996,RELIANCE,225.95,226.65,218,219.7,227.15,22223150,4958132053,-3.279771076
21-03-1995,RELIANCE,254,261.4,250,251.85,260.4,738400,189214905,-3.283410138
29-10-1999,RELIANCE,243,243.9,233.35,235.45,243.45,7814649,1858511097,-3.286095708
27-01-2003,RELIANCE,282.25,284.9,270.4,273.35,282.65,4880373,1343040351,-3.290288342
25-08-1999,RELIANCE,189.4,189.4,172.1,179.15,185.25,5697558,1046004090,-3.292847503
02-02-2009,RELIANCE,1290,1352.8,1273.55,1280,1323.6,5365466,6978096779,-3.29404654
30-03-2020,RELIANCE,1040.6,1074.8,1020,1030.45,1065.6,13820286,14430304003,-3.298611111
25-07-2022,RELIANCE,2467.45,2467.45,2403,2420.4,2503.1,10665470,25838870737,-3.30390316
05-06-1998,RELIANCE,162.15,162.9,156.4,158,163.4,8024500,1284942948,-3.304773562
15-04-2020,RELIANCE,1197.05,1236,1143,1149.85,1189.15,16147959,19243981631,-3.304881638
09-05-2019,RELIANCE,1288.8,1288.8,1251.75,1256.45,1299.45,19507368,24678759802,-3.309092308
30-04-2018,RELIANCE,982,992.6,960,963.3,996.3,8871802,8600270171,-3.312255345
06-02-1995,RELIANCE,280,281,266.5,269.8,279.05,276000,75077712.5,-3.314818133
05-09-2008,RELIANCE,2105,2105,2065,2080.9,2152.25,3225044,6715457211,-3.315135323
07-07-2008,RELIANCE,2090.05,2120,1997,2028.2,2097.9,3720988,7724910489,-3.322369989
21-07-1998,RELIANCE,146.2,147.35,140.5,141.05,145.9,5688900,815908900,-3.324194654
26-04-2013,RELIANCE,813,825,789.7,792.4,819.65,4766434,3831969323,-3.324589764
31-08-2009,RELIANCE,2064,2064,1995,2005.1,2074.1,3604830,7288767849,-3.32674413
10-06-1998,RELIANCE,155.5,156,149,149.65,154.8,6845850,1038031415,-3.326873385
10-06-1998,RELIANCE,155.5,156,149,149.65,154.8,6845850,1038031415,-3.326873385
29-03-2000,RELIANCE,284.8,289.9,269,271.3,280.65,10277833,2862364748,-3.331551755
16-03-2001,RELIANCE,394,399.25,379.1,384,397.25,3203308,1252236483,-3.335431089
22-04-1999,RELIANCE,130.2,132.7,124,126,130.35,7910192,1014226313,-3.33716916
01-06-2010,RELIANCE,1043.3,1045,1004.1,1010.55,1045.6,4449630,4530707502,-3.352142311
08-08-2002,RELIANCE,241.75,242.7,231.35,233.15,241.25,3662096,865665740.7,-3.357512953
18-02-2010,RELIANCE,1030,1038.35,995,997.8,1032.55,4533745,4554288238,-3.365454457
19-11-2004,RELIANCE,535.5,543,523.25,527.35,545.75,8833904,4700286292,-3.3715071
11-08-2004,RELIANCE,497,498.8,477.55,479.95,496.7,7145766,3481033195,-3.372256896
03-09-2019,RELIANCE,1242.25,1243,1200,1206.4,1248.55,8563009,10465120848,-3.375916063
08-05-2000,RELIANCE,331,337,322.3,324,335.35,5891336,1935275535,-3.384523632
09-06-2008,RELIANCE,2182,2219.4,2111,2162.7,2238.5,5229890,11344078089,-3.386196113
09-06-2008,RELIANCE,2182,2219.4,2111,2162.7,2238.5,5229890,11344078089,-3.386196113
20-11-1996,RELIANCE,189.5,189.5,182.1,182.85,189.3,4153000,769190132.5,-3.407290016
11-06-1999,RELIANCE,189.2,189.45,181.65,182.65,189.1,10636389,1959999148,-3.410893707
30-10-2009,RELIANCE,2001.05,2035,1922,1931.15,1999.4,4981242,9756141318,-3.413524057
05-06-2006,RELIANCE,962,970.7,925.05,925.35,958.1,5848259,5529803994,-3.418223567
24-01-1996,RELIANCE,164.7,165.7,158,160.45,166.15,12538400,2023549143,-3.430634968
13-12-1999,RELIANCE,235.9,236.4,226.35,228,236.1,4295226,992461604,-3.430749682
24-01-2003,RELIANCE,293.4,293.4,281.25,282.65,292.7,4079518,1166191409,-3.43354971
27-04-2000,RELIANCE,360.8,366,338.3,345.65,357.95,29547592,10417265677,-3.436234111
22-09-2015,RELIANCE,880,884.9,844.5,847.9,878.1,3599162,3100216314,-3.439243822
03-07-2008,RELIANCE,2130,2130,2025.6,2070.1,2144,4915980,10155823185,-3.446828358
27-10-2003,RELIANCE,475,476,457.15,459,475.4,4982452,2320323701,-3.449726546
31-07-1995,RELIANCE,275,275,267,268,277.6,2223800,600663275,-3.458213256
05-08-2019,RELIANCE,1167,1167,1128,1143.35,1184.35,13897461,15896018245,-3.461814497
05-08-2024,RELIANCE,2960,2967.8,2866.5,2894.65,2998.65,8523352,24733128212,-3.468227369
22-02-2021,RELIANCE,2080,2089.9,1994.95,2008.1,2080.3,10985697,22376599862,-3.470653271
28-05-2002,RELIANCE,267.8,267.8,258.1,260,269.35,2367956,619927882.3,-3.471319844
15-09-2003,RELIANCE,419,419.8,401.65,404.55,419.15,8703494,3557918502,-3.48323989
16-07-2001,RELIANCE,338.9,342,330,332,344,1533243,515734272.4,-3.488372093
13-10-1998,RELIANCE,106.35,106.35,102.8,103.45,107.2,9672450,1011068915,-3.498134328
23-06-2008,RELIANCE,2080,2082.9,1982.35,2025.7,2099.2,5456421,11058870391,-3.501333841
22-07-2024,RELIANCE,3074.5,3075,2998.55,3001.35,3110.3,9837188,29671339998,-3.502877536
22-10-2018,RELIANCE,1110,1114.8,1057.35,1062.65,1101.3,13165542,14275380337,-3.509488786
20-05-2009,RELIANCE,2200,2252.7,2136.2,2152.45,2230.9,6746905,14723041020,-3.516517997
23-03-2001,RELIANCE,394,400.65,374.3,379.55,393.4,3543428,1364089831,-3.520589731
11-12-1995,RELIANCE,203.5,206.4,198.5,202.7,210.1,15357200,3108172713,-3.522132318
04-04-2025,RELIANCE,1241.1,1245.45,1193.15,1204.7,1248.7,17908652,21608977995,-3.523664611
14-07-1997,RELIANCE,356.1,358,344,346.1,358.75,11318000,3966019135,-3.526132404
17-07-2006,RELIANCE,1058,1068.4,1027.75,1031.4,1069.1,2941065,3083579809,-3.526330558
09-12-2010,RELIANCE,1024.55,1033.85,978.75,984.5,1020.55,7249786,7298419659,-3.532408995
12-11-1997,RELIANCE,174.95,176.4,168.55,169.25,175.45,10872250,1872850873,-3.533770305
15-10-2020,RELIANCE,2290,2290,2195,2206.5,2287.5,9246893,20722639247,-3.540983607
19-11-2010,RELIANCE,1036,1036,987.1,996.25,1032.95,5674916,5735852154,-3.552930926
22-09-2005,RELIANCE,784,784,750,754.45,782.25,8411554,6457869894,-3.553851071
26-05-1999,RELIANCE,171,173.25,160.55,163.95,170,14884612,2471402031,-3.558823529
20-01-1997,RELIANCE,244,244.5,233.3,234.95,243.65,7685850,1836577618,-3.57069567
11-06-2004,RELIANCE,447,447,430,431.7,447.7,4722746,2067108827,-3.573821756
16-09-1996,RELIANCE,199.05,199.05,191.4,192.9,200.05,7469400,1458854500,-3.574106473
13-10-2016,RELIANCE,1089,1089.05,1052,1057.15,1096.35,5014667,5354276741,-3.575500524
12-04-2021,RELIANCE,1959,1961.4,1900.25,1911.15,1982.05,9646031,18549212835,-3.577104513
05-12-2008,RELIANCE,1175,1182,1103,1117.6,1159.1,6679613,7608186402,-3.580364076
20-05-2014,RELIANCE,1127.9,1129,1075.7,1079.85,1120.05,5145199,5605582755,-3.589125485
28-08-2008,RELIANCE,2168,2168,2052.8,2070.85,2148,4800181,10086104297,-3.591713222
28-08-2008,RELIANCE,2168,2168,2052.8,2070.85,2148,4800181,10086104297,-3.591713222
15-04-2003,RELIANCE,293,293.2,274.15,282.3,292.85,5846070,1644447862,-3.602526891
19-09-1996,RELIANCE,205.95,207.55,197,197.95,205.35,8776600,1766817200,-3.603603604
23-04-1998,RELIANCE,196.9,197.8,189.7,190.9,198.05,9297250,1805489153,-3.610199445
27-04-2007,RELIANCE,1612,1612,1532,1539.2,1596.85,3137369,4877909885,-3.610232646
26-02-2013,RELIANCE,849.7,849.7,818.75,823.5,854.35,3080139,2560792338,-3.610932288
09-06-1999,RELIANCE,190,192,186.15,187.95,195,12463411,2357497380,-3.615384615
18-09-2001,RELIANCE,260,278.5,250,253.15,262.65,6214991,1629138532,-3.616980773
25-05-2010,RELIANCE,1025,1025,982.75,985.65,1022.65,5770796,5748061107,-3.618051142
12-12-1997,RELIANCE,156.9,156.9,149.8,150.45,156.1,13504300,2061101345,-3.619474696
29-09-1998,RELIANCE,125.45,126.85,119.55,120.75,125.3,8627150,1062333975,-3.631284916
03-08-2005,RELIANCE,759.8,759.9,710.65,714.5,741.45,26136379,19216371705,-3.634769708
15-10-1999,RELIANCE,242.15,244,232.5,234.25,243.1,5910551,1407086840,-3.64047717
28-05-2004,RELIANCE,447.05,450.9,426.2,432.7,449.05,8904917,3931439445,-3.641019931
31-05-2013,RELIANCE,834.1,835.75,802.1,806.3,836.8,3922347,3185458371,-3.644837476
25-09-2014,RELIANCE,966.1,967.8,922.65,929.85,965.05,7564288,7108405620,-3.647479405
23-07-1998,RELIANCE,141.3,141.45,135.15,135.7,140.85,5481600,759255765,-3.656372027
18-03-2011,RELIANCE,1035,1035,986.6,993,1030.85,9258050,9249839598,-3.671727215
29-12-2011,RELIANCE,733.65,739,707.2,711.9,739.05,5449524,3924180528,-3.673635072
05-02-2010,RELIANCE,975,1007.75,975,981.7,1019.15,6830723,6766808195,-3.67463082
31-03-2008,RELIANCE,2305,2335,2250.1,2265.8,2352.45,3096566,7083057330,-3.683393908
07-03-2022,RELIANCE,2278.7,2312.1,2222,2239.55,2325.55,8299295,18730168161,-3.698049924
03-08-1995,RELIANCE,279,280,263.5,266.9,277.15,4331350,1175435393,-3.69835829
01-11-2007,RELIANCE,2820,2839,2650.05,2680.6,2783.8,5986480,16452959219,-3.707162871
17-04-1999,RELIANCE,131.95,136.8,116.6,122,126.7,12233294,1564896783,-3.709550118
19-02-2004,RELIANCE,605.1,609,580.05,582.35,604.85,8352121,4952229101,-3.719930561
26-06-2014,RELIANCE,1025,1026.9,1006.7,1011.9,1051,5595871,5686797750,-3.720266413
29-07-2020,RELIANCE,2177.9,2182.8,2070.45,2096.65,2177.7,33536361,71241119090,-3.721816595
12-12-2011,RELIANCE,760.55,762,724,727.5,755.7,5097034,3775172444,-3.731639539
20-11-2020,RELIANCE,1975,1983.8,1895,1899.5,1973.15,26522972,51010821673,-3.732610293
19-11-1997,RELIANCE,162.8,162.8,156.6,157.3,163.4,11520100,1824624828,-3.733170135
12-07-1996,RELIANCE,175.5,175.95,168.55,170.1,176.7,24598550,4232747113,-3.735144312
20-01-2016,RELIANCE,1034.9,1034.9,990,1004.55,1043.6,10312353,10404327994,-3.741855117
21-01-2004,RELIANCE,571.25,579.7,547.6,552.95,574.45,6471951,3661410605,-3.742710419
16-11-1998,RELIANCE,121.15,121.15,117.5,118.2,122.8,9553150,1140880023,-3.745928339
24-02-1997,RELIANCE,264.3,264.5,255.05,256.3,266.3,8546150,2214690620,-3.75516335
08-11-1995,RELIANCE,254.95,254.95,247.05,248.25,257.95,5078750,1273633540,-3.760418686
20-01-2009,RELIANCE,1216.8,1216.8,1168,1183.65,1229.9,4647100,5547561689,-3.760468331
23-02-2004,RELIANCE,589,594,560.1,565.35,587.45,9391243,5410530168,-3.7620223
28-02-2007,RELIANCE,1350.1,1380,1331.15,1352.5,1405.45,7056818,9629990425,-3.767476609
12-11-2008,RELIANCE,1200,1206.6,1142.55,1162.2,1207.7,8267192,9722849851,-3.767491927
02-03-2007,RELIANCE,1371,1371,1308,1316.2,1367.75,4747034,6371126584,-3.768963626
16-12-2011,RELIANCE,749,844.6,716.05,721.85,750.15,5828713,4321721691,-3.772578818
03-11-1999,RELIANCE,240.4,240.4,222.3,225.45,234.3,12556366,2880135666,-3.777208707
27-07-2009,RELIANCE,1950,1995,1906.65,1940.65,2016.85,6017644,11609959806,-3.778168927
04-12-1995,RELIANCE,236,244,228.2,230.65,239.75,15667900,3667816720,-3.795620438
15-07-2020,RELIANCE,1937.95,1978.8,1798,1844,1917,64458598,1.24E+11,-3.808033385
11-09-2006,RELIANCE,1132,1134.95,1083,1087.7,1130.8,4762799,5253284046,-3.811460913
17-10-2011,RELIANCE,867,868.85,831.15,833.8,866.9,5040808,4235975716,-3.818202792
08-12-2011,RELIANCE,802,807.7,772.1,778.85,809.8,4442697,3484760626,-3.821931341
01-09-1998,RELIANCE,106.9,106.9,102,103,107.1,7218100,751186412.5,-3.828197946
21-07-2000,RELIANCE,357,357,342.25,343.9,357.6,10264940,3560761393,-3.831096197
27-07-2007,RELIANCE,1919.8,1936,1855,1867.5,1941.95,6558586,12377741142,-3.833775329
10-12-2018,RELIANCE,1110,1114.3,1083.1,1090.25,1133.8,9381544,10236937615,-3.841065444
20-07-1999,RELIANCE,183.05,184.4,177,178.2,185.35,9224853,1667933475,-3.857566766
20-07-1999,RELIANCE,183.05,184.4,177,178.2,185.35,9224853,1667933475,-3.857566766
08-03-2000,RELIANCE,246.9,250.5,230,232.95,242.3,7256376,1747186461,-3.858852662
27-04-1995,RELIANCE,273.35,273.65,259,262.45,273,530800,140992020,-3.864468864
25-06-2002,RELIANCE,277,281.6,268,272.8,283.8,10139829,2771846798,-3.875968992
17-04-2013,RELIANCE,805.85,809.6,769.2,773.7,804.95,7338828,5737330602,-3.88222871
18-10-2007,RELIANCE,2750,2989,2526,2583.15,2687.55,7574262,20561355652,-3.884578892
13-08-2001,RELIANCE,339.5,340.9,324.6,326.55,339.8,1985420,657422822.5,-3.89935256
17-12-1998,RELIANCE,112.5,115.15,111.65,112,116.55,6120650,694143022.5,-3.903903904
09-05-2022,RELIANCE,2574.95,2597.1,2507,2518.3,2620.65,8345649,21204215137,-3.905519623
12-05-2006,RELIANCE,1120.55,1120.55,1057,1066.85,1110.25,8558303,9228915646,-3.909029498
18-03-2020,RELIANCE,1025.3,1035.9,961,968.5,1008,20450497,20290776264,-3.918650794
07-03-1995,RELIANCE,281.1,283,271,272.9,284.05,444500,123254922.5,-3.925365253
17-12-2007,RELIANCE,2850.05,2888,2710,2775.1,2888.65,3594591,10117130832,-3.930901978
24-03-2003,RELIANCE,292.9,292.9,281.55,282.85,294.45,3978037,1140923754,-3.93954831
18-03-2004,RELIANCE,542,544.1,515.35,519.1,540.4,11184854,5920472815,-3.941524796
03-10-2024,RELIANCE,2873.15,2898.8,2804.15,2813.95,2929.65,18878647,53746234226,-3.949277217
09-01-2009,RELIANCE,1210,1210,1093.65,1153.25,1200.75,9488130,10823186593,-3.95586092
11-02-2016,RELIANCE,962.85,965.95,915.5,924.55,962.65,3912163,3678803898,-3.957824755
26-10-2020,RELIANCE,2101.95,2101.95,2018.5,2029.1,2113.05,17225340,35358322556,-3.972930125
17-01-1996,RELIANCE,185,185.25,177.05,178.6,186,10697700,1943389213,-3.978494624
03-03-1998,RELIANCE,166.5,168,158.6,160.45,167.1,7098400,1148448120,-3.979652902
20-10-1998,RELIANCE,105.6,105.6,99.6,101.3,105.5,7844400,798850080,-3.981042654
15-06-1998,RELIANCE,151.3,151.3,145,145.7,151.75,4341550,640247485,-3.986820428
10-03-1999,RELIANCE,151.75,151.75,142.25,144,150,7933650,1161471710,-4
08-01-1996,RELIANCE,202,202.15,192.3,194.3,202.4,6675550,1318917333,-4.001976285
10-11-2015,RELIANCE,957,959.5,916.3,922.75,961.25,2625561,2450815117,-4.00520156
17-02-2009,RELIANCE,1301.15,1307,1258.2,1267.3,1320.2,3828752,4883192869,-4.006968641
30-06-2008,RELIANCE,2180,2216.9,2078,2095.15,2182.65,6026649,12945456860,-4.008888278
20-08-2015,RELIANCE,959.95,959.95,913.75,916.3,954.6,4344929,4038760044,-4.012151687
19-01-1999,RELIANCE,133.5,133.5,129.5,130.05,135.5,9965500,1307201665,-4.022140221
20-01-1995,RELIANCE,284,285.45,271,272.5,283.95,165400,45770670,-4.03240007
24-01-2022,RELIANCE,2475,2504.75,2355.1,2377.9,2477.85,10092511,24409735847,-4.033738927
17-04-2000,RELIANCE,286.1,300.8,286.1,298.4,310.95,15931668,4668548183,-4.036018653
14-05-2020,RELIANCE,1469,1496.7,1430.05,1435.95,1496.45,22736714,33141191470,-4.042901534
20-06-2013,RELIANCE,817.9,817.9,795,798,831.7,3982470,3203625780,-4.051941806
22-03-1996,RELIANCE,206.95,206.95,198.5,202.35,210.9,24093300,4872162000,-4.054054054
01-07-2011,RELIANCE,907,907,856.7,861.95,898.5,6555284,5703225533,-4.067890929
30-01-2008,RELIANCE,2545.2,2598,2453,2471.9,2576.9,2497759,6247876035,-4.074663355
20-06-2011,RELIANCE,875,875,828.1,833.25,868.75,6926078,5868846154,-4.086330935
04-11-1996,RELIANCE,195,195,186.8,188.7,196.75,7849500,1491666043,-4.091486658
11-09-2008,RELIANCE,2070,2070,1982.25,1997.4,2082.65,5691958,11433257418,-4.093342616
13-12-1994,RELIANCE,345,346,329,332.75,347,55800,18709175,-4.106628242
23-10-2000,RELIANCE,298,298,283.35,285.85,298.1,3537551,1017854193,-4.109359275
02-04-2007,RELIANCE,1355,1358.8,1305.25,1313.95,1370.3,3290334,4372663351,-4.112238196
23-10-2009,RELIANCE,2146.2,2154.3,2037.6,2047.35,2135.2,5039726,10482736869,-4.114368677
27-11-1996,RELIANCE,183,183,177.25,181.6,189.4,7942250,1433721818,-4.118268215
22-03-2012,RELIANCE,765.9,771.45,732,736.35,768.05,6684658,5000241563,-4.12733546
16-03-1999,RELIANCE,138.4,139.75,133.5,133.5,139.25,6336150,868016365,-4.129263914
04-06-2008,RELIANCE,2409,2444,2285,2307,2406.65,3894687,9216073224,-4.140610392
28-04-2010,RELIANCE,1053.95,1053.95,1012,1017.25,1061.25,9168538,9459637581,-4.146054181
28-02-2020,RELIANCE,1354.9,1357,1325,1328.65,1386.25,17973847,24066201012,-4.15509468
01-02-1995,RELIANCE,275,279,257.1,261.05,272.45,387250,103804752.5,-4.184253992
02-02-2018,RELIANCE,935,943.95,901,904.35,943.85,13242095,12149575193,-4.184987021
23-05-2013,RELIANCE,811.65,816,780.1,784.45,818.75,2925439,2330625124,-4.189312977
11-11-2020,RELIANCE,2089,2095,1978.1,1997.2,2084.55,26178477,53084610845,-4.190352834
28-05-1998,RELIANCE,172.6,174.1,165.7,166.3,173.6,11849200,2010314098,-4.205069124
25-01-1996,RELIANCE,160.1,160.8,152.75,153.7,160.45,12883650,2024194445,-4.206918043
11-07-2002,RELIANCE,276,276.6,264.7,265.65,277.35,2568911,694089994.3,-4.218496485
10-07-2009,RELIANCE,1853,1866.95,1745,1775.15,1853.4,4201235,7646205178,-4.221970433
23-01-1996,RELIANCE,174.1,174.85,157,166.15,173.5,12671700,2162749773,-4.236311239
15-05-2006,RELIANCE,1070,1070,1011.55,1021.65,1066.85,9724804,10087859743,-4.236771805
21-02-1995,RELIANCE,256,256,240.3,242.5,253.25,291650,71752495,-4.244817374
08-12-1995,RELIANCE,220.95,222.9,207.5,210.1,219.45,12319250,2639725615,-4.260651629
17-06-2009,RELIANCE,2125.8,2178,2036.35,2051.35,2143.35,4919878,10424138413,-4.292346094
20-05-1999,RELIANCE,183.1,185.9,175.6,175.6,183.5,13562166,2449297288,-4.305177112
05-03-2007,RELIANCE,1300,1301,1248.2,1259.35,1316.2,5389119,6838507150,-4.319252393
19-08-1998,RELIANCE,114.9,117,105.55,109.5,114.45,15000450,1664437270,-4.325032765
19-10-2018,RELIANCE,1100,1111,1070.25,1101.3,1151.3,25421229,27761323831,-4.342916703
15-07-1999,RELIANCE,195.5,198.4,182.2,185.65,194.1,13208267,2527047419,-4.353426069
02-03-2001,RELIANCE,440,451,415.15,419.1,438.2,13416273,5859430801,-4.358740301
22-06-2009,RELIANCE,2047.7,2050,1932.55,1952.5,2041.5,4621154,9186613564,-4.359539554
19-10-2007,RELIANCE,2624,2700,2419.7,2469.3,2583.15,5322440,13265206904,-4.407409558
12-12-1994,RELIANCE,355,355.5,344,347,363,54750,19063100,-4.407713499
16-08-2013,RELIANCE,865,867,817.15,826.7,865,6245328,5225215481,-4.427745665
22-11-2021,RELIANCE,2436.1,2449,2351,2363.75,2473.3,11133364,26500112858,-4.429304977
27-10-1997,RELIANCE,380.9,393.25,376.65,378.4,395.95,12451750,4746274098,-4.432377825
19-08-1996,RELIANCE,205.5,206,196.1,197.25,206.4,8030600,1616493530,-4.433139535
29-07-2008,RELIANCE,2139.8,2158.95,2075,2083.1,2179.9,3553556,7499873203,-4.440570668
31-01-2002,RELIANCE,321,321,297.6,300.1,314.05,6775563,2080404298,-4.44196784
20-04-2015,RELIANCE,937.3,937.45,878.5,885.65,926.85,8601165,7754013935,-4.445163727
12-04-2000,RELIANCE,357,360,334.4,337.95,353.75,17263869,5987045070,-4.466431095
08-10-2012,RELIANCE,854.55,854.55,816.25,819.4,857.8,4775793,3956202189,-4.476567965
17-09-2009,RELIANCE,2185,2200,2071,2086.15,2184,16579451,35086011386,-4.480311355
17-11-2011,RELIANCE,845.05,848.65,806.25,809.95,848.1,5538055,4570516181,-4.498290296
17-11-2011,RELIANCE,845.05,848.65,806.25,809.95,848.1,5538055,4570516181,-4.498290296
25-07-1996,RELIANCE,215.8,219,206.9,207.95,217.75,21194100,4507392845,-4.500574053
26-08-2011,RELIANCE,751,756.1,712,719.4,753.5,4457788,3277758581,-4.525547445
27-05-1998,RELIANCE,181,181,172.65,173.6,181.85,9043850,1599613353,-4.536706076
06-01-2015,RELIANCE,870,873,832,836.1,875.85,4258043,3609133017,-4.538448364
18-08-1998,RELIANCE,119.75,119.8,114.1,114.45,119.9,7541800,877135030,-4.545454545
09-01-1995,RELIANCE,319.25,319.25,299,302.35,316.75,264800,79692617.5,-4.54617206
18-03-1996,RELIANCE,217.45,218,208.9,209.7,219.7,23825350,5076898248,-4.551661356
12-05-1999,RELIANCE,169,169.45,153.35,159,166.6,17080309,2760474191,-4.56182473
24-11-1997,RELIANCE,154,156.75,147.65,148.3,155.4,9583350,1445675188,-4.568854569
29-04-2002,RELIANCE,289,289,272.65,275.3,288.5,4719600,1309507197,-4.575389948
07-03-2000,RELIANCE,257,259,240,242.3,253.95,9560450,2362870280,-4.587517228
19-06-1998,RELIANCE,147.15,147.15,141,142.05,148.9,5047900,724408625,-4.600402955
02-05-2000,RELIANCE,348,354.65,325.25,329.15,345.05,16424665,5536062859,-4.608027822
12-01-1998,RELIANCE,163.1,163.1,155.1,156.4,164,8370350,1320647508,-4.634146341
17-08-2009,RELIANCE,2009,2010,1925,1941.95,2036.45,3433349,6745938773,-4.640428196
20-11-2001,RELIANCE,310,311,288,291.05,305.25,3166328,942968915.4,-4.651924652
27-02-2012,RELIANCE,821.8,825.6,765.35,781.45,819.95,6348215,5043595109,-4.695408257
13-06-2006,RELIANCE,890,890,851,858.65,901.05,7244040,6261391957,-4.70562122
23-06-2004,RELIANCE,435.5,435.5,409.15,411.25,431.75,11069288,4646684579,-4.748118124
18-06-2001,RELIANCE,355.1,357,339.1,340.6,357.6,3960505,1360087427,-4.753914989
07-07-2006,RELIANCE,1094,1094,1026.25,1031.6,1083.25,6609409,6993420603,-4.768059081
28-04-1995,RELIANCE,262,263.5,246.5,249.9,262.45,881450,223980200,-4.781863212
12-01-2009,RELIANCE,1139.7,1145,1085,1097.9,1153.25,7364584,8119607669,-4.799479731
10-03-1997,RELIANCE,294.4,294.4,284.6,286.2,300.7,13707900,3973567015,-4.822081809
21-05-1999,RELIANCE,179,179.6,165,167.1,175.6,12016062,2058187006,-4.840546697
07-07-2005,RELIANCE,641.4,641.4,609.3,613.95,645.2,8735824,5454332716,-4.843459392
22-12-2008,RELIANCE,1305,1352.4,1279,1285.55,1351.3,4876273,6438251110,-4.865684896
13-03-2001,RELIANCE,401.05,418.5,375.4,388.1,408,5264998,2091834980,-4.87745098
09-07-1996,RELIANCE,187.05,207,172,179.3,188.55,19345150,3544119230,-4.905860514
27-04-2004,RELIANCE,560,560,537.35,539.45,567.3,6683172,3628228190,-4.909219108
10-01-1995,RELIANCE,303,303,283,287.35,302.35,351750,101150962.5,-4.961137754
28-11-1997,RELIANCE,166.1,166.1,156.7,158.65,166.95,13317000,2132188513,-4.971548368
07-02-2008,RELIANCE,2520,2580,2407.1,2425.45,2552.5,3133544,7753332801,-4.977473066
22-05-2006,RELIANCE,995,999,840,929.4,978.1,12911483,12179758720,-4.979040998
24-02-2022,RELIANCE,2305,2339.9,2243.4,2255.75,2374.05,11466725,26272008238,-4.98304585
03-10-2001,RELIANCE,261,261.9,242.1,246.6,259.55,7136734,1808860872,-4.989404739
21-05-2002,RELIANCE,272.6,273.35,248.6,262.25,276.2,5668316,1477976931,-5.050687907
01-08-2007,RELIANCE,1865,1875,1791.2,1797.75,1893.5,4187001,7645947588,-5.056773171
21-08-2013,RELIANCE,833,834.7,780.2,783.6,825.35,3591352,2901671720,-5.058460047
24-07-2000,RELIANCE,341.05,341.05,324.15,326.5,343.9,6016447,1996860587,-5.059610352
05-03-2009,RELIANCE,1208,1220,1142.25,1149.8,1211.1,7117449,8298314693,-5.061514326
11-05-2006,RELIANCE,1175,1184.4,1101,1110.25,1169.8,12118649,13699737107,-5.09061378
25-04-1996,RELIANCE,257,262.5,238,242.3,255.3,22143750,5609156093,-5.09204857
16-08-2007,RELIANCE,1792,1792,1725,1739.05,1833.05,4004899,6987908608,-5.128065246
16-02-2009,RELIANCE,1384.45,1397.05,1311.1,1320.2,1392.4,4594188,6164542556,-5.185291583
28-08-1998,RELIANCE,113.05,113.05,107.3,107.8,113.7,8790250,956693310,-5.189094107
16-04-2009,RELIANCE,1811.1,1840,1718.35,1735,1830.05,6619758,11743094848,-5.193847163
08-10-1998,RELIANCE,115.5,116.25,108,108.6,114.55,11851150,1323164105,-5.194238324
08-10-1998,RELIANCE,115.5,116.25,108,108.6,114.55,11851150,1323164105,-5.194238324
09-05-2008,RELIANCE,2665.5,2673.65,2510,2528.4,2667.25,3507684,9085415060,-5.205736245
19-03-2020,RELIANCE,920.1,967,892.2,917.7,968.5,28072062,25794360274,-5.245224574
18-01-2016,RELIANCE,1075,1083.95,1008.1,1016.85,1073.3,6229959,6540923210,-5.259480108
20-02-1996,RELIANCE,230,230.95,215,217.95,230.1,22818950,5104546538,-5.280312907
25-01-2021,RELIANCE,2034.95,2034.95,1932,1941,2049.6,25016570,49191602456,-5.298594848
11-03-1997,RELIANCE,284,287,268,270.95,286.2,20267850,5625446745,-5.328441649
21-11-1995,RELIANCE,233.05,233.75,215,220.5,233.05,6859100,1562180610,-5.385110491
21-01-2009,RELIANCE,1160,1182.9,1110,1119.85,1183.65,4967385,5721473612,-5.390106873
18-09-2000,RELIANCE,363,363,343.15,346.2,365.95,5241140,1849613755,-5.396912146
06-03-2000,RELIANCE,268.45,283.85,247,253.95,268.45,10430713,2784023776,-5.401378283
28-07-1995,RELIANCE,285,285,273.25,277.6,293.5,2701450,748897655,-5.417376491
28-02-2002,RELIANCE,326.8,329.35,305.05,307.85,325.75,5975319,1896386283,-5.495011512
03-02-1997,RELIANCE,259.5,264.75,250,253.05,267.8,13783000,3568059255,-5.507841673
13-03-2008,RELIANCE,2290,2325,2201.6,2243.05,2374.6,4050878,9160961380,-5.539880401
11-05-2004,RELIANCE,510.6,511,483.65,490.25,519.2,7292002,3641506462,-5.575885978
22-10-2008,RELIANCE,1372.55,1373.55,1305.5,1316.8,1394.95,4467280,5953159288,-5.602351339
06-05-1996,RELIANCE,254,255.4,244.3,245.6,260.2,21102750,5277803568,-5.611068409
13-05-1998,RELIANCE,185,185,172.3,174.8,185.35,9114100,1637535458,-5.691934179
12-01-1995,RELIANCE,294,297.5,277.5,278.25,295.25,375850,106357107.5,-5.757832345
19-05-2009,RELIANCE,2450,2500,2200,2230.9,2367.55,10473822,23953897351,-5.771789403
26-04-1999,RELIANCE,122,123,119.15,119.15,126.5,6610918,800385405.7,-5.81027668
03-11-2009,RELIANCE,1920.05,1924.8,1802.25,1818.55,1931.15,4898276,9171402948,-5.830722626
02-06-1998,RELIANCE,166,166,153.8,155.55,165.25,21936150,3504420895,-5.8698941
27-05-1999,RELIANCE,162.25,167,154.2,154.2,163.95,9909328,1617181565,-5.946935041
22-09-2011,RELIANCE,823.95,827.9,780,786.35,837.6,6239874,5010973317,-6.118672397
17-03-2008,RELIANCE,2261.1,2273,2155,2180.2,2322.6,4709376,10369043977,-6.131060019
19-03-1996,RELIANCE,209,212.8,192.5,196.8,209.7,37034500,7604854723,-6.151645207
11-02-2008,RELIANCE,2414,2414,2235,2277,2426.4,4760592,10952777557,-6.15727003
17-10-2008,RELIANCE,1400,1440,1286.8,1306.05,1391.95,7155727,9798052033,-6.171198678
12-05-2020,RELIANCE,1564.8,1568.35,1465,1479.25,1576.8,46029119,69568011663,-6.186580416
15-10-2008,RELIANCE,1590.05,1599.7,1506.45,1520.2,1621.05,5172738,8012292618,-6.221276333
10-03-2000,RELIANCE,234,234.8,214.6,216.85,231.3,6597169,1472215055,-6.247297882
29-02-1996,RELIANCE,224,224.8,210.5,211.85,226,24917100,5411708748,-6.261061947
12-02-1996,RELIANCE,231,235,219,222.15,237,34689050,7909962900,-6.265822785
03-09-2013,RELIANCE,888.2,891.7,828.3,831,886.75,3960633,3374797750,-6.287003101
13-03-2000,RELIANCE,219.9,229.5,200.3,203.2,216.85,10765401,2340023284,-6.294673738
25-11-2008,RELIANCE,1170,1188.8,1051,1071.8,1144.8,7571705,8528999587,-6.376659679
03-03-2008,RELIANCE,2399.8,2399.8,2289.55,2306,2463.45,3028734,7098469503,-6.391442895
11-01-2000,RELIANCE,307.95,310.95,283.85,288.5,308.5,12544322,3718192071,-6.482982172
05-10-2018,RELIANCE,1099.5,1115.3,1038.15,1048.85,1122.25,21943190,23681863862,-6.540432168
18-01-2008,RELIANCE,2975,2975,2780,2799.6,2996.55,5803304,16798594190,-6.572558442
25-09-2001,RELIANCE,225.1,229,203.6,206.6,221.15,7120552,1544655668,-6.579244856
20-06-2008,RELIANCE,2260.05,2260.05,2075.3,2099.2,2248.15,5356849,11491525191,-6.62544759
06-07-2009,RELIANCE,2048,2052,1861.05,1893.15,2027.65,5923485,11580531221,-6.633294701
09-04-2001,RELIANCE,380.2,383.7,351.75,357.25,382.75,4892591,1761500624,-6.662312214
29-02-2000,RELIANCE,337.9,342.85,306.45,310.85,333.1,9970107,3295421787,-6.679675773
03-07-1996,RELIANCE,201.5,201.95,188.5,190.65,204.35,23045600,4486939305,-6.704183998
14-05-2004,RELIANCE,510,517.8,471.2,477.1,511.45,12309172,6052056903,-6.716199042
20-11-2008,RELIANCE,1085,1099,1040,1056.05,1132.45,7752644,8275348860,-6.746434721
13-03-1995,RELIANCE,282,282,250,267.05,286.45,938950,253551795,-6.772560656
06-10-2008,RELIANCE,1729,1749,1632.6,1641.6,1761.45,6053146,10247742586,-6.804053479
04-10-2018,RELIANCE,1189.5,1190.4,1106,1122.25,1205.1,23212443,26471556957,-6.874948137
09-12-1997,RELIANCE,168,169.55,152.1,155.95,167.55,17631250,2850915733,-6.923306476
25-07-2008,RELIANCE,2338.45,2338.45,2135,2147.1,2308.05,7129220,15440311377,-6.97341912
14-10-1997,RELIANCE,428,433.15,391,399.5,430.2,29622600,12399127918,-7.136215714
01-07-2022,RELIANCE,2574.9,2592,2365,2408.7,2595.65,37841671,92119994932,-7.202434843
22-01-2008,RELIANCE,2352.25,2488,2120,2357.45,2540.8,8766276,20475778809,-7.216231108
11-11-2008,RELIANCE,1280.1,1290,1194.05,1207.7,1303.1,6816077,8317556196,-7.32100376
10-10-2008,RELIANCE,1599.7,1599.7,1477,1527.6,1648.55,8394546,12881894948,-7.336750478
22-02-1999,RELIANCE,142.9,142.9,131,131,141.4,12907500,1780971163,-7.355021216
01-11-1999,RELIANCE,235.1,236,216.65,217.85,235.45,8166939,1842358511,-7.475047781
04-06-2024,RELIANCE,2996.1,2996.1,2718.6,2794.55,3020.65,18354549,52141856367,-7.485143926
18-05-2006,RELIANCE,1065,1069.8,992.5,1004.8,1086.2,9549377,9799433944,-7.494015835
23-10-2008,RELIANCE,1271,1296.9,1195.4,1217.65,1316.8,7147612,8907164300,-7.529617254
08-06-2006,RELIANCE,881.1,885,807,825.7,893,11944784,10094572051,-7.536394177
02-05-1995,RELIANCE,249.5,249.5,230,230.95,249.9,788500,186161570,-7.583033213
03-10-2008,RELIANCE,1959,1959,1745.65,1761.45,1906.7,10688459,19284167489,-7.617873813
23-01-1995,RELIANCE,274.5,274.5,250.3,251.7,272.5,175050,44793455,-7.633027523
15-06-2009,RELIANCE,2359.7,2359.7,2165.3,2178.8,2362.1,7140962,15897843342,-7.760044029
06-11-2008,RELIANCE,1199.7,1233,1156.3,1170.55,1269.05,9580735,11472714170,-7.761711516
20-07-2023,RELIANCE,2580,2630.95,2580,2619.85,2841.85,19358812,50603956720,-7.811812728
20-07-2023,RELIANCE,2580,2630.95,2580,2619.85,2841.85,19358812,50603956720,-7.811812728
12-03-2020,RELIANCE,1085,1101,1048.7,1063,1153.55,25588170,27538049024,-7.849681418
02-03-2000,RELIANCE,318.85,322,291.5,291.75,316.8,12536245,3819642280,-7.90719697
05-04-1999,RELIANCE,126,127.55,120.8,120.85,131.3,4609093,573089050.5,-7.95887281
05-10-1998,RELIANCE,118.55,118.55,109.75,109.75,119.25,5921350,660622697.5,-7.966457023
03-03-2000,RELIANCE,286.1,286.1,268.45,268.45,291.75,4636776,1262936154,-7.986289632
04-04-2000,RELIANCE,326,326,302.35,302.35,328.6,13530488,4197702671,-7.988435788
13-04-2000,RELIANCE,331.1,331.1,310.95,310.95,337.95,225213,70104143.85,-7.989347537
10-04-2001,RELIANCE,355.2,355.2,326.3,328.6,357.25,3654586,1237828989,-8.019594122
16-03-2020,RELIANCE,1060.55,1079.7,1005,1015.7,1105.3,17594729,18418745886,-8.106396453
28-11-1995,RELIANCE,212,214.9,199.55,200.9,218.65,6543750,1362913258,-8.117996799
03-07-2001,RELIANCE,349.6,352,324,329.4,358.65,4698452,1570766654,-8.155583438
12-04-2001,RELIANCE,318,318,292.1,297.35,324.25,6499976,1992370592,-8.296067849
06-02-1996,RELIANCE,226.05,230,197.6,202.25,220.75,44354450,9671052220,-8.380520951
16-10-2008,RELIANCE,1450,1465,1325,1391.95,1520.2,10250021,14197431227,-8.436389949
02-11-2020,RELIANCE,2027,2027,1859.15,1877.45,2054.5,45857806,88393320147,-8.617668532
24-08-2015,RELIANCE,880,880,818,829.55,907.95,8145723,6968383326,-8.63483672
21-01-2008,RELIANCE,2779.8,2779.8,2345.25,2540.8,2799.6,8279575,21798185632,-9.24417774
21-09-2001,RELIANCE,233.65,234,215.95,216.65,239.9,5247232,1182977643,-9.691538141
24-07-1996,RELIANCE,235.05,235.05,217.15,217.75,241.25,15986900,3546277888,-9.740932642
28-10-1997,RELIANCE,377.1,377.1,340.6,341.15,378.4,14818300,5161429805,-9.844080338
31-03-1997,RELIANCE,271.2,271.2,262.45,262.8,291.6,130200,34792265,-9.87654321
14-09-2001,RELIANCE,291.7,291.7,261.3,261.3,290.3,2255672,613875668.7,-9.989665863
05-12-1995,RELIANCE,226.5,227,202.6,205.35,230.65,19286900,4156466288,-10.96900065
09-03-2020,RELIANCE,1240.05,1241,1095,1114.15,1271,40317808,46105953149,-12.34067663
07-01-2009,RELIANCE,1369,1386,1175,1200.75,1370.9,8500550,10744036760,-12.41155445
05-11-2008,RELIANCE,1505.2,1505.2,1238.3,1269.05,1451.6,11704998,15578041198,-12.57577845
23-03-2020,RELIANCE,916.2,950,875.65,884.05,1017.95,18593713,16721615106,-13.15388772
17-05-2004,RELIANCE,470,471.9,381.7,404.3,477.1,9367243,3977687291,-15.25885559
24-10-2008,RELIANCE,1200,1209.8,990,1019.5,1217.65,9257453,10232984618,-16.2731491
18-01-2006,RELIANCE,580.1,727.4,580.1,693.7,928.5,61000245,43253436014,-25.28809908
05-11-1997,RELIANCE,184,187.25,181.65,182.65,354.15,6848700,1258581630,-48.42580827
28-10-2024,RELIANCE,1337,1353,1322.1,1334.35,2655.7,10824350,14479733719,-49.75524344
07-09-2017,RELIANCE,823,832.5,815,818.1,1645.4,7408536,6093238362,-50.27956728
26-11-2009,RELIANCE,1111,1111,1053.3,1063.75,2194.7,5079362,5465159110,-51.53096095
